<?xml version="1.0" encoding="UTF-8" standalone="yes"?>
<gpx xmlns="http://www.topografix.com/GPX/1/1" xmlns:tt="TT" version="1.1" creator="TomTom MyDrive">
    <wpt lat="48.2118" lon="-3.0499">
        <type>TT_HARD</type>
    </wpt>
    <wpt lat="48.226834" lon="-3.175762">
        <type>TT_HARD</type>
    </wpt>
    <wpt lat="48.212776" lon="-3.128164">
        <type>TT_HARD</type>
    </wpt>
    <wpt lat="48.1996" lon="-3.1268">
        <type>TT_HARD</type>
    </wpt>
    <wpt lat="48.403322" lon="-2.910049">
        <type>TT_HARD</type>
    </wpt>
    <wpt lat="48.540978" lon="-2.433086">
        <type>TT_HARD</type>
    </wpt>
    <rte>
        <name>ROAD TRIP 12 09 - APREM</name>
        <rtept lat="48.2118" lon="-3.0499">
            <type>TT_HARD</type>
        </rtept>
        <rtept lat="48.226834" lon="-3.175762">
            <type>TT_HARD</type>
        </rtept>
        <rtept lat="48.212776" lon="-3.128164">
            <type>TT_HARD</type>
        </rtept>
        <rtept lat="48.1996" lon="-3.1268">
            <type>TT_HARD</type>
        </rtept>
        <rtept lat="48.403322" lon="-2.910049">
            <type>TT_HARD</type>
        </rtept>
        <rtept lat="48.540978" lon="-2.433086">
            <type>TT_HARD</type>
        </rtept>
    </rte>
    <trk>
        <name>ROAD TRIP 12 09 - APREM</name>
        <trkseg>
            <trkpt lat="48.21157" lon="-3.05024"/>
            <trkpt lat="48.21167" lon="-3.05039"/>
            <trkpt lat="48.21173" lon="-3.05053"/>
            <trkpt lat="48.21185" lon="-3.05092"/>
            <trkpt lat="48.21195" lon="-3.05114"/>
            <trkpt lat="48.21203" lon="-3.05128"/>
            <trkpt lat="48.21215" lon="-3.05152"/>
            <trkpt lat="48.21224" lon="-3.05177"/>
            <trkpt lat="48.21229" lon="-3.05196"/>
            <trkpt lat="48.21236" lon="-3.05232"/>
            <trkpt lat="48.21237" lon="-3.05246"/>
            <trkpt lat="48.21207" lon="-3.05207"/>
            <trkpt lat="48.21172" lon="-3.05185"/>
            <trkpt lat="48.21142" lon="-3.05171"/>
            <trkpt lat="48.21117" lon="-3.05153"/>
            <trkpt lat="48.21089" lon="-3.05114"/>
            <trkpt lat="48.21075" lon="-3.05098"/>
            <trkpt lat="48.21066" lon="-3.05092"/>
            <trkpt lat="48.21061" lon="-3.05092"/>
            <trkpt lat="48.21052" lon="-3.05092"/>
            <trkpt lat="48.21037" lon="-3.05096"/>
            <trkpt lat="48.21022" lon="-3.05106"/>
            <trkpt lat="48.21014" lon="-3.05113"/>
            <trkpt lat="48.21" lon="-3.05155"/>
            <trkpt lat="48.2098" lon="-3.05218"/>
            <trkpt lat="48.20972" lon="-3.05257"/>
            <trkpt lat="48.2097" lon="-3.05332"/>
            <trkpt lat="48.20973" lon="-3.05384"/>
            <trkpt lat="48.21035" lon="-3.05387"/>
            <trkpt lat="48.21063" lon="-3.05394"/>
            <trkpt lat="48.21083" lon="-3.05404"/>
            <trkpt lat="48.21098" lon="-3.0542"/>
            <trkpt lat="48.21099" lon="-3.0542"/>
            <trkpt lat="48.21101" lon="-3.05424"/>
            <trkpt lat="48.21106" lon="-3.0543"/>
            <trkpt lat="48.21117" lon="-3.05448"/>
            <trkpt lat="48.21122" lon="-3.05461"/>
            <trkpt lat="48.21135" lon="-3.0551"/>
            <trkpt lat="48.21147" lon="-3.05568"/>
            <trkpt lat="48.21161" lon="-3.05624"/>
            <trkpt lat="48.21182" lon="-3.0572"/>
            <trkpt lat="48.21217" lon="-3.05866"/>
            <trkpt lat="48.21226" lon="-3.05902"/>
            <trkpt lat="48.21249" lon="-3.06013"/>
            <trkpt lat="48.21256" lon="-3.06038"/>
            <trkpt lat="48.21289" lon="-3.06162"/>
            <trkpt lat="48.21298" lon="-3.06195"/>
            <trkpt lat="48.21311" lon="-3.06255"/>
            <trkpt lat="48.21342" lon="-3.06321"/>
            <trkpt lat="48.21367" lon="-3.0635"/>
            <trkpt lat="48.21424" lon="-3.06404"/>
            <trkpt lat="48.21462" lon="-3.06445"/>
            <trkpt lat="48.21497" lon="-3.06472"/>
            <trkpt lat="48.21522" lon="-3.06483"/>
            <trkpt lat="48.21536" lon="-3.06487"/>
            <trkpt lat="48.21596" lon="-3.06496"/>
            <trkpt lat="48.21632" lon="-3.06504"/>
            <trkpt lat="48.21682" lon="-3.06523"/>
            <trkpt lat="48.217" lon="-3.06536"/>
            <trkpt lat="48.21753" lon="-3.06562"/>
            <trkpt lat="48.21814" lon="-3.06583"/>
            <trkpt lat="48.21829" lon="-3.06655"/>
            <trkpt lat="48.21858" lon="-3.06811"/>
            <trkpt lat="48.21884" lon="-3.06958"/>
            <trkpt lat="48.21898" lon="-3.07019"/>
            <trkpt lat="48.21916" lon="-3.07143"/>
            <trkpt lat="48.21922" lon="-3.07197"/>
            <trkpt lat="48.21928" lon="-3.07303"/>
            <trkpt lat="48.21932" lon="-3.07456"/>
            <trkpt lat="48.21941" lon="-3.07617"/>
            <trkpt lat="48.21943" lon="-3.07647"/>
            <trkpt lat="48.21947" lon="-3.07756"/>
            <trkpt lat="48.21967" lon="-3.07983"/>
            <trkpt lat="48.21974" lon="-3.0805"/>
            <trkpt lat="48.21979" lon="-3.08118"/>
            <trkpt lat="48.2198" lon="-3.08163"/>
            <trkpt lat="48.21979" lon="-3.08197"/>
            <trkpt lat="48.2197" lon="-3.08284"/>
            <trkpt lat="48.21965" lon="-3.08318"/>
            <trkpt lat="48.21946" lon="-3.08407"/>
            <trkpt lat="48.21942" lon="-3.08436"/>
            <trkpt lat="48.21914" lon="-3.08593"/>
            <trkpt lat="48.21909" lon="-3.08614"/>
            <trkpt lat="48.21896" lon="-3.08684"/>
            <trkpt lat="48.21885" lon="-3.0877"/>
            <trkpt lat="48.21883" lon="-3.08821"/>
            <trkpt lat="48.21885" lon="-3.08909"/>
            <trkpt lat="48.21889" lon="-3.09036"/>
            <trkpt lat="48.21889" lon="-3.09119"/>
            <trkpt lat="48.2189" lon="-3.09154"/>
            <trkpt lat="48.21897" lon="-3.09219"/>
            <trkpt lat="48.21903" lon="-3.0925"/>
            <trkpt lat="48.21918" lon="-3.09304"/>
            <trkpt lat="48.21938" lon="-3.09352"/>
            <trkpt lat="48.21941" lon="-3.0935"/>
            <trkpt lat="48.21943" lon="-3.09349"/>
            <trkpt lat="48.21947" lon="-3.09348"/>
            <trkpt lat="48.2195" lon="-3.09348"/>
            <trkpt lat="48.21954" lon="-3.0935"/>
            <trkpt lat="48.21958" lon="-3.09353"/>
            <trkpt lat="48.21961" lon="-3.09356"/>
            <trkpt lat="48.21964" lon="-3.0936"/>
            <trkpt lat="48.21966" lon="-3.09366"/>
            <trkpt lat="48.21967" lon="-3.09372"/>
            <trkpt lat="48.21966" lon="-3.0938"/>
            <trkpt lat="48.21966" lon="-3.09386"/>
            <trkpt lat="48.21963" lon="-3.09391"/>
            <trkpt lat="48.21961" lon="-3.09395"/>
            <trkpt lat="48.21958" lon="-3.09399"/>
            <trkpt lat="48.21954" lon="-3.09401"/>
            <trkpt lat="48.21951" lon="-3.09403"/>
            <trkpt lat="48.21948" lon="-3.09404"/>
            <trkpt lat="48.21945" lon="-3.09403"/>
            <trkpt lat="48.21942" lon="-3.09402"/>
            <trkpt lat="48.21939" lon="-3.094"/>
            <trkpt lat="48.21927" lon="-3.09433"/>
            <trkpt lat="48.21919" lon="-3.09453"/>
            <trkpt lat="48.21913" lon="-3.09478"/>
            <trkpt lat="48.21881" lon="-3.09666"/>
            <trkpt lat="48.21866" lon="-3.09713"/>
            <trkpt lat="48.21829" lon="-3.09814"/>
            <trkpt lat="48.21828" lon="-3.09818"/>
            <trkpt lat="48.21791" lon="-3.09908"/>
            <trkpt lat="48.21732" lon="-3.10036"/>
            <trkpt lat="48.21729" lon="-3.10041"/>
            <trkpt lat="48.21579" lon="-3.10355"/>
            <trkpt lat="48.21497" lon="-3.10523"/>
            <trkpt lat="48.21458" lon="-3.10604"/>
            <trkpt lat="48.21435" lon="-3.10657"/>
            <trkpt lat="48.21416" lon="-3.10708"/>
            <trkpt lat="48.2139" lon="-3.10785"/>
            <trkpt lat="48.21383" lon="-3.10809"/>
            <trkpt lat="48.21351" lon="-3.10928"/>
            <trkpt lat="48.2134" lon="-3.10987"/>
            <trkpt lat="48.21329" lon="-3.11053"/>
            <trkpt lat="48.21317" lon="-3.11168"/>
            <trkpt lat="48.21314" lon="-3.11214"/>
            <trkpt lat="48.21313" lon="-3.11314"/>
            <trkpt lat="48.21316" lon="-3.11394"/>
            <trkpt lat="48.21322" lon="-3.11467"/>
            <trkpt lat="48.21333" lon="-3.11552"/>
            <trkpt lat="48.21362" lon="-3.11804"/>
            <trkpt lat="48.21373" lon="-3.11876"/>
            <trkpt lat="48.21396" lon="-3.11988"/>
            <trkpt lat="48.214" lon="-3.12012"/>
            <trkpt lat="48.21409" lon="-3.12069"/>
            <trkpt lat="48.21416" lon="-3.12128"/>
            <trkpt lat="48.21419" lon="-3.12153"/>
            <trkpt lat="48.21423" lon="-3.12184"/>
            <trkpt lat="48.21446" lon="-3.12382"/>
            <trkpt lat="48.21462" lon="-3.12521"/>
            <trkpt lat="48.21477" lon="-3.12651"/>
            <trkpt lat="48.21483" lon="-3.12702"/>
            <trkpt lat="48.21485" lon="-3.1272"/>
            <trkpt lat="48.21488" lon="-3.12754"/>
            <trkpt lat="48.21492" lon="-3.12803"/>
            <trkpt lat="48.215" lon="-3.12913"/>
            <trkpt lat="48.21502" lon="-3.12939"/>
            <trkpt lat="48.21502" lon="-3.12948"/>
            <trkpt lat="48.21504" lon="-3.12989"/>
            <trkpt lat="48.21507" lon="-3.13071"/>
            <trkpt lat="48.21508" lon="-3.13173"/>
            <trkpt lat="48.21508" lon="-3.13223"/>
            <trkpt lat="48.21508" lon="-3.13299"/>
            <trkpt lat="48.21508" lon="-3.13316"/>
            <trkpt lat="48.21507" lon="-3.13377"/>
            <trkpt lat="48.21505" lon="-3.13611"/>
            <trkpt lat="48.21501" lon="-3.13959"/>
            <trkpt lat="48.21504" lon="-3.14033"/>
            <trkpt lat="48.21508" lon="-3.14119"/>
            <trkpt lat="48.21509" lon="-3.14209"/>
            <trkpt lat="48.2151" lon="-3.1442"/>
            <trkpt lat="48.21509" lon="-3.14489"/>
            <trkpt lat="48.21506" lon="-3.14539"/>
            <trkpt lat="48.21502" lon="-3.14592"/>
            <trkpt lat="48.21483" lon="-3.14763"/>
            <trkpt lat="48.21457" lon="-3.15"/>
            <trkpt lat="48.21424" lon="-3.15276"/>
            <trkpt lat="48.2142" lon="-3.15312"/>
            <trkpt lat="48.21417" lon="-3.1536"/>
            <trkpt lat="48.21415" lon="-3.15431"/>
            <trkpt lat="48.21419" lon="-3.15439"/>
            <trkpt lat="48.21426" lon="-3.15583"/>
            <trkpt lat="48.21433" lon="-3.15718"/>
            <trkpt lat="48.21439" lon="-3.15774"/>
            <trkpt lat="48.21443" lon="-3.15799"/>
            <trkpt lat="48.21456" lon="-3.1585"/>
            <trkpt lat="48.2147" lon="-3.15892"/>
            <trkpt lat="48.21489" lon="-3.15934"/>
            <trkpt lat="48.21505" lon="-3.15962"/>
            <trkpt lat="48.21521" lon="-3.15984"/>
            <trkpt lat="48.21539" lon="-3.16002"/>
            <trkpt lat="48.21563" lon="-3.16018"/>
            <trkpt lat="48.21579" lon="-3.16027"/>
            <trkpt lat="48.21592" lon="-3.16033"/>
            <trkpt lat="48.21607" lon="-3.16036"/>
            <trkpt lat="48.21635" lon="-3.16036"/>
            <trkpt lat="48.21662" lon="-3.1603"/>
            <trkpt lat="48.21692" lon="-3.16019"/>
            <trkpt lat="48.21748" lon="-3.15991"/>
            <trkpt lat="48.21819" lon="-3.15958"/>
            <trkpt lat="48.21847" lon="-3.1595"/>
            <trkpt lat="48.2187" lon="-3.15948"/>
            <trkpt lat="48.21897" lon="-3.15951"/>
            <trkpt lat="48.2192" lon="-3.15957"/>
            <trkpt lat="48.21932" lon="-3.15963"/>
            <trkpt lat="48.21953" lon="-3.15977"/>
            <trkpt lat="48.21973" lon="-3.15994"/>
            <trkpt lat="48.21985" lon="-3.16009"/>
            <trkpt lat="48.21997" lon="-3.16028"/>
            <trkpt lat="48.22013" lon="-3.16058"/>
            <trkpt lat="48.22024" lon="-3.16087"/>
            <trkpt lat="48.22036" lon="-3.16126"/>
            <trkpt lat="48.22045" lon="-3.1617"/>
            <trkpt lat="48.2205" lon="-3.16206"/>
            <trkpt lat="48.22051" lon="-3.16218"/>
            <trkpt lat="48.22053" lon="-3.1625"/>
            <trkpt lat="48.22052" lon="-3.16305"/>
            <trkpt lat="48.22046" lon="-3.16363"/>
            <trkpt lat="48.22039" lon="-3.16406"/>
            <trkpt lat="48.2203" lon="-3.16464"/>
            <trkpt lat="48.22004" lon="-3.16618"/>
            <trkpt lat="48.21998" lon="-3.16652"/>
            <trkpt lat="48.21987" lon="-3.16725"/>
            <trkpt lat="48.21985" lon="-3.1676"/>
            <trkpt lat="48.21985" lon="-3.1677"/>
            <trkpt lat="48.21986" lon="-3.16797"/>
            <trkpt lat="48.21988" lon="-3.16817"/>
            <trkpt lat="48.21994" lon="-3.16853"/>
            <trkpt lat="48.22" lon="-3.16883"/>
            <trkpt lat="48.22013" lon="-3.16926"/>
            <trkpt lat="48.22021" lon="-3.16945"/>
            <trkpt lat="48.22043" lon="-3.16987"/>
            <trkpt lat="48.2205" lon="-3.17"/>
            <trkpt lat="48.22071" lon="-3.17027"/>
            <trkpt lat="48.22095" lon="-3.17049"/>
            <trkpt lat="48.2212" lon="-3.17067"/>
            <trkpt lat="48.22145" lon="-3.17078"/>
            <trkpt lat="48.22186" lon="-3.1709"/>
            <trkpt lat="48.22316" lon="-3.17115"/>
            <trkpt lat="48.22366" lon="-3.17128"/>
            <trkpt lat="48.2239" lon="-3.17138"/>
            <trkpt lat="48.22413" lon="-3.17152"/>
            <trkpt lat="48.2243" lon="-3.17165"/>
            <trkpt lat="48.22462" lon="-3.17184"/>
            <trkpt lat="48.22463" lon="-3.17187"/>
            <trkpt lat="48.2247" lon="-3.17189"/>
            <trkpt lat="48.22489" lon="-3.17193"/>
            <trkpt lat="48.22495" lon="-3.17196"/>
            <trkpt lat="48.22499" lon="-3.172"/>
            <trkpt lat="48.22502" lon="-3.17203"/>
            <trkpt lat="48.22504" lon="-3.1721"/>
            <trkpt lat="48.22505" lon="-3.17217"/>
            <trkpt lat="48.22505" lon="-3.17224"/>
            <trkpt lat="48.22503" lon="-3.17234"/>
            <trkpt lat="48.22502" lon="-3.17237"/>
            <trkpt lat="48.22497" lon="-3.17243"/>
            <trkpt lat="48.22503" lon="-3.17253"/>
            <trkpt lat="48.22533" lon="-3.1732"/>
            <trkpt lat="48.22547" lon="-3.17349"/>
            <trkpt lat="48.22634" lon="-3.17501"/>
            <trkpt lat="48.22673" lon="-3.17575"/>
            <trkpt lat="48.22677" lon="-3.17583"/>
            <trkpt lat="48.22677" lon="-3.17583"/>
            <trkpt lat="48.22689" lon="-3.17606"/>
            <trkpt lat="48.22705" lon="-3.17645"/>
            <trkpt lat="48.2271" lon="-3.17665"/>
            <trkpt lat="48.22713" lon="-3.17682"/>
            <trkpt lat="48.22717" lon="-3.17713"/>
            <trkpt lat="48.22719" lon="-3.17742"/>
            <trkpt lat="48.22718" lon="-3.17761"/>
            <trkpt lat="48.22718" lon="-3.17773"/>
            <trkpt lat="48.22717" lon="-3.17796"/>
            <trkpt lat="48.22716" lon="-3.17804"/>
            <trkpt lat="48.22717" lon="-3.17796"/>
            <trkpt lat="48.22718" lon="-3.17773"/>
            <trkpt lat="48.22718" lon="-3.17761"/>
            <trkpt lat="48.22719" lon="-3.17742"/>
            <trkpt lat="48.22717" lon="-3.17713"/>
            <trkpt lat="48.22713" lon="-3.17682"/>
            <trkpt lat="48.2271" lon="-3.17665"/>
            <trkpt lat="48.22705" lon="-3.17645"/>
            <trkpt lat="48.22689" lon="-3.17606"/>
            <trkpt lat="48.22673" lon="-3.17575"/>
            <trkpt lat="48.22634" lon="-3.17501"/>
            <trkpt lat="48.22547" lon="-3.17349"/>
            <trkpt lat="48.22533" lon="-3.1732"/>
            <trkpt lat="48.22503" lon="-3.17253"/>
            <trkpt lat="48.22497" lon="-3.17243"/>
            <trkpt lat="48.22502" lon="-3.17237"/>
            <trkpt lat="48.22503" lon="-3.17234"/>
            <trkpt lat="48.22505" lon="-3.17224"/>
            <trkpt lat="48.22505" lon="-3.17217"/>
            <trkpt lat="48.22504" lon="-3.1721"/>
            <trkpt lat="48.22502" lon="-3.17203"/>
            <trkpt lat="48.22499" lon="-3.172"/>
            <trkpt lat="48.22495" lon="-3.17196"/>
            <trkpt lat="48.22489" lon="-3.17193"/>
            <trkpt lat="48.2247" lon="-3.17189"/>
            <trkpt lat="48.22463" lon="-3.17187"/>
            <trkpt lat="48.22461" lon="-3.17189"/>
            <trkpt lat="48.22403" lon="-3.17159"/>
            <trkpt lat="48.22389" lon="-3.17151"/>
            <trkpt lat="48.22354" lon="-3.17138"/>
            <trkpt lat="48.22271" lon="-3.1712"/>
            <trkpt lat="48.22204" lon="-3.17107"/>
            <trkpt lat="48.22162" lon="-3.17096"/>
            <trkpt lat="48.22133" lon="-3.17086"/>
            <trkpt lat="48.22108" lon="-3.17072"/>
            <trkpt lat="48.22082" lon="-3.17051"/>
            <trkpt lat="48.22063" lon="-3.17032"/>
            <trkpt lat="48.22045" lon="-3.17008"/>
            <trkpt lat="48.22023" lon="-3.16972"/>
            <trkpt lat="48.22009" lon="-3.16939"/>
            <trkpt lat="48.21997" lon="-3.16906"/>
            <trkpt lat="48.21988" lon="-3.1687"/>
            <trkpt lat="48.21982" lon="-3.16839"/>
            <trkpt lat="48.21977" lon="-3.16785"/>
            <trkpt lat="48.21977" lon="-3.16764"/>
            <trkpt lat="48.21978" lon="-3.16733"/>
            <trkpt lat="48.21983" lon="-3.16693"/>
            <trkpt lat="48.21997" lon="-3.16608"/>
            <trkpt lat="48.22008" lon="-3.1654"/>
            <trkpt lat="48.22032" lon="-3.16406"/>
            <trkpt lat="48.22034" lon="-3.16398"/>
            <trkpt lat="48.22041" lon="-3.16348"/>
            <trkpt lat="48.22045" lon="-3.16291"/>
            <trkpt lat="48.22045" lon="-3.16252"/>
            <trkpt lat="48.22042" lon="-3.16208"/>
            <trkpt lat="48.22036" lon="-3.16165"/>
            <trkpt lat="48.22029" lon="-3.16129"/>
            <trkpt lat="48.22019" lon="-3.16097"/>
            <trkpt lat="48.22006" lon="-3.16065"/>
            <trkpt lat="48.22" lon="-3.16054"/>
            <trkpt lat="48.21982" lon="-3.16024"/>
            <trkpt lat="48.21966" lon="-3.16004"/>
            <trkpt lat="48.21935" lon="-3.15979"/>
            <trkpt lat="48.21925" lon="-3.15973"/>
            <trkpt lat="48.21909" lon="-3.15966"/>
            <trkpt lat="48.21882" lon="-3.15961"/>
            <trkpt lat="48.21855" lon="-3.15963"/>
            <trkpt lat="48.21822" lon="-3.1597"/>
            <trkpt lat="48.21771" lon="-3.15992"/>
            <trkpt lat="48.21723" lon="-3.16017"/>
            <trkpt lat="48.2169" lon="-3.16032"/>
            <trkpt lat="48.21652" lon="-3.16046"/>
            <trkpt lat="48.21623" lon="-3.16048"/>
            <trkpt lat="48.21598" lon="-3.16046"/>
            <trkpt lat="48.21585" lon="-3.16042"/>
            <trkpt lat="48.21553" lon="-3.16026"/>
            <trkpt lat="48.21531" lon="-3.1601"/>
            <trkpt lat="48.21512" lon="-3.15988"/>
            <trkpt lat="48.21496" lon="-3.15965"/>
            <trkpt lat="48.21484" lon="-3.15945"/>
            <trkpt lat="48.21475" lon="-3.15926"/>
            <trkpt lat="48.21456" lon="-3.15881"/>
            <trkpt lat="48.21442" lon="-3.15833"/>
            <trkpt lat="48.21437" lon="-3.15808"/>
            <trkpt lat="48.21429" lon="-3.15757"/>
            <trkpt lat="48.21423" lon="-3.15686"/>
            <trkpt lat="48.21414" lon="-3.15493"/>
            <trkpt lat="48.21413" lon="-3.1544"/>
            <trkpt lat="48.21415" lon="-3.15431"/>
            <trkpt lat="48.21417" lon="-3.1536"/>
            <trkpt lat="48.2142" lon="-3.15312"/>
            <trkpt lat="48.21424" lon="-3.15276"/>
            <trkpt lat="48.21457" lon="-3.15"/>
            <trkpt lat="48.21483" lon="-3.14763"/>
            <trkpt lat="48.21502" lon="-3.14592"/>
            <trkpt lat="48.21506" lon="-3.14539"/>
            <trkpt lat="48.21509" lon="-3.14489"/>
            <trkpt lat="48.2151" lon="-3.1442"/>
            <trkpt lat="48.21509" lon="-3.14209"/>
            <trkpt lat="48.21508" lon="-3.14119"/>
            <trkpt lat="48.21504" lon="-3.14033"/>
            <trkpt lat="48.21501" lon="-3.13959"/>
            <trkpt lat="48.21505" lon="-3.13611"/>
            <trkpt lat="48.21507" lon="-3.13377"/>
            <trkpt lat="48.21508" lon="-3.13316"/>
            <trkpt lat="48.21508" lon="-3.13299"/>
            <trkpt lat="48.21508" lon="-3.13223"/>
            <trkpt lat="48.21508" lon="-3.13173"/>
            <trkpt lat="48.21507" lon="-3.13071"/>
            <trkpt lat="48.21504" lon="-3.12989"/>
            <trkpt lat="48.21502" lon="-3.12948"/>
            <trkpt lat="48.21502" lon="-3.12939"/>
            <trkpt lat="48.215" lon="-3.12913"/>
            <trkpt lat="48.21492" lon="-3.12803"/>
            <trkpt lat="48.21488" lon="-3.12754"/>
            <trkpt lat="48.21485" lon="-3.1272"/>
            <trkpt lat="48.21483" lon="-3.12702"/>
            <trkpt lat="48.21477" lon="-3.12651"/>
            <trkpt lat="48.21455" lon="-3.1267"/>
            <trkpt lat="48.21423" lon="-3.12706"/>
            <trkpt lat="48.21354" lon="-3.12789"/>
            <trkpt lat="48.21325" lon="-3.12823"/>
            <trkpt lat="48.21283" lon="-3.12798"/>
            <trkpt lat="48.21283" lon="-3.12798"/>
            <trkpt lat="48.21252" lon="-3.1278"/>
            <trkpt lat="48.21212" lon="-3.12753"/>
            <trkpt lat="48.21252" lon="-3.1278"/>
            <trkpt lat="48.21325" lon="-3.12823"/>
            <trkpt lat="48.21289" lon="-3.12863"/>
            <trkpt lat="48.21275" lon="-3.12883"/>
            <trkpt lat="48.21236" lon="-3.1295"/>
            <trkpt lat="48.2122" lon="-3.12979"/>
            <trkpt lat="48.21208" lon="-3.12997"/>
            <trkpt lat="48.21201" lon="-3.13006"/>
            <trkpt lat="48.21197" lon="-3.13009"/>
            <trkpt lat="48.21193" lon="-3.13011"/>
            <trkpt lat="48.21188" lon="-3.13012"/>
            <trkpt lat="48.21177" lon="-3.13012"/>
            <trkpt lat="48.21169" lon="-3.13011"/>
            <trkpt lat="48.21162" lon="-3.13008"/>
            <trkpt lat="48.21155" lon="-3.13002"/>
            <trkpt lat="48.21133" lon="-3.12981"/>
            <trkpt lat="48.21108" lon="-3.1295"/>
            <trkpt lat="48.21073" lon="-3.12889"/>
            <trkpt lat="48.21064" lon="-3.12869"/>
            <trkpt lat="48.2105" lon="-3.12834"/>
            <trkpt lat="48.21039" lon="-3.12802"/>
            <trkpt lat="48.21023" lon="-3.12738"/>
            <trkpt lat="48.21016" lon="-3.12703"/>
            <trkpt lat="48.21008" lon="-3.12642"/>
            <trkpt lat="48.21006" lon="-3.12617"/>
            <trkpt lat="48.21007" lon="-3.12566"/>
            <trkpt lat="48.21014" lon="-3.1244"/>
            <trkpt lat="48.21033" lon="-3.12167"/>
            <trkpt lat="48.21034" lon="-3.12122"/>
            <trkpt lat="48.21033" lon="-3.12088"/>
            <trkpt lat="48.21031" lon="-3.12058"/>
            <trkpt lat="48.21024" lon="-3.12012"/>
            <trkpt lat="48.21021" lon="-3.11994"/>
            <trkpt lat="48.21" lon="-3.11886"/>
            <trkpt lat="48.20991" lon="-3.11847"/>
            <trkpt lat="48.20983" lon="-3.11818"/>
            <trkpt lat="48.20974" lon="-3.11793"/>
            <trkpt lat="48.20959" lon="-3.11758"/>
            <trkpt lat="48.20944" lon="-3.11729"/>
            <trkpt lat="48.20928" lon="-3.11709"/>
            <trkpt lat="48.20921" lon="-3.11703"/>
            <trkpt lat="48.20912" lon="-3.11697"/>
            <trkpt lat="48.2089" lon="-3.1169"/>
            <trkpt lat="48.20861" lon="-3.11682"/>
            <trkpt lat="48.20804" lon="-3.11658"/>
            <trkpt lat="48.20801" lon="-3.11656"/>
            <trkpt lat="48.2078" lon="-3.11643"/>
            <trkpt lat="48.20757" lon="-3.11623"/>
            <trkpt lat="48.2073" lon="-3.11603"/>
            <trkpt lat="48.20724" lon="-3.11599"/>
            <trkpt lat="48.20706" lon="-3.11591"/>
            <trkpt lat="48.20697" lon="-3.1159"/>
            <trkpt lat="48.20665" lon="-3.11588"/>
            <trkpt lat="48.20648" lon="-3.11587"/>
            <trkpt lat="48.20623" lon="-3.11589"/>
            <trkpt lat="48.20598" lon="-3.11594"/>
            <trkpt lat="48.20566" lon="-3.11604"/>
            <trkpt lat="48.20545" lon="-3.1161"/>
            <trkpt lat="48.20525" lon="-3.1161"/>
            <trkpt lat="48.20505" lon="-3.11608"/>
            <trkpt lat="48.20466" lon="-3.11594"/>
            <trkpt lat="48.20438" lon="-3.1158"/>
            <trkpt lat="48.20398" lon="-3.11565"/>
            <trkpt lat="48.20379" lon="-3.11562"/>
            <trkpt lat="48.2037" lon="-3.11561"/>
            <trkpt lat="48.20345" lon="-3.11564"/>
            <trkpt lat="48.20324" lon="-3.1157"/>
            <trkpt lat="48.20315" lon="-3.11575"/>
            <trkpt lat="48.20307" lon="-3.11581"/>
            <trkpt lat="48.2029" lon="-3.11597"/>
            <trkpt lat="48.20274" lon="-3.11618"/>
            <trkpt lat="48.20258" lon="-3.11646"/>
            <trkpt lat="48.20199" lon="-3.11759"/>
            <trkpt lat="48.20186" lon="-3.11781"/>
            <trkpt lat="48.20166" lon="-3.11807"/>
            <trkpt lat="48.20156" lon="-3.11816"/>
            <trkpt lat="48.20141" lon="-3.11827"/>
            <trkpt lat="48.20128" lon="-3.11834"/>
            <trkpt lat="48.20059" lon="-3.11861"/>
            <trkpt lat="48.20051" lon="-3.11869"/>
            <trkpt lat="48.20045" lon="-3.11872"/>
            <trkpt lat="48.1999" lon="-3.1189"/>
            <trkpt lat="48.19955" lon="-3.11897"/>
            <trkpt lat="48.19951" lon="-3.11896"/>
            <trkpt lat="48.19949" lon="-3.11903"/>
            <trkpt lat="48.19949" lon="-3.11909"/>
            <trkpt lat="48.19949" lon="-3.11921"/>
            <trkpt lat="48.19961" lon="-3.12012"/>
            <trkpt lat="48.19971" lon="-3.12088"/>
            <trkpt lat="48.19976" lon="-3.1213"/>
            <trkpt lat="48.19983" lon="-3.1219"/>
            <trkpt lat="48.19992" lon="-3.12254"/>
            <trkpt lat="48.19993" lon="-3.12273"/>
            <trkpt lat="48.19993" lon="-3.12285"/>
            <trkpt lat="48.19993" lon="-3.12301"/>
            <trkpt lat="48.1999" lon="-3.12316"/>
            <trkpt lat="48.19988" lon="-3.12327"/>
            <trkpt lat="48.19984" lon="-3.12336"/>
            <trkpt lat="48.19976" lon="-3.12355"/>
            <trkpt lat="48.19938" lon="-3.1243"/>
            <trkpt lat="48.19929" lon="-3.12449"/>
            <trkpt lat="48.19924" lon="-3.12463"/>
            <trkpt lat="48.19911" lon="-3.12508"/>
            <trkpt lat="48.19912" lon="-3.12511"/>
            <trkpt lat="48.19913" lon="-3.12513"/>
            <trkpt lat="48.19913" lon="-3.12516"/>
            <trkpt lat="48.19914" lon="-3.12523"/>
            <trkpt lat="48.19916" lon="-3.1254"/>
            <trkpt lat="48.19926" lon="-3.12594"/>
            <trkpt lat="48.19941" lon="-3.12655"/>
            <trkpt lat="48.19945" lon="-3.12661"/>
            <trkpt lat="48.19959" lon="-3.12668"/>
            <trkpt lat="48.1996" lon="-3.1268"/>
            <trkpt lat="48.1996" lon="-3.1268"/>
            <trkpt lat="48.19963" lon="-3.12715"/>
            <trkpt lat="48.19965" lon="-3.12735"/>
            <trkpt lat="48.19964" lon="-3.12787"/>
            <trkpt lat="48.19967" lon="-3.12843"/>
            <trkpt lat="48.19975" lon="-3.12893"/>
            <trkpt lat="48.19986" lon="-3.12946"/>
            <trkpt lat="48.19985" lon="-3.12967"/>
            <trkpt lat="48.19979" lon="-3.12986"/>
            <trkpt lat="48.19959" lon="-3.13022"/>
            <trkpt lat="48.19937" lon="-3.1306"/>
            <trkpt lat="48.19959" lon="-3.13022"/>
            <trkpt lat="48.19979" lon="-3.12986"/>
            <trkpt lat="48.19985" lon="-3.12967"/>
            <trkpt lat="48.19986" lon="-3.12946"/>
            <trkpt lat="48.19975" lon="-3.12893"/>
            <trkpt lat="48.19967" lon="-3.12843"/>
            <trkpt lat="48.19964" lon="-3.12787"/>
            <trkpt lat="48.19965" lon="-3.12735"/>
            <trkpt lat="48.19963" lon="-3.12715"/>
            <trkpt lat="48.19959" lon="-3.12668"/>
            <trkpt lat="48.19945" lon="-3.12661"/>
            <trkpt lat="48.19941" lon="-3.12655"/>
            <trkpt lat="48.19926" lon="-3.12594"/>
            <trkpt lat="48.19916" lon="-3.1254"/>
            <trkpt lat="48.19914" lon="-3.12523"/>
            <trkpt lat="48.19913" lon="-3.12516"/>
            <trkpt lat="48.19913" lon="-3.12513"/>
            <trkpt lat="48.19912" lon="-3.12511"/>
            <trkpt lat="48.19911" lon="-3.12508"/>
            <trkpt lat="48.19924" lon="-3.12463"/>
            <trkpt lat="48.19929" lon="-3.12449"/>
            <trkpt lat="48.19938" lon="-3.1243"/>
            <trkpt lat="48.19976" lon="-3.12355"/>
            <trkpt lat="48.19984" lon="-3.12336"/>
            <trkpt lat="48.19988" lon="-3.12327"/>
            <trkpt lat="48.1999" lon="-3.12316"/>
            <trkpt lat="48.19993" lon="-3.12301"/>
            <trkpt lat="48.19993" lon="-3.12285"/>
            <trkpt lat="48.19993" lon="-3.12273"/>
            <trkpt lat="48.19992" lon="-3.12254"/>
            <trkpt lat="48.19983" lon="-3.1219"/>
            <trkpt lat="48.19976" lon="-3.1213"/>
            <trkpt lat="48.19971" lon="-3.12088"/>
            <trkpt lat="48.19961" lon="-3.12012"/>
            <trkpt lat="48.19949" lon="-3.11921"/>
            <trkpt lat="48.19949" lon="-3.11909"/>
            <trkpt lat="48.19949" lon="-3.11903"/>
            <trkpt lat="48.19951" lon="-3.11896"/>
            <trkpt lat="48.19957" lon="-3.11871"/>
            <trkpt lat="48.19963" lon="-3.11874"/>
            <trkpt lat="48.1997" lon="-3.11875"/>
            <trkpt lat="48.19985" lon="-3.11876"/>
            <trkpt lat="48.2" lon="-3.11872"/>
            <trkpt lat="48.20048" lon="-3.11859"/>
            <trkpt lat="48.20059" lon="-3.11861"/>
            <trkpt lat="48.20128" lon="-3.11834"/>
            <trkpt lat="48.20141" lon="-3.11827"/>
            <trkpt lat="48.20156" lon="-3.11816"/>
            <trkpt lat="48.20166" lon="-3.11807"/>
            <trkpt lat="48.20186" lon="-3.11781"/>
            <trkpt lat="48.20199" lon="-3.11759"/>
            <trkpt lat="48.20258" lon="-3.11646"/>
            <trkpt lat="48.20274" lon="-3.11618"/>
            <trkpt lat="48.2029" lon="-3.11597"/>
            <trkpt lat="48.20307" lon="-3.11581"/>
            <trkpt lat="48.20315" lon="-3.11575"/>
            <trkpt lat="48.20324" lon="-3.1157"/>
            <trkpt lat="48.20345" lon="-3.11564"/>
            <trkpt lat="48.2037" lon="-3.11561"/>
            <trkpt lat="48.20379" lon="-3.11562"/>
            <trkpt lat="48.20398" lon="-3.11565"/>
            <trkpt lat="48.20438" lon="-3.1158"/>
            <trkpt lat="48.20466" lon="-3.11594"/>
            <trkpt lat="48.20505" lon="-3.11608"/>
            <trkpt lat="48.20525" lon="-3.1161"/>
            <trkpt lat="48.20545" lon="-3.1161"/>
            <trkpt lat="48.20566" lon="-3.11604"/>
            <trkpt lat="48.20598" lon="-3.11594"/>
            <trkpt lat="48.20623" lon="-3.11589"/>
            <trkpt lat="48.20648" lon="-3.11587"/>
            <trkpt lat="48.20665" lon="-3.11588"/>
            <trkpt lat="48.20697" lon="-3.1159"/>
            <trkpt lat="48.20706" lon="-3.11591"/>
            <trkpt lat="48.20724" lon="-3.11599"/>
            <trkpt lat="48.2073" lon="-3.11603"/>
            <trkpt lat="48.20757" lon="-3.11623"/>
            <trkpt lat="48.2078" lon="-3.11643"/>
            <trkpt lat="48.20801" lon="-3.11656"/>
            <trkpt lat="48.20804" lon="-3.11658"/>
            <trkpt lat="48.20861" lon="-3.11682"/>
            <trkpt lat="48.2089" lon="-3.1169"/>
            <trkpt lat="48.20912" lon="-3.11697"/>
            <trkpt lat="48.20921" lon="-3.11703"/>
            <trkpt lat="48.20928" lon="-3.11709"/>
            <trkpt lat="48.20944" lon="-3.11729"/>
            <trkpt lat="48.20959" lon="-3.11758"/>
            <trkpt lat="48.20974" lon="-3.11793"/>
            <trkpt lat="48.20983" lon="-3.11818"/>
            <trkpt lat="48.20991" lon="-3.11847"/>
            <trkpt lat="48.21" lon="-3.11886"/>
            <trkpt lat="48.21021" lon="-3.11994"/>
            <trkpt lat="48.21024" lon="-3.12012"/>
            <trkpt lat="48.21031" lon="-3.12058"/>
            <trkpt lat="48.21033" lon="-3.12088"/>
            <trkpt lat="48.21034" lon="-3.12122"/>
            <trkpt lat="48.21033" lon="-3.12167"/>
            <trkpt lat="48.21014" lon="-3.1244"/>
            <trkpt lat="48.21007" lon="-3.12566"/>
            <trkpt lat="48.21006" lon="-3.12617"/>
            <trkpt lat="48.21008" lon="-3.12642"/>
            <trkpt lat="48.21016" lon="-3.12703"/>
            <trkpt lat="48.21023" lon="-3.12738"/>
            <trkpt lat="48.21039" lon="-3.12802"/>
            <trkpt lat="48.2105" lon="-3.12834"/>
            <trkpt lat="48.21064" lon="-3.12869"/>
            <trkpt lat="48.21073" lon="-3.12889"/>
            <trkpt lat="48.21108" lon="-3.1295"/>
            <trkpt lat="48.21133" lon="-3.12981"/>
            <trkpt lat="48.21155" lon="-3.13002"/>
            <trkpt lat="48.21162" lon="-3.13008"/>
            <trkpt lat="48.21169" lon="-3.13011"/>
            <trkpt lat="48.21177" lon="-3.13012"/>
            <trkpt lat="48.21188" lon="-3.13012"/>
            <trkpt lat="48.21193" lon="-3.13011"/>
            <trkpt lat="48.21197" lon="-3.13009"/>
            <trkpt lat="48.21201" lon="-3.13006"/>
            <trkpt lat="48.21208" lon="-3.12997"/>
            <trkpt lat="48.2122" lon="-3.12979"/>
            <trkpt lat="48.21236" lon="-3.1295"/>
            <trkpt lat="48.21275" lon="-3.12883"/>
            <trkpt lat="48.21289" lon="-3.12863"/>
            <trkpt lat="48.21325" lon="-3.12823"/>
            <trkpt lat="48.21354" lon="-3.12789"/>
            <trkpt lat="48.21423" lon="-3.12706"/>
            <trkpt lat="48.21455" lon="-3.1267"/>
            <trkpt lat="48.21477" lon="-3.12651"/>
            <trkpt lat="48.21483" lon="-3.12702"/>
            <trkpt lat="48.21485" lon="-3.1272"/>
            <trkpt lat="48.21488" lon="-3.12754"/>
            <trkpt lat="48.21499" lon="-3.12744"/>
            <trkpt lat="48.21535" lon="-3.12707"/>
            <trkpt lat="48.21558" lon="-3.12678"/>
            <trkpt lat="48.21584" lon="-3.12641"/>
            <trkpt lat="48.21618" lon="-3.12576"/>
            <trkpt lat="48.21626" lon="-3.12555"/>
            <trkpt lat="48.21637" lon="-3.12529"/>
            <trkpt lat="48.21653" lon="-3.12497"/>
            <trkpt lat="48.21668" lon="-3.12474"/>
            <trkpt lat="48.21689" lon="-3.12448"/>
            <trkpt lat="48.21724" lon="-3.12412"/>
            <trkpt lat="48.21736" lon="-3.124"/>
            <trkpt lat="48.21762" lon="-3.12383"/>
            <trkpt lat="48.21797" lon="-3.12367"/>
            <trkpt lat="48.21839" lon="-3.12359"/>
            <trkpt lat="48.21905" lon="-3.12362"/>
            <trkpt lat="48.21923" lon="-3.12363"/>
            <trkpt lat="48.21949" lon="-3.12363"/>
            <trkpt lat="48.22" lon="-3.12357"/>
            <trkpt lat="48.22016" lon="-3.12357"/>
            <trkpt lat="48.22029" lon="-3.12354"/>
            <trkpt lat="48.22036" lon="-3.12351"/>
            <trkpt lat="48.22053" lon="-3.12339"/>
            <trkpt lat="48.22064" lon="-3.12328"/>
            <trkpt lat="48.2209" lon="-3.12303"/>
            <trkpt lat="48.22175" lon="-3.1219"/>
            <trkpt lat="48.22246" lon="-3.12087"/>
            <trkpt lat="48.22254" lon="-3.12069"/>
            <trkpt lat="48.22258" lon="-3.1205"/>
            <trkpt lat="48.22255" lon="-3.12022"/>
            <trkpt lat="48.22253" lon="-3.12012"/>
            <trkpt lat="48.22249" lon="-3.11992"/>
            <trkpt lat="48.22236" lon="-3.11955"/>
            <trkpt lat="48.2222" lon="-3.11912"/>
            <trkpt lat="48.22172" lon="-3.11822"/>
            <trkpt lat="48.22164" lon="-3.11798"/>
            <trkpt lat="48.22141" lon="-3.11707"/>
            <trkpt lat="48.22136" lon="-3.1168"/>
            <trkpt lat="48.22137" lon="-3.11657"/>
            <trkpt lat="48.2214" lon="-3.11627"/>
            <trkpt lat="48.22145" lon="-3.11611"/>
            <trkpt lat="48.22154" lon="-3.11581"/>
            <trkpt lat="48.22155" lon="-3.11577"/>
            <trkpt lat="48.22168" lon="-3.11546"/>
            <trkpt lat="48.22188" lon="-3.11462"/>
            <trkpt lat="48.22201" lon="-3.11416"/>
            <trkpt lat="48.22204" lon="-3.11409"/>
            <trkpt lat="48.22208" lon="-3.11401"/>
            <trkpt lat="48.22216" lon="-3.1139"/>
            <trkpt lat="48.2223" lon="-3.11375"/>
            <trkpt lat="48.22257" lon="-3.11358"/>
            <trkpt lat="48.22281" lon="-3.11347"/>
            <trkpt lat="48.22319" lon="-3.11327"/>
            <trkpt lat="48.2235" lon="-3.11306"/>
            <trkpt lat="48.22362" lon="-3.113"/>
            <trkpt lat="48.22374" lon="-3.11296"/>
            <trkpt lat="48.22374" lon="-3.11296"/>
            <trkpt lat="48.22394" lon="-3.11294"/>
            <trkpt lat="48.22397" lon="-3.11294"/>
            <trkpt lat="48.22433" lon="-3.11299"/>
            <trkpt lat="48.22472" lon="-3.11309"/>
            <trkpt lat="48.22493" lon="-3.11319"/>
            <trkpt lat="48.22512" lon="-3.11334"/>
            <trkpt lat="48.2252" lon="-3.11342"/>
            <trkpt lat="48.22535" lon="-3.1136"/>
            <trkpt lat="48.22542" lon="-3.11369"/>
            <trkpt lat="48.22549" lon="-3.11378"/>
            <trkpt lat="48.22552" lon="-3.11384"/>
            <trkpt lat="48.22564" lon="-3.11406"/>
            <trkpt lat="48.22568" lon="-3.11415"/>
            <trkpt lat="48.22579" lon="-3.11443"/>
            <trkpt lat="48.22601" lon="-3.11499"/>
            <trkpt lat="48.22614" lon="-3.11528"/>
            <trkpt lat="48.22618" lon="-3.11534"/>
            <trkpt lat="48.22635" lon="-3.1156"/>
            <trkpt lat="48.22643" lon="-3.1157"/>
            <trkpt lat="48.22656" lon="-3.11584"/>
            <trkpt lat="48.22672" lon="-3.11597"/>
            <trkpt lat="48.22697" lon="-3.11611"/>
            <trkpt lat="48.22746" lon="-3.11633"/>
            <trkpt lat="48.22769" lon="-3.11645"/>
            <trkpt lat="48.22785" lon="-3.11655"/>
            <trkpt lat="48.22804" lon="-3.11673"/>
            <trkpt lat="48.22806" lon="-3.11676"/>
            <trkpt lat="48.2282" lon="-3.117"/>
            <trkpt lat="48.22832" lon="-3.11732"/>
            <trkpt lat="48.22869" lon="-3.11888"/>
            <trkpt lat="48.22876" lon="-3.11929"/>
            <trkpt lat="48.22893" lon="-3.12012"/>
            <trkpt lat="48.22922" lon="-3.12153"/>
            <trkpt lat="48.2293" lon="-3.12186"/>
            <trkpt lat="48.22936" lon="-3.12184"/>
            <trkpt lat="48.22953" lon="-3.12184"/>
            <trkpt lat="48.22962" lon="-3.12183"/>
            <trkpt lat="48.22998" lon="-3.12183"/>
            <trkpt lat="48.23009" lon="-3.12183"/>
            <trkpt lat="48.23023" lon="-3.12183"/>
            <trkpt lat="48.23058" lon="-3.12189"/>
            <trkpt lat="48.23163" lon="-3.12227"/>
            <trkpt lat="48.23181" lon="-3.1223"/>
            <trkpt lat="48.23194" lon="-3.12231"/>
            <trkpt lat="48.23227" lon="-3.12228"/>
            <trkpt lat="48.23278" lon="-3.12215"/>
            <trkpt lat="48.23408" lon="-3.12197"/>
            <trkpt lat="48.23426" lon="-3.12195"/>
            <trkpt lat="48.23435" lon="-3.12195"/>
            <trkpt lat="48.23516" lon="-3.12197"/>
            <trkpt lat="48.23542" lon="-3.12203"/>
            <trkpt lat="48.23585" lon="-3.12218"/>
            <trkpt lat="48.23599" lon="-3.12224"/>
            <trkpt lat="48.23603" lon="-3.12227"/>
            <trkpt lat="48.23668" lon="-3.12258"/>
            <trkpt lat="48.23679" lon="-3.12265"/>
            <trkpt lat="48.23694" lon="-3.12273"/>
            <trkpt lat="48.23698" lon="-3.12275"/>
            <trkpt lat="48.23713" lon="-3.12282"/>
            <trkpt lat="48.23753" lon="-3.12294"/>
            <trkpt lat="48.23783" lon="-3.12297"/>
            <trkpt lat="48.23919" lon="-3.12263"/>
            <trkpt lat="48.23945" lon="-3.12257"/>
            <trkpt lat="48.2397" lon="-3.1225"/>
            <trkpt lat="48.23994" lon="-3.12245"/>
            <trkpt lat="48.241" lon="-3.12209"/>
            <trkpt lat="48.2411" lon="-3.12225"/>
            <trkpt lat="48.24132" lon="-3.12262"/>
            <trkpt lat="48.24143" lon="-3.1227"/>
            <trkpt lat="48.24151" lon="-3.12274"/>
            <trkpt lat="48.2416" lon="-3.12277"/>
            <trkpt lat="48.24173" lon="-3.12278"/>
            <trkpt lat="48.24231" lon="-3.12262"/>
            <trkpt lat="48.24248" lon="-3.12192"/>
            <trkpt lat="48.24262" lon="-3.12142"/>
            <trkpt lat="48.24274" lon="-3.12104"/>
            <trkpt lat="48.24298" lon="-3.12012"/>
            <trkpt lat="48.24301" lon="-3.12003"/>
            <trkpt lat="48.24305" lon="-3.11977"/>
            <trkpt lat="48.24307" lon="-3.11967"/>
            <trkpt lat="48.24315" lon="-3.11919"/>
            <trkpt lat="48.2432" lon="-3.11878"/>
            <trkpt lat="48.24332" lon="-3.1183"/>
            <trkpt lat="48.24363" lon="-3.11727"/>
            <trkpt lat="48.2439" lon="-3.11615"/>
            <trkpt lat="48.24399" lon="-3.11579"/>
            <trkpt lat="48.24405" lon="-3.11548"/>
            <trkpt lat="48.24413" lon="-3.1147"/>
            <trkpt lat="48.24417" lon="-3.11395"/>
            <trkpt lat="48.24418" lon="-3.11344"/>
            <trkpt lat="48.24417" lon="-3.11295"/>
            <trkpt lat="48.2442" lon="-3.11226"/>
            <trkpt lat="48.24421" lon="-3.1122"/>
            <trkpt lat="48.24426" lon="-3.11191"/>
            <trkpt lat="48.24432" lon="-3.11163"/>
            <trkpt lat="48.24437" lon="-3.11136"/>
            <trkpt lat="48.24444" lon="-3.11106"/>
            <trkpt lat="48.24453" lon="-3.11077"/>
            <trkpt lat="48.24457" lon="-3.1106"/>
            <trkpt lat="48.24473" lon="-3.11009"/>
            <trkpt lat="48.24476" lon="-3.10996"/>
            <trkpt lat="48.24481" lon="-3.10979"/>
            <trkpt lat="48.24486" lon="-3.1094"/>
            <trkpt lat="48.24488" lon="-3.10914"/>
            <trkpt lat="48.24489" lon="-3.10865"/>
            <trkpt lat="48.24488" lon="-3.10815"/>
            <trkpt lat="48.24483" lon="-3.10742"/>
            <trkpt lat="48.24474" lon="-3.10659"/>
            <trkpt lat="48.24468" lon="-3.10623"/>
            <trkpt lat="48.2446" lon="-3.10576"/>
            <trkpt lat="48.24437" lon="-3.10456"/>
            <trkpt lat="48.24436" lon="-3.10409"/>
            <trkpt lat="48.24431" lon="-3.10336"/>
            <trkpt lat="48.24423" lon="-3.10228"/>
            <trkpt lat="48.24419" lon="-3.10153"/>
            <trkpt lat="48.24406" lon="-3.10045"/>
            <trkpt lat="48.24389" lon="-3.09953"/>
            <trkpt lat="48.24376" lon="-3.09873"/>
            <trkpt lat="48.24374" lon="-3.09857"/>
            <trkpt lat="48.24374" lon="-3.09841"/>
            <trkpt lat="48.24377" lon="-3.09814"/>
            <trkpt lat="48.24378" lon="-3.09804"/>
            <trkpt lat="48.24389" lon="-3.09742"/>
            <trkpt lat="48.2439" lon="-3.09729"/>
            <trkpt lat="48.2439" lon="-3.09709"/>
            <trkpt lat="48.24388" lon="-3.0968"/>
            <trkpt lat="48.24389" lon="-3.09666"/>
            <trkpt lat="48.24387" lon="-3.09645"/>
            <trkpt lat="48.24383" lon="-3.09577"/>
            <trkpt lat="48.24383" lon="-3.09476"/>
            <trkpt lat="48.24383" lon="-3.09459"/>
            <trkpt lat="48.24389" lon="-3.09391"/>
            <trkpt lat="48.24404" lon="-3.09312"/>
            <trkpt lat="48.2441" lon="-3.09281"/>
            <trkpt lat="48.24445" lon="-3.09189"/>
            <trkpt lat="48.24475" lon="-3.09131"/>
            <trkpt lat="48.24487" lon="-3.09106"/>
            <trkpt lat="48.24497" lon="-3.09079"/>
            <trkpt lat="48.24508" lon="-3.09055"/>
            <trkpt lat="48.24554" lon="-3.08957"/>
            <trkpt lat="48.24576" lon="-3.08903"/>
            <trkpt lat="48.24578" lon="-3.08897"/>
            <trkpt lat="48.24582" lon="-3.08889"/>
            <trkpt lat="48.24612" lon="-3.08822"/>
            <trkpt lat="48.24629" lon="-3.08781"/>
            <trkpt lat="48.2464" lon="-3.08745"/>
            <trkpt lat="48.24649" lon="-3.08698"/>
            <trkpt lat="48.2466" lon="-3.08648"/>
            <trkpt lat="48.24688" lon="-3.08504"/>
            <trkpt lat="48.24698" lon="-3.08444"/>
            <trkpt lat="48.24714" lon="-3.08334"/>
            <trkpt lat="48.24737" lon="-3.08212"/>
            <trkpt lat="48.24757" lon="-3.08125"/>
            <trkpt lat="48.24807" lon="-3.07921"/>
            <trkpt lat="48.24825" lon="-3.07852"/>
            <trkpt lat="48.24847" lon="-3.0776"/>
            <trkpt lat="48.24875" lon="-3.07661"/>
            <trkpt lat="48.24883" lon="-3.07617"/>
            <trkpt lat="48.24888" lon="-3.07588"/>
            <trkpt lat="48.24892" lon="-3.07562"/>
            <trkpt lat="48.24895" lon="-3.07514"/>
            <trkpt lat="48.24902" lon="-3.0746"/>
            <trkpt lat="48.24903" lon="-3.07432"/>
            <trkpt lat="48.24902" lon="-3.07393"/>
            <trkpt lat="48.24898" lon="-3.07311"/>
            <trkpt lat="48.24888" lon="-3.072"/>
            <trkpt lat="48.24886" lon="-3.07181"/>
            <trkpt lat="48.24872" lon="-3.07058"/>
            <trkpt lat="48.24868" lon="-3.07018"/>
            <trkpt lat="48.24866" lon="-3.06974"/>
            <trkpt lat="48.24868" lon="-3.0691"/>
            <trkpt lat="48.24876" lon="-3.06844"/>
            <trkpt lat="48.24898" lon="-3.06704"/>
            <trkpt lat="48.24908" lon="-3.06624"/>
            <trkpt lat="48.24924" lon="-3.06522"/>
            <trkpt lat="48.2493" lon="-3.06473"/>
            <trkpt lat="48.2493" lon="-3.06398"/>
            <trkpt lat="48.24927" lon="-3.06372"/>
            <trkpt lat="48.24924" lon="-3.06354"/>
            <trkpt lat="48.24926" lon="-3.06265"/>
            <trkpt lat="48.24932" lon="-3.06127"/>
            <trkpt lat="48.24935" lon="-3.06088"/>
            <trkpt lat="48.24941" lon="-3.06046"/>
            <trkpt lat="48.24946" lon="-3.06017"/>
            <trkpt lat="48.24951" lon="-3.06003"/>
            <trkpt lat="48.24976" lon="-3.05944"/>
            <trkpt lat="48.25016" lon="-3.05878"/>
            <trkpt lat="48.2504" lon="-3.0584"/>
            <trkpt lat="48.25064" lon="-3.05792"/>
            <trkpt lat="48.25076" lon="-3.05762"/>
            <trkpt lat="48.25097" lon="-3.05698"/>
            <trkpt lat="48.25107" lon="-3.05674"/>
            <trkpt lat="48.25115" lon="-3.05651"/>
            <trkpt lat="48.25122" lon="-3.05625"/>
            <trkpt lat="48.25125" lon="-3.05598"/>
            <trkpt lat="48.25129" lon="-3.05559"/>
            <trkpt lat="48.25129" lon="-3.05447"/>
            <trkpt lat="48.25129" lon="-3.0542"/>
            <trkpt lat="48.2513" lon="-3.05366"/>
            <trkpt lat="48.25133" lon="-3.05244"/>
            <trkpt lat="48.25137" lon="-3.05144"/>
            <trkpt lat="48.2514" lon="-3.05115"/>
            <trkpt lat="48.25141" lon="-3.05101"/>
            <trkpt lat="48.25153" lon="-3.05018"/>
            <trkpt lat="48.25155" lon="-3.04996"/>
            <trkpt lat="48.25155" lon="-3.04955"/>
            <trkpt lat="48.25149" lon="-3.04821"/>
            <trkpt lat="48.25153" lon="-3.04765"/>
            <trkpt lat="48.25159" lon="-3.04701"/>
            <trkpt lat="48.25161" lon="-3.04673"/>
            <trkpt lat="48.25162" lon="-3.0462"/>
            <trkpt lat="48.25162" lon="-3.0461"/>
            <trkpt lat="48.25162" lon="-3.04531"/>
            <trkpt lat="48.25158" lon="-3.04487"/>
            <trkpt lat="48.25149" lon="-3.04425"/>
            <trkpt lat="48.25142" lon="-3.04342"/>
            <trkpt lat="48.2514" lon="-3.04288"/>
            <trkpt lat="48.25142" lon="-3.04141"/>
            <trkpt lat="48.25139" lon="-3.04062"/>
            <trkpt lat="48.25141" lon="-3.04024"/>
            <trkpt lat="48.25143" lon="-3.04014"/>
            <trkpt lat="48.25147" lon="-3.03999"/>
            <trkpt lat="48.25153" lon="-3.03977"/>
            <trkpt lat="48.25166" lon="-3.03913"/>
            <trkpt lat="48.25175" lon="-3.03865"/>
            <trkpt lat="48.25188" lon="-3.0381"/>
            <trkpt lat="48.25195" lon="-3.03784"/>
            <trkpt lat="48.252" lon="-3.03764"/>
            <trkpt lat="48.25211" lon="-3.03729"/>
            <trkpt lat="48.2522" lon="-3.03695"/>
            <trkpt lat="48.25221" lon="-3.0367"/>
            <trkpt lat="48.2523" lon="-3.03611"/>
            <trkpt lat="48.25238" lon="-3.03543"/>
            <trkpt lat="48.25239" lon="-3.03525"/>
            <trkpt lat="48.25238" lon="-3.03498"/>
            <trkpt lat="48.2523" lon="-3.03444"/>
            <trkpt lat="48.25221" lon="-3.0339"/>
            <trkpt lat="48.25218" lon="-3.03355"/>
            <trkpt lat="48.25217" lon="-3.03332"/>
            <trkpt lat="48.25219" lon="-3.03295"/>
            <trkpt lat="48.25222" lon="-3.03258"/>
            <trkpt lat="48.25225" lon="-3.03231"/>
            <trkpt lat="48.25226" lon="-3.03223"/>
            <trkpt lat="48.25234" lon="-3.0314"/>
            <trkpt lat="48.25236" lon="-3.03113"/>
            <trkpt lat="48.25241" lon="-3.03054"/>
            <trkpt lat="48.25245" lon="-3.02987"/>
            <trkpt lat="48.25249" lon="-3.02958"/>
            <trkpt lat="48.25253" lon="-3.02919"/>
            <trkpt lat="48.25256" lon="-3.02905"/>
            <trkpt lat="48.25301" lon="-3.02764"/>
            <trkpt lat="48.25313" lon="-3.02723"/>
            <trkpt lat="48.25329" lon="-3.02678"/>
            <trkpt lat="48.2535" lon="-3.02592"/>
            <trkpt lat="48.25368" lon="-3.02509"/>
            <trkpt lat="48.25403" lon="-3.02353"/>
            <trkpt lat="48.25422" lon="-3.0227"/>
            <trkpt lat="48.25436" lon="-3.02196"/>
            <trkpt lat="48.25444" lon="-3.02147"/>
            <trkpt lat="48.25448" lon="-3.02113"/>
            <trkpt lat="48.25448" lon="-3.02093"/>
            <trkpt lat="48.25442" lon="-3.01961"/>
            <trkpt lat="48.25442" lon="-3.01928"/>
            <trkpt lat="48.25447" lon="-3.01872"/>
            <trkpt lat="48.25455" lon="-3.01811"/>
            <trkpt lat="48.25474" lon="-3.01688"/>
            <trkpt lat="48.25482" lon="-3.01613"/>
            <trkpt lat="48.25489" lon="-3.01567"/>
            <trkpt lat="48.25492" lon="-3.01548"/>
            <trkpt lat="48.25502" lon="-3.01495"/>
            <trkpt lat="48.25509" lon="-3.01445"/>
            <trkpt lat="48.25514" lon="-3.01404"/>
            <trkpt lat="48.25545" lon="-3.01117"/>
            <trkpt lat="48.25548" lon="-3.01084"/>
            <trkpt lat="48.25548" lon="-3.01073"/>
            <trkpt lat="48.25547" lon="-3.01036"/>
            <trkpt lat="48.25546" lon="-3.01025"/>
            <trkpt lat="48.25544" lon="-3.01006"/>
            <trkpt lat="48.25536" lon="-3.00967"/>
            <trkpt lat="48.25521" lon="-3.00917"/>
            <trkpt lat="48.25509" lon="-3.00876"/>
            <trkpt lat="48.25505" lon="-3.00853"/>
            <trkpt lat="48.25504" lon="-3.00841"/>
            <trkpt lat="48.25504" lon="-3.00833"/>
            <trkpt lat="48.25505" lon="-3.00814"/>
            <trkpt lat="48.25508" lon="-3.00801"/>
            <trkpt lat="48.25509" lon="-3.00795"/>
            <trkpt lat="48.25544" lon="-3.00699"/>
            <trkpt lat="48.25549" lon="-3.00684"/>
            <trkpt lat="48.25562" lon="-3.00637"/>
            <trkpt lat="48.2557" lon="-3.00603"/>
            <trkpt lat="48.25571" lon="-3.00599"/>
            <trkpt lat="48.25576" lon="-3.00585"/>
            <trkpt lat="48.2558" lon="-3.00577"/>
            <trkpt lat="48.25582" lon="-3.00573"/>
            <trkpt lat="48.25584" lon="-3.00565"/>
            <trkpt lat="48.25596" lon="-3.00502"/>
            <trkpt lat="48.25608" lon="-3.00447"/>
            <trkpt lat="48.2561" lon="-3.00434"/>
            <trkpt lat="48.25612" lon="-3.00422"/>
            <trkpt lat="48.25614" lon="-3.00411"/>
            <trkpt lat="48.25626" lon="-3.00366"/>
            <trkpt lat="48.25641" lon="-3.00318"/>
            <trkpt lat="48.25681" lon="-3.00175"/>
            <trkpt lat="48.25712" lon="-3.00077"/>
            <trkpt lat="48.25736" lon="-2.99998"/>
            <trkpt lat="48.25744" lon="-2.99968"/>
            <trkpt lat="48.25755" lon="-2.99936"/>
            <trkpt lat="48.25784" lon="-2.99832"/>
            <trkpt lat="48.2579" lon="-2.99808"/>
            <trkpt lat="48.25799" lon="-2.9977"/>
            <trkpt lat="48.25806" lon="-2.99716"/>
            <trkpt lat="48.25817" lon="-2.99598"/>
            <trkpt lat="48.25826" lon="-2.99509"/>
            <trkpt lat="48.25829" lon="-2.9946"/>
            <trkpt lat="48.25832" lon="-2.9943"/>
            <trkpt lat="48.2584" lon="-2.99394"/>
            <trkpt lat="48.25845" lon="-2.99377"/>
            <trkpt lat="48.25848" lon="-2.9937"/>
            <trkpt lat="48.25855" lon="-2.99352"/>
            <trkpt lat="48.25864" lon="-2.99333"/>
            <trkpt lat="48.25893" lon="-2.99292"/>
            <trkpt lat="48.25902" lon="-2.99276"/>
            <trkpt lat="48.25926" lon="-2.99228"/>
            <trkpt lat="48.25976" lon="-2.99106"/>
            <trkpt lat="48.25988" lon="-2.99071"/>
            <trkpt lat="48.26003" lon="-2.99016"/>
            <trkpt lat="48.26015" lon="-2.9896"/>
            <trkpt lat="48.26019" lon="-2.98937"/>
            <trkpt lat="48.26039" lon="-2.98828"/>
            <trkpt lat="48.26048" lon="-2.98777"/>
            <trkpt lat="48.26058" lon="-2.98738"/>
            <trkpt lat="48.26072" lon="-2.98688"/>
            <trkpt lat="48.26113" lon="-2.98566"/>
            <trkpt lat="48.26124" lon="-2.98536"/>
            <trkpt lat="48.26138" lon="-2.9851"/>
            <trkpt lat="48.26185" lon="-2.98448"/>
            <trkpt lat="48.26195" lon="-2.98427"/>
            <trkpt lat="48.26252" lon="-2.9828"/>
            <trkpt lat="48.26272" lon="-2.9822"/>
            <trkpt lat="48.26283" lon="-2.9818"/>
            <trkpt lat="48.26296" lon="-2.98121"/>
            <trkpt lat="48.26305" lon="-2.9807"/>
            <trkpt lat="48.26315" lon="-2.98034"/>
            <trkpt lat="48.26322" lon="-2.98022"/>
            <trkpt lat="48.26343" lon="-2.98014"/>
            <trkpt lat="48.26385" lon="-2.98007"/>
            <trkpt lat="48.2639" lon="-2.98005"/>
            <trkpt lat="48.26397" lon="-2.98001"/>
            <trkpt lat="48.26433" lon="-2.97964"/>
            <trkpt lat="48.26464" lon="-2.97931"/>
            <trkpt lat="48.26485" lon="-2.97899"/>
            <trkpt lat="48.26561" lon="-2.9775"/>
            <trkpt lat="48.26775" lon="-2.97367"/>
            <trkpt lat="48.26807" lon="-2.97314"/>
            <trkpt lat="48.26821" lon="-2.97287"/>
            <trkpt lat="48.26831" lon="-2.97258"/>
            <trkpt lat="48.26839" lon="-2.97233"/>
            <trkpt lat="48.26846" lon="-2.97193"/>
            <trkpt lat="48.26851" lon="-2.97095"/>
            <trkpt lat="48.26855" lon="-2.97064"/>
            <trkpt lat="48.26862" lon="-2.97031"/>
            <trkpt lat="48.26889" lon="-2.96934"/>
            <trkpt lat="48.26895" lon="-2.9691"/>
            <trkpt lat="48.26903" lon="-2.96791"/>
            <trkpt lat="48.26909" lon="-2.96762"/>
            <trkpt lat="48.26922" lon="-2.96716"/>
            <trkpt lat="48.26938" lon="-2.9665"/>
            <trkpt lat="48.26941" lon="-2.96631"/>
            <trkpt lat="48.26952" lon="-2.9656"/>
            <trkpt lat="48.26981" lon="-2.96583"/>
            <trkpt lat="48.27021" lon="-2.96617"/>
            <trkpt lat="48.27039" lon="-2.96631"/>
            <trkpt lat="48.27092" lon="-2.96673"/>
            <trkpt lat="48.27117" lon="-2.96697"/>
            <trkpt lat="48.27131" lon="-2.96705"/>
            <trkpt lat="48.27177" lon="-2.96739"/>
            <trkpt lat="48.27192" lon="-2.96745"/>
            <trkpt lat="48.27204" lon="-2.96748"/>
            <trkpt lat="48.27228" lon="-2.96748"/>
            <trkpt lat="48.27244" lon="-2.96741"/>
            <trkpt lat="48.27271" lon="-2.96723"/>
            <trkpt lat="48.27301" lon="-2.96699"/>
            <trkpt lat="48.27319" lon="-2.9668"/>
            <trkpt lat="48.27348" lon="-2.96631"/>
            <trkpt lat="48.27351" lon="-2.96627"/>
            <trkpt lat="48.27362" lon="-2.96605"/>
            <trkpt lat="48.27376" lon="-2.96582"/>
            <trkpt lat="48.2739" lon="-2.96566"/>
            <trkpt lat="48.27393" lon="-2.96565"/>
            <trkpt lat="48.27407" lon="-2.96554"/>
            <trkpt lat="48.27423" lon="-2.96548"/>
            <trkpt lat="48.27452" lon="-2.9654"/>
            <trkpt lat="48.27485" lon="-2.9653"/>
            <trkpt lat="48.27526" lon="-2.96514"/>
            <trkpt lat="48.27631" lon="-2.96449"/>
            <trkpt lat="48.27745" lon="-2.96385"/>
            <trkpt lat="48.27773" lon="-2.96375"/>
            <trkpt lat="48.27785" lon="-2.96373"/>
            <trkpt lat="48.27824" lon="-2.96375"/>
            <trkpt lat="48.27865" lon="-2.96381"/>
            <trkpt lat="48.27911" lon="-2.9639"/>
            <trkpt lat="48.27929" lon="-2.96389"/>
            <trkpt lat="48.27942" lon="-2.96388"/>
            <trkpt lat="48.27963" lon="-2.96382"/>
            <trkpt lat="48.27979" lon="-2.96374"/>
            <trkpt lat="48.27995" lon="-2.96361"/>
            <trkpt lat="48.28016" lon="-2.96341"/>
            <trkpt lat="48.28026" lon="-2.96326"/>
            <trkpt lat="48.2804" lon="-2.96302"/>
            <trkpt lat="48.28053" lon="-2.96263"/>
            <trkpt lat="48.28071" lon="-2.9619"/>
            <trkpt lat="48.28085" lon="-2.96156"/>
            <trkpt lat="48.28234" lon="-2.95896"/>
            <trkpt lat="48.28346" lon="-2.95708"/>
            <trkpt lat="48.28353" lon="-2.95697"/>
            <trkpt lat="48.28364" lon="-2.9568"/>
            <trkpt lat="48.28382" lon="-2.95656"/>
            <trkpt lat="48.28395" lon="-2.95635"/>
            <trkpt lat="48.28415" lon="-2.95597"/>
            <trkpt lat="48.28442" lon="-2.95542"/>
            <trkpt lat="48.28496" lon="-2.95424"/>
            <trkpt lat="48.28514" lon="-2.95374"/>
            <trkpt lat="48.28531" lon="-2.95309"/>
            <trkpt lat="48.28549" lon="-2.95245"/>
            <trkpt lat="48.28558" lon="-2.95222"/>
            <trkpt lat="48.28574" lon="-2.9519"/>
            <trkpt lat="48.2858" lon="-2.95169"/>
            <trkpt lat="48.28589" lon="-2.95131"/>
            <trkpt lat="48.28596" lon="-2.95062"/>
            <trkpt lat="48.28598" lon="-2.95036"/>
            <trkpt lat="48.286" lon="-2.95012"/>
            <trkpt lat="48.28613" lon="-2.9481"/>
            <trkpt lat="48.28618" lon="-2.9477"/>
            <trkpt lat="48.28638" lon="-2.94678"/>
            <trkpt lat="48.28641" lon="-2.94656"/>
            <trkpt lat="48.28652" lon="-2.94509"/>
            <trkpt lat="48.28657" lon="-2.9447"/>
            <trkpt lat="48.2866" lon="-2.9446"/>
            <trkpt lat="48.28665" lon="-2.94446"/>
            <trkpt lat="48.28675" lon="-2.94434"/>
            <trkpt lat="48.28681" lon="-2.94426"/>
            <trkpt lat="48.28699" lon="-2.94413"/>
            <trkpt lat="48.28751" lon="-2.94388"/>
            <trkpt lat="48.28779" lon="-2.94368"/>
            <trkpt lat="48.28824" lon="-2.94333"/>
            <trkpt lat="48.28851" lon="-2.94316"/>
            <trkpt lat="48.28873" lon="-2.94309"/>
            <trkpt lat="48.28888" lon="-2.94306"/>
            <trkpt lat="48.28896" lon="-2.94306"/>
            <trkpt lat="48.2892" lon="-2.94311"/>
            <trkpt lat="48.28972" lon="-2.9433"/>
            <trkpt lat="48.28988" lon="-2.94331"/>
            <trkpt lat="48.29002" lon="-2.9433"/>
            <trkpt lat="48.29097" lon="-2.94313"/>
            <trkpt lat="48.29163" lon="-2.94304"/>
            <trkpt lat="48.29188" lon="-2.94299"/>
            <trkpt lat="48.29204" lon="-2.94293"/>
            <trkpt lat="48.29225" lon="-2.94276"/>
            <trkpt lat="48.29267" lon="-2.94254"/>
            <trkpt lat="48.29274" lon="-2.94264"/>
            <trkpt lat="48.29296" lon="-2.94293"/>
            <trkpt lat="48.293" lon="-2.94298"/>
            <trkpt lat="48.29315" lon="-2.94319"/>
            <trkpt lat="48.29346" lon="-2.9435"/>
            <trkpt lat="48.29372" lon="-2.9438"/>
            <trkpt lat="48.29415" lon="-2.94433"/>
            <trkpt lat="48.29416" lon="-2.94434"/>
            <trkpt lat="48.29463" lon="-2.94483"/>
            <trkpt lat="48.29501" lon="-2.94518"/>
            <trkpt lat="48.29548" lon="-2.94564"/>
            <trkpt lat="48.2959" lon="-2.94612"/>
            <trkpt lat="48.29727" lon="-2.94769"/>
            <trkpt lat="48.29786" lon="-2.94837"/>
            <trkpt lat="48.29824" lon="-2.94866"/>
            <trkpt lat="48.29862" lon="-2.94891"/>
            <trkpt lat="48.29903" lon="-2.9491"/>
            <trkpt lat="48.29966" lon="-2.94947"/>
            <trkpt lat="48.30005" lon="-2.94967"/>
            <trkpt lat="48.30055" lon="-2.95004"/>
            <trkpt lat="48.30074" lon="-2.95021"/>
            <trkpt lat="48.30084" lon="-2.95037"/>
            <trkpt lat="48.30109" lon="-2.95075"/>
            <trkpt lat="48.30114" lon="-2.95081"/>
            <trkpt lat="48.30127" lon="-2.95091"/>
            <trkpt lat="48.30138" lon="-2.95096"/>
            <trkpt lat="48.30149" lon="-2.95097"/>
            <trkpt lat="48.30165" lon="-2.95095"/>
            <trkpt lat="48.30184" lon="-2.9509"/>
            <trkpt lat="48.30199" lon="-2.9508"/>
            <trkpt lat="48.30228" lon="-2.95057"/>
            <trkpt lat="48.30289" lon="-2.94996"/>
            <trkpt lat="48.30314" lon="-2.94975"/>
            <trkpt lat="48.30328" lon="-2.94969"/>
            <trkpt lat="48.30345" lon="-2.94963"/>
            <trkpt lat="48.30359" lon="-2.94963"/>
            <trkpt lat="48.30375" lon="-2.9497"/>
            <trkpt lat="48.30387" lon="-2.94983"/>
            <trkpt lat="48.30395" lon="-2.94994"/>
            <trkpt lat="48.30402" lon="-2.95015"/>
            <trkpt lat="48.30411" lon="-2.95057"/>
            <trkpt lat="48.30415" lon="-2.95097"/>
            <trkpt lat="48.30421" lon="-2.9512"/>
            <trkpt lat="48.30428" lon="-2.95143"/>
            <trkpt lat="48.3044" lon="-2.9516"/>
            <trkpt lat="48.30452" lon="-2.9517"/>
            <trkpt lat="48.30482" lon="-2.95182"/>
            <trkpt lat="48.30511" lon="-2.95196"/>
            <trkpt lat="48.30526" lon="-2.95205"/>
            <trkpt lat="48.30529" lon="-2.95208"/>
            <trkpt lat="48.30535" lon="-2.95212"/>
            <trkpt lat="48.30559" lon="-2.95241"/>
            <trkpt lat="48.30601" lon="-2.95299"/>
            <trkpt lat="48.30616" lon="-2.95317"/>
            <trkpt lat="48.30621" lon="-2.95324"/>
            <trkpt lat="48.30642" lon="-2.95348"/>
            <trkpt lat="48.30663" lon="-2.95355"/>
            <trkpt lat="48.3068" lon="-2.95355"/>
            <trkpt lat="48.30681" lon="-2.95355"/>
            <trkpt lat="48.30703" lon="-2.95358"/>
            <trkpt lat="48.30723" lon="-2.95359"/>
            <trkpt lat="48.3073" lon="-2.95361"/>
            <trkpt lat="48.30744" lon="-2.95368"/>
            <trkpt lat="48.30761" lon="-2.95374"/>
            <trkpt lat="48.30765" lon="-2.95375"/>
            <trkpt lat="48.30792" lon="-2.9538"/>
            <trkpt lat="48.30891" lon="-2.95372"/>
            <trkpt lat="48.30904" lon="-2.95371"/>
            <trkpt lat="48.30955" lon="-2.95375"/>
            <trkpt lat="48.30979" lon="-2.95388"/>
            <trkpt lat="48.30993" lon="-2.95401"/>
            <trkpt lat="48.3101" lon="-2.95411"/>
            <trkpt lat="48.31026" lon="-2.95415"/>
            <trkpt lat="48.31047" lon="-2.95417"/>
            <trkpt lat="48.31154" lon="-2.9541"/>
            <trkpt lat="48.31197" lon="-2.95409"/>
            <trkpt lat="48.31211" lon="-2.95413"/>
            <trkpt lat="48.31242" lon="-2.95431"/>
            <trkpt lat="48.31266" lon="-2.9545"/>
            <trkpt lat="48.31295" lon="-2.95471"/>
            <trkpt lat="48.31323" lon="-2.95489"/>
            <trkpt lat="48.31349" lon="-2.95493"/>
            <trkpt lat="48.31456" lon="-2.95483"/>
            <trkpt lat="48.31468" lon="-2.95476"/>
            <trkpt lat="48.31483" lon="-2.95462"/>
            <trkpt lat="48.31489" lon="-2.9545"/>
            <trkpt lat="48.31496" lon="-2.95433"/>
            <trkpt lat="48.3151" lon="-2.95393"/>
            <trkpt lat="48.31526" lon="-2.95351"/>
            <trkpt lat="48.31536" lon="-2.95332"/>
            <trkpt lat="48.31551" lon="-2.95325"/>
            <trkpt lat="48.31564" lon="-2.95323"/>
            <trkpt lat="48.3158" lon="-2.95323"/>
            <trkpt lat="48.31591" lon="-2.95329"/>
            <trkpt lat="48.31608" lon="-2.95339"/>
            <trkpt lat="48.31625" lon="-2.95358"/>
            <trkpt lat="48.31652" lon="-2.95398"/>
            <trkpt lat="48.31665" lon="-2.95419"/>
            <trkpt lat="48.31679" lon="-2.9544"/>
            <trkpt lat="48.31703" lon="-2.95472"/>
            <trkpt lat="48.31738" lon="-2.95511"/>
            <trkpt lat="48.31787" lon="-2.95557"/>
            <trkpt lat="48.31798" lon="-2.95567"/>
            <trkpt lat="48.3183" lon="-2.95589"/>
            <trkpt lat="48.31853" lon="-2.95597"/>
            <trkpt lat="48.31867" lon="-2.95598"/>
            <trkpt lat="48.31898" lon="-2.95594"/>
            <trkpt lat="48.31902" lon="-2.95594"/>
            <trkpt lat="48.31925" lon="-2.95589"/>
            <trkpt lat="48.31944" lon="-2.95582"/>
            <trkpt lat="48.31989" lon="-2.95543"/>
            <trkpt lat="48.32006" lon="-2.95533"/>
            <trkpt lat="48.32023" lon="-2.95527"/>
            <trkpt lat="48.32152" lon="-2.95522"/>
            <trkpt lat="48.32232" lon="-2.95503"/>
            <trkpt lat="48.32246" lon="-2.95501"/>
            <trkpt lat="48.32258" lon="-2.95501"/>
            <trkpt lat="48.32268" lon="-2.95502"/>
            <trkpt lat="48.32283" lon="-2.95505"/>
            <trkpt lat="48.32298" lon="-2.95511"/>
            <trkpt lat="48.32303" lon="-2.95513"/>
            <trkpt lat="48.32318" lon="-2.95525"/>
            <trkpt lat="48.32342" lon="-2.95546"/>
            <trkpt lat="48.32355" lon="-2.95556"/>
            <trkpt lat="48.32362" lon="-2.9556"/>
            <trkpt lat="48.32369" lon="-2.95563"/>
            <trkpt lat="48.32402" lon="-2.95572"/>
            <trkpt lat="48.32413" lon="-2.95578"/>
            <trkpt lat="48.32419" lon="-2.95582"/>
            <trkpt lat="48.32426" lon="-2.95588"/>
            <trkpt lat="48.32431" lon="-2.95594"/>
            <trkpt lat="48.32436" lon="-2.95601"/>
            <trkpt lat="48.32442" lon="-2.95616"/>
            <trkpt lat="48.32445" lon="-2.95622"/>
            <trkpt lat="48.32461" lon="-2.95675"/>
            <trkpt lat="48.32489" lon="-2.9575"/>
            <trkpt lat="48.32493" lon="-2.95769"/>
            <trkpt lat="48.32496" lon="-2.9579"/>
            <trkpt lat="48.32497" lon="-2.9581"/>
            <trkpt lat="48.32498" lon="-2.95932"/>
            <trkpt lat="48.32498" lon="-2.95946"/>
            <trkpt lat="48.32499" lon="-2.95967"/>
            <trkpt lat="48.32502" lon="-2.95995"/>
            <trkpt lat="48.32504" lon="-2.96002"/>
            <trkpt lat="48.32507" lon="-2.96012"/>
            <trkpt lat="48.3251" lon="-2.96021"/>
            <trkpt lat="48.32518" lon="-2.96035"/>
            <trkpt lat="48.32518" lon="-2.96036"/>
            <trkpt lat="48.32528" lon="-2.96049"/>
            <trkpt lat="48.32534" lon="-2.96054"/>
            <trkpt lat="48.32544" lon="-2.96061"/>
            <trkpt lat="48.3255" lon="-2.96065"/>
            <trkpt lat="48.32562" lon="-2.96069"/>
            <trkpt lat="48.32574" lon="-2.96071"/>
            <trkpt lat="48.32586" lon="-2.96072"/>
            <trkpt lat="48.32607" lon="-2.96067"/>
            <trkpt lat="48.32624" lon="-2.9606"/>
            <trkpt lat="48.3266" lon="-2.96052"/>
            <trkpt lat="48.32667" lon="-2.96051"/>
            <trkpt lat="48.32688" lon="-2.96055"/>
            <trkpt lat="48.32728" lon="-2.96068"/>
            <trkpt lat="48.32754" lon="-2.96077"/>
            <trkpt lat="48.32787" lon="-2.9609"/>
            <trkpt lat="48.32809" lon="-2.96094"/>
            <trkpt lat="48.32834" lon="-2.961"/>
            <trkpt lat="48.32857" lon="-2.96102"/>
            <trkpt lat="48.32863" lon="-2.96102"/>
            <trkpt lat="48.32868" lon="-2.96102"/>
            <trkpt lat="48.32921" lon="-2.96097"/>
            <trkpt lat="48.32936" lon="-2.96095"/>
            <trkpt lat="48.32988" lon="-2.96082"/>
            <trkpt lat="48.33021" lon="-2.96076"/>
            <trkpt lat="48.33114" lon="-2.96079"/>
            <trkpt lat="48.33134" lon="-2.96084"/>
            <trkpt lat="48.33177" lon="-2.96097"/>
            <trkpt lat="48.33221" lon="-2.96117"/>
            <trkpt lat="48.3331" lon="-2.96168"/>
            <trkpt lat="48.33365" lon="-2.96202"/>
            <trkpt lat="48.3337" lon="-2.96205"/>
            <trkpt lat="48.33378" lon="-2.96211"/>
            <trkpt lat="48.33408" lon="-2.96227"/>
            <trkpt lat="48.33438" lon="-2.96237"/>
            <trkpt lat="48.33442" lon="-2.96238"/>
            <trkpt lat="48.33475" lon="-2.96245"/>
            <trkpt lat="48.33478" lon="-2.96245"/>
            <trkpt lat="48.33495" lon="-2.96244"/>
            <trkpt lat="48.33502" lon="-2.96243"/>
            <trkpt lat="48.33515" lon="-2.96238"/>
            <trkpt lat="48.33536" lon="-2.96224"/>
            <trkpt lat="48.33554" lon="-2.96207"/>
            <trkpt lat="48.33566" lon="-2.96193"/>
            <trkpt lat="48.33596" lon="-2.96159"/>
            <trkpt lat="48.33616" lon="-2.96142"/>
            <trkpt lat="48.3364" lon="-2.96134"/>
            <trkpt lat="48.33701" lon="-2.96111"/>
            <trkpt lat="48.33728" lon="-2.96111"/>
            <trkpt lat="48.33745" lon="-2.96109"/>
            <trkpt lat="48.33757" lon="-2.96106"/>
            <trkpt lat="48.33763" lon="-2.96102"/>
            <trkpt lat="48.33793" lon="-2.96084"/>
            <trkpt lat="48.33809" lon="-2.96076"/>
            <trkpt lat="48.33852" lon="-2.9606"/>
            <trkpt lat="48.33868" lon="-2.96054"/>
            <trkpt lat="48.33896" lon="-2.96055"/>
            <trkpt lat="48.33914" lon="-2.96065"/>
            <trkpt lat="48.33936" lon="-2.96072"/>
            <trkpt lat="48.33952" lon="-2.96074"/>
            <trkpt lat="48.33983" lon="-2.96073"/>
            <trkpt lat="48.33984" lon="-2.96073"/>
            <trkpt lat="48.34024" lon="-2.96068"/>
            <trkpt lat="48.34042" lon="-2.96063"/>
            <trkpt lat="48.34085" lon="-2.96046"/>
            <trkpt lat="48.34107" lon="-2.96039"/>
            <trkpt lat="48.34122" lon="-2.96021"/>
            <trkpt lat="48.34142" lon="-2.95991"/>
            <trkpt lat="48.34157" lon="-2.95961"/>
            <trkpt lat="48.34174" lon="-2.95918"/>
            <trkpt lat="48.34195" lon="-2.9587"/>
            <trkpt lat="48.34209" lon="-2.9585"/>
            <trkpt lat="48.34234" lon="-2.95815"/>
            <trkpt lat="48.34262" lon="-2.9578"/>
            <trkpt lat="48.34286" lon="-2.95756"/>
            <trkpt lat="48.34305" lon="-2.9574"/>
            <trkpt lat="48.34321" lon="-2.95726"/>
            <trkpt lat="48.3434" lon="-2.9571"/>
            <trkpt lat="48.34351" lon="-2.95696"/>
            <trkpt lat="48.34371" lon="-2.95679"/>
            <trkpt lat="48.34382" lon="-2.95672"/>
            <trkpt lat="48.34412" lon="-2.95665"/>
            <trkpt lat="48.34423" lon="-2.9566"/>
            <trkpt lat="48.34431" lon="-2.95653"/>
            <trkpt lat="48.34439" lon="-2.95643"/>
            <trkpt lat="48.34464" lon="-2.95592"/>
            <trkpt lat="48.3448" lon="-2.95537"/>
            <trkpt lat="48.34487" lon="-2.95521"/>
            <trkpt lat="48.34496" lon="-2.95509"/>
            <trkpt lat="48.34511" lon="-2.95501"/>
            <trkpt lat="48.34619" lon="-2.95463"/>
            <trkpt lat="48.3463" lon="-2.95462"/>
            <trkpt lat="48.34664" lon="-2.95454"/>
            <trkpt lat="48.34692" lon="-2.95444"/>
            <trkpt lat="48.34704" lon="-2.95439"/>
            <trkpt lat="48.34722" lon="-2.95429"/>
            <trkpt lat="48.34762" lon="-2.95395"/>
            <trkpt lat="48.3479" lon="-2.95359"/>
            <trkpt lat="48.34841" lon="-2.95285"/>
            <trkpt lat="48.34965" lon="-2.95134"/>
            <trkpt lat="48.34981" lon="-2.95117"/>
            <trkpt lat="48.35018" lon="-2.95092"/>
            <trkpt lat="48.35031" lon="-2.95089"/>
            <trkpt lat="48.35041" lon="-2.95089"/>
            <trkpt lat="48.3505" lon="-2.9509"/>
            <trkpt lat="48.3509" lon="-2.95112"/>
            <trkpt lat="48.35102" lon="-2.95115"/>
            <trkpt lat="48.35113" lon="-2.95116"/>
            <trkpt lat="48.35143" lon="-2.951"/>
            <trkpt lat="48.3515" lon="-2.95093"/>
            <trkpt lat="48.35165" lon="-2.95066"/>
            <trkpt lat="48.35206" lon="-2.94991"/>
            <trkpt lat="48.35214" lon="-2.94983"/>
            <trkpt lat="48.35225" lon="-2.94975"/>
            <trkpt lat="48.3524" lon="-2.94973"/>
            <trkpt lat="48.35252" lon="-2.94969"/>
            <trkpt lat="48.35293" lon="-2.94974"/>
            <trkpt lat="48.35314" lon="-2.94978"/>
            <trkpt lat="48.35334" lon="-2.94985"/>
            <trkpt lat="48.35359" lon="-2.94981"/>
            <trkpt lat="48.35394" lon="-2.94996"/>
            <trkpt lat="48.3542" lon="-2.9501"/>
            <trkpt lat="48.35453" lon="-2.95033"/>
            <trkpt lat="48.35509" lon="-2.95086"/>
            <trkpt lat="48.35549" lon="-2.95123"/>
            <trkpt lat="48.35565" lon="-2.95136"/>
            <trkpt lat="48.3564" lon="-2.95181"/>
            <trkpt lat="48.3571" lon="-2.9522"/>
            <trkpt lat="48.35744" lon="-2.95244"/>
            <trkpt lat="48.35801" lon="-2.95296"/>
            <trkpt lat="48.35933" lon="-2.95424"/>
            <trkpt lat="48.35994" lon="-2.95489"/>
            <trkpt lat="48.3602" lon="-2.95519"/>
            <trkpt lat="48.36028" lon="-2.95537"/>
            <trkpt lat="48.36033" lon="-2.95549"/>
            <trkpt lat="48.36037" lon="-2.95568"/>
            <trkpt lat="48.36039" lon="-2.95621"/>
            <trkpt lat="48.36099" lon="-2.95571"/>
            <trkpt lat="48.36153" lon="-2.95527"/>
            <trkpt lat="48.3617" lon="-2.95517"/>
            <trkpt lat="48.36182" lon="-2.95506"/>
            <trkpt lat="48.36289" lon="-2.95412"/>
            <trkpt lat="48.36324" lon="-2.95381"/>
            <trkpt lat="48.3635" lon="-2.95359"/>
            <trkpt lat="48.36412" lon="-2.95299"/>
            <trkpt lat="48.36453" lon="-2.95255"/>
            <trkpt lat="48.36485" lon="-2.95219"/>
            <trkpt lat="48.3656" lon="-2.9513"/>
            <trkpt lat="48.36604" lon="-2.95073"/>
            <trkpt lat="48.36747" lon="-2.94881"/>
            <trkpt lat="48.36788" lon="-2.94826"/>
            <trkpt lat="48.36791" lon="-2.94834"/>
            <trkpt lat="48.36795" lon="-2.94841"/>
            <trkpt lat="48.36798" lon="-2.94843"/>
            <trkpt lat="48.36802" lon="-2.94845"/>
            <trkpt lat="48.36807" lon="-2.94846"/>
            <trkpt lat="48.36815" lon="-2.94845"/>
            <trkpt lat="48.36911" lon="-2.94857"/>
            <trkpt lat="48.36952" lon="-2.94858"/>
            <trkpt lat="48.36988" lon="-2.94864"/>
            <trkpt lat="48.37049" lon="-2.94872"/>
            <trkpt lat="48.37165" lon="-2.94904"/>
            <trkpt lat="48.37195" lon="-2.94919"/>
            <trkpt lat="48.37203" lon="-2.94924"/>
            <trkpt lat="48.37212" lon="-2.94938"/>
            <trkpt lat="48.3722" lon="-2.94967"/>
            <trkpt lat="48.37232" lon="-2.95017"/>
            <trkpt lat="48.37238" lon="-2.95045"/>
            <trkpt lat="48.37241" lon="-2.95077"/>
            <trkpt lat="48.37242" lon="-2.95107"/>
            <trkpt lat="48.37238" lon="-2.95139"/>
            <trkpt lat="48.37235" lon="-2.95173"/>
            <trkpt lat="48.37225" lon="-2.9523"/>
            <trkpt lat="48.37225" lon="-2.95239"/>
            <trkpt lat="48.37227" lon="-2.95249"/>
            <trkpt lat="48.37233" lon="-2.95258"/>
            <trkpt lat="48.37251" lon="-2.95269"/>
            <trkpt lat="48.37259" lon="-2.95271"/>
            <trkpt lat="48.37269" lon="-2.95273"/>
            <trkpt lat="48.37285" lon="-2.95282"/>
            <trkpt lat="48.37303" lon="-2.95296"/>
            <trkpt lat="48.37361" lon="-2.95351"/>
            <trkpt lat="48.37383" lon="-2.95369"/>
            <trkpt lat="48.37402" lon="-2.9539"/>
            <trkpt lat="48.3742" lon="-2.95414"/>
            <trkpt lat="48.37455" lon="-2.95477"/>
            <trkpt lat="48.37476" lon="-2.95519"/>
            <trkpt lat="48.37484" lon="-2.95546"/>
            <trkpt lat="48.37488" lon="-2.9557"/>
            <trkpt lat="48.37489" lon="-2.95595"/>
            <trkpt lat="48.37485" lon="-2.95627"/>
            <trkpt lat="48.37484" lon="-2.9563"/>
            <trkpt lat="48.3748" lon="-2.95655"/>
            <trkpt lat="48.3748" lon="-2.95656"/>
            <trkpt lat="48.37478" lon="-2.95674"/>
            <trkpt lat="48.37478" lon="-2.957"/>
            <trkpt lat="48.37484" lon="-2.95727"/>
            <trkpt lat="48.375" lon="-2.95777"/>
            <trkpt lat="48.37536" lon="-2.95875"/>
            <trkpt lat="48.37546" lon="-2.95915"/>
            <trkpt lat="48.3756" lon="-2.95905"/>
            <trkpt lat="48.3757" lon="-2.95892"/>
            <trkpt lat="48.37584" lon="-2.9586"/>
            <trkpt lat="48.37686" lon="-2.95503"/>
            <trkpt lat="48.37715" lon="-2.95419"/>
            <trkpt lat="48.37733" lon="-2.95363"/>
            <trkpt lat="48.37841" lon="-2.95358"/>
            <trkpt lat="48.3793" lon="-2.95358"/>
            <trkpt lat="48.37962" lon="-2.95361"/>
            <trkpt lat="48.37982" lon="-2.95364"/>
            <trkpt lat="48.3806" lon="-2.95384"/>
            <trkpt lat="48.38095" lon="-2.95393"/>
            <trkpt lat="48.38161" lon="-2.95413"/>
            <trkpt lat="48.38379" lon="-2.95475"/>
            <trkpt lat="48.38404" lon="-2.95482"/>
            <trkpt lat="48.38418" lon="-2.95486"/>
            <trkpt lat="48.38432" lon="-2.95487"/>
            <trkpt lat="48.38452" lon="-2.95484"/>
            <trkpt lat="48.38473" lon="-2.95479"/>
            <trkpt lat="48.385" lon="-2.95467"/>
            <trkpt lat="48.3853" lon="-2.95446"/>
            <trkpt lat="48.38563" lon="-2.95422"/>
            <trkpt lat="48.38592" lon="-2.95393"/>
            <trkpt lat="48.38609" lon="-2.95375"/>
            <trkpt lat="48.38616" lon="-2.95367"/>
            <trkpt lat="48.38637" lon="-2.95357"/>
            <trkpt lat="48.38671" lon="-2.95336"/>
            <trkpt lat="48.38686" lon="-2.95316"/>
            <trkpt lat="48.38696" lon="-2.95297"/>
            <trkpt lat="48.38738" lon="-2.95244"/>
            <trkpt lat="48.38753" lon="-2.9523"/>
            <trkpt lat="48.3879" lon="-2.95195"/>
            <trkpt lat="48.38797" lon="-2.95187"/>
            <trkpt lat="48.38819" lon="-2.95138"/>
            <trkpt lat="48.38841" lon="-2.95097"/>
            <trkpt lat="48.3886" lon="-2.9507"/>
            <trkpt lat="48.38878" lon="-2.95052"/>
            <trkpt lat="48.38891" lon="-2.95041"/>
            <trkpt lat="48.38923" lon="-2.95024"/>
            <trkpt lat="48.38987" lon="-2.94994"/>
            <trkpt lat="48.3902" lon="-2.94982"/>
            <trkpt lat="48.39047" lon="-2.94976"/>
            <trkpt lat="48.39051" lon="-2.94975"/>
            <trkpt lat="48.39069" lon="-2.94968"/>
            <trkpt lat="48.39075" lon="-2.94965"/>
            <trkpt lat="48.39177" lon="-2.94894"/>
            <trkpt lat="48.39202" lon="-2.94887"/>
            <trkpt lat="48.39226" lon="-2.94883"/>
            <trkpt lat="48.39232" lon="-2.94883"/>
            <trkpt lat="48.39248" lon="-2.94881"/>
            <trkpt lat="48.3929" lon="-2.9488"/>
            <trkpt lat="48.39302" lon="-2.94877"/>
            <trkpt lat="48.39311" lon="-2.94871"/>
            <trkpt lat="48.39321" lon="-2.94857"/>
            <trkpt lat="48.39348" lon="-2.94803"/>
            <trkpt lat="48.39402" lon="-2.94665"/>
            <trkpt lat="48.39408" lon="-2.9466"/>
            <trkpt lat="48.39416" lon="-2.94657"/>
            <trkpt lat="48.3942" lon="-2.94614"/>
            <trkpt lat="48.39436" lon="-2.94526"/>
            <trkpt lat="48.39439" lon="-2.94513"/>
            <trkpt lat="48.3946" lon="-2.94438"/>
            <trkpt lat="48.39461" lon="-2.94434"/>
            <trkpt lat="48.3947" lon="-2.94394"/>
            <trkpt lat="48.39486" lon="-2.94309"/>
            <trkpt lat="48.39522" lon="-2.94191"/>
            <trkpt lat="48.3954" lon="-2.94111"/>
            <trkpt lat="48.39541" lon="-2.94108"/>
            <trkpt lat="48.39569" lon="-2.94022"/>
            <trkpt lat="48.39593" lon="-2.9396"/>
            <trkpt lat="48.39597" lon="-2.93948"/>
            <trkpt lat="48.39614" lon="-2.939"/>
            <trkpt lat="48.39626" lon="-2.93879"/>
            <trkpt lat="48.39745" lon="-2.93715"/>
            <trkpt lat="48.39801" lon="-2.9363"/>
            <trkpt lat="48.39811" lon="-2.9361"/>
            <trkpt lat="48.39818" lon="-2.93593"/>
            <trkpt lat="48.39823" lon="-2.93582"/>
            <trkpt lat="48.39835" lon="-2.93544"/>
            <trkpt lat="48.39845" lon="-2.93497"/>
            <trkpt lat="48.3985" lon="-2.93455"/>
            <trkpt lat="48.39851" lon="-2.93296"/>
            <trkpt lat="48.39854" lon="-2.93273"/>
            <trkpt lat="48.39858" lon="-2.93259"/>
            <trkpt lat="48.39863" lon="-2.93248"/>
            <trkpt lat="48.3987" lon="-2.93239"/>
            <trkpt lat="48.39881" lon="-2.93231"/>
            <trkpt lat="48.39896" lon="-2.93228"/>
            <trkpt lat="48.39917" lon="-2.93231"/>
            <trkpt lat="48.39959" lon="-2.93246"/>
            <trkpt lat="48.39983" lon="-2.93249"/>
            <trkpt lat="48.39994" lon="-2.93245"/>
            <trkpt lat="48.40048" lon="-2.93204"/>
            <trkpt lat="48.40106" lon="-2.93158"/>
            <trkpt lat="48.40116" lon="-2.93149"/>
            <trkpt lat="48.40123" lon="-2.93142"/>
            <trkpt lat="48.40139" lon="-2.93126"/>
            <trkpt lat="48.40158" lon="-2.93104"/>
            <trkpt lat="48.40173" lon="-2.93082"/>
            <trkpt lat="48.40186" lon="-2.93063"/>
            <trkpt lat="48.40191" lon="-2.93056"/>
            <trkpt lat="48.40204" lon="-2.93029"/>
            <trkpt lat="48.40214" lon="-2.92997"/>
            <trkpt lat="48.4024" lon="-2.92882"/>
            <trkpt lat="48.40249" lon="-2.92856"/>
            <trkpt lat="48.40255" lon="-2.92831"/>
            <trkpt lat="48.40259" lon="-2.92816"/>
            <trkpt lat="48.40271" lon="-2.92752"/>
            <trkpt lat="48.40276" lon="-2.92719"/>
            <trkpt lat="48.40277" lon="-2.92706"/>
            <trkpt lat="48.4028" lon="-2.92661"/>
            <trkpt lat="48.40284" lon="-2.92579"/>
            <trkpt lat="48.40285" lon="-2.92561"/>
            <trkpt lat="48.40297" lon="-2.92479"/>
            <trkpt lat="48.40307" lon="-2.92357"/>
            <trkpt lat="48.40311" lon="-2.92297"/>
            <trkpt lat="48.40318" lon="-2.9225"/>
            <trkpt lat="48.40321" lon="-2.92236"/>
            <trkpt lat="48.40326" lon="-2.92211"/>
            <trkpt lat="48.40332" lon="-2.92185"/>
            <trkpt lat="48.40337" lon="-2.92135"/>
            <trkpt lat="48.40338" lon="-2.92114"/>
            <trkpt lat="48.4034" lon="-2.92078"/>
            <trkpt lat="48.40338" lon="-2.92051"/>
            <trkpt lat="48.40336" lon="-2.92037"/>
            <trkpt lat="48.40331" lon="-2.92018"/>
            <trkpt lat="48.4032" lon="-2.91986"/>
            <trkpt lat="48.40309" lon="-2.91962"/>
            <trkpt lat="48.40302" lon="-2.91949"/>
            <trkpt lat="48.40296" lon="-2.91939"/>
            <trkpt lat="48.40292" lon="-2.91927"/>
            <trkpt lat="48.40284" lon="-2.91901"/>
            <trkpt lat="48.40279" lon="-2.91856"/>
            <trkpt lat="48.40278" lon="-2.91839"/>
            <trkpt lat="48.40279" lon="-2.91799"/>
            <trkpt lat="48.40279" lon="-2.91784"/>
            <trkpt lat="48.40281" lon="-2.91675"/>
            <trkpt lat="48.40282" lon="-2.91658"/>
            <trkpt lat="48.40286" lon="-2.916"/>
            <trkpt lat="48.40295" lon="-2.91531"/>
            <trkpt lat="48.40305" lon="-2.914"/>
            <trkpt lat="48.40307" lon="-2.91376"/>
            <trkpt lat="48.40315" lon="-2.91249"/>
            <trkpt lat="48.40278" lon="-2.91232"/>
            <trkpt lat="48.40248" lon="-2.91217"/>
            <trkpt lat="48.40201" lon="-2.91167"/>
            <trkpt lat="48.40185" lon="-2.91149"/>
            <trkpt lat="48.40194" lon="-2.91147"/>
            <trkpt lat="48.402" lon="-2.91144"/>
            <trkpt lat="48.4021" lon="-2.91137"/>
            <trkpt lat="48.40218" lon="-2.91128"/>
            <trkpt lat="48.40225" lon="-2.91117"/>
            <trkpt lat="48.40232" lon="-2.911"/>
            <trkpt lat="48.4023" lon="-2.91066"/>
            <trkpt lat="48.40231" lon="-2.91056"/>
            <trkpt lat="48.40232" lon="-2.91047"/>
            <trkpt lat="48.40248" lon="-2.90993"/>
            <trkpt lat="48.40253" lon="-2.90978"/>
            <trkpt lat="48.40265" lon="-2.90988"/>
            <trkpt lat="48.40268" lon="-2.9099"/>
            <trkpt lat="48.40281" lon="-2.90994"/>
            <trkpt lat="48.40297" lon="-2.90997"/>
            <trkpt lat="48.40306" lon="-2.90999"/>
            <trkpt lat="48.40333" lon="-2.91012"/>
            <trkpt lat="48.40333" lon="-2.91005"/>
            <trkpt lat="48.40333" lon="-2.91005"/>
            <trkpt lat="48.40334" lon="-2.9099"/>
            <trkpt lat="48.40398" lon="-2.91001"/>
            <trkpt lat="48.404" lon="-2.91037"/>
            <trkpt lat="48.40401" lon="-2.91063"/>
            <trkpt lat="48.40401" lon="-2.91086"/>
            <trkpt lat="48.4043" lon="-2.91072"/>
            <trkpt lat="48.40463" lon="-2.91055"/>
            <trkpt lat="48.40484" lon="-2.9104"/>
            <trkpt lat="48.40492" lon="-2.91033"/>
            <trkpt lat="48.40497" lon="-2.91027"/>
            <trkpt lat="48.40512" lon="-2.91003"/>
            <trkpt lat="48.40532" lon="-2.90981"/>
            <trkpt lat="48.40556" lon="-2.90955"/>
            <trkpt lat="48.4057" lon="-2.90939"/>
            <trkpt lat="48.40576" lon="-2.90932"/>
            <trkpt lat="48.40589" lon="-2.90915"/>
            <trkpt lat="48.40593" lon="-2.90907"/>
            <trkpt lat="48.40598" lon="-2.90895"/>
            <trkpt lat="48.40612" lon="-2.90857"/>
            <trkpt lat="48.40616" lon="-2.90849"/>
            <trkpt lat="48.4061" lon="-2.90831"/>
            <trkpt lat="48.40609" lon="-2.90827"/>
            <trkpt lat="48.40608" lon="-2.90819"/>
            <trkpt lat="48.40645" lon="-2.90834"/>
            <trkpt lat="48.40654" lon="-2.90832"/>
            <trkpt lat="48.40676" lon="-2.90825"/>
            <trkpt lat="48.40694" lon="-2.90814"/>
            <trkpt lat="48.40761" lon="-2.90762"/>
            <trkpt lat="48.40811" lon="-2.90721"/>
            <trkpt lat="48.40829" lon="-2.90703"/>
            <trkpt lat="48.40843" lon="-2.90689"/>
            <trkpt lat="48.40858" lon="-2.90677"/>
            <trkpt lat="48.40895" lon="-2.90652"/>
            <trkpt lat="48.40923" lon="-2.90633"/>
            <trkpt lat="48.40932" lon="-2.90626"/>
            <trkpt lat="48.40941" lon="-2.90618"/>
            <trkpt lat="48.40976" lon="-2.9059"/>
            <trkpt lat="48.40986" lon="-2.90585"/>
            <trkpt lat="48.41027" lon="-2.90571"/>
            <trkpt lat="48.41054" lon="-2.90565"/>
            <trkpt lat="48.41083" lon="-2.90555"/>
            <trkpt lat="48.41096" lon="-2.90548"/>
            <trkpt lat="48.41104" lon="-2.90541"/>
            <trkpt lat="48.41116" lon="-2.90527"/>
            <trkpt lat="48.41186" lon="-2.90409"/>
            <trkpt lat="48.41205" lon="-2.90375"/>
            <trkpt lat="48.41217" lon="-2.9036"/>
            <trkpt lat="48.41226" lon="-2.90355"/>
            <trkpt lat="48.41233" lon="-2.9035"/>
            <trkpt lat="48.41244" lon="-2.90341"/>
            <trkpt lat="48.41268" lon="-2.90323"/>
            <trkpt lat="48.41307" lon="-2.9029"/>
            <trkpt lat="48.41383" lon="-2.90243"/>
            <trkpt lat="48.41421" lon="-2.90214"/>
            <trkpt lat="48.41456" lon="-2.90192"/>
            <trkpt lat="48.41466" lon="-2.90188"/>
            <trkpt lat="48.41488" lon="-2.90184"/>
            <trkpt lat="48.41512" lon="-2.90184"/>
            <trkpt lat="48.41654" lon="-2.90181"/>
            <trkpt lat="48.41713" lon="-2.90166"/>
            <trkpt lat="48.41764" lon="-2.90141"/>
            <trkpt lat="48.41818" lon="-2.9011"/>
            <trkpt lat="48.41858" lon="-2.90082"/>
            <trkpt lat="48.41906" lon="-2.90043"/>
            <trkpt lat="48.4191" lon="-2.90039"/>
            <trkpt lat="48.41947" lon="-2.90006"/>
            <trkpt lat="48.41992" lon="-2.8996"/>
            <trkpt lat="48.42016" lon="-2.89935"/>
            <trkpt lat="48.42047" lon="-2.89895"/>
            <trkpt lat="48.42043" lon="-2.89881"/>
            <trkpt lat="48.42023" lon="-2.89831"/>
            <trkpt lat="48.41989" lon="-2.89731"/>
            <trkpt lat="48.41927" lon="-2.8957"/>
            <trkpt lat="48.41901" lon="-2.89508"/>
            <trkpt lat="48.41893" lon="-2.89481"/>
            <trkpt lat="48.41885" lon="-2.89441"/>
            <trkpt lat="48.41882" lon="-2.89412"/>
            <trkpt lat="48.41871" lon="-2.89281"/>
            <trkpt lat="48.41868" lon="-2.89241"/>
            <trkpt lat="48.41861" lon="-2.89162"/>
            <trkpt lat="48.41861" lon="-2.89146"/>
            <trkpt lat="48.41865" lon="-2.89116"/>
            <trkpt lat="48.41871" lon="-2.89093"/>
            <trkpt lat="48.41882" lon="-2.89049"/>
            <trkpt lat="48.41888" lon="-2.89026"/>
            <trkpt lat="48.41889" lon="-2.89023"/>
            <trkpt lat="48.41896" lon="-2.8896"/>
            <trkpt lat="48.41895" lon="-2.88943"/>
            <trkpt lat="48.419" lon="-2.88888"/>
            <trkpt lat="48.41914" lon="-2.88811"/>
            <trkpt lat="48.41915" lon="-2.88801"/>
            <trkpt lat="48.41914" lon="-2.88777"/>
            <trkpt lat="48.41911" lon="-2.88757"/>
            <trkpt lat="48.41904" lon="-2.88727"/>
            <trkpt lat="48.41904" lon="-2.88705"/>
            <trkpt lat="48.41907" lon="-2.88675"/>
            <trkpt lat="48.41912" lon="-2.88649"/>
            <trkpt lat="48.41931" lon="-2.88483"/>
            <trkpt lat="48.41944" lon="-2.8833"/>
            <trkpt lat="48.41967" lon="-2.88215"/>
            <trkpt lat="48.4197" lon="-2.88185"/>
            <trkpt lat="48.41969" lon="-2.88128"/>
            <trkpt lat="48.41962" lon="-2.88079"/>
            <trkpt lat="48.41951" lon="-2.88039"/>
            <trkpt lat="48.41939" lon="-2.88016"/>
            <trkpt lat="48.41936" lon="-2.88003"/>
            <trkpt lat="48.41918" lon="-2.87973"/>
            <trkpt lat="48.41879" lon="-2.87924"/>
            <trkpt lat="48.41847" lon="-2.87885"/>
            <trkpt lat="48.41811" lon="-2.87842"/>
            <trkpt lat="48.41811" lon="-2.87842"/>
            <trkpt lat="48.41772" lon="-2.87799"/>
            <trkpt lat="48.41749" lon="-2.87781"/>
            <trkpt lat="48.41718" lon="-2.87763"/>
            <trkpt lat="48.41697" lon="-2.87752"/>
            <trkpt lat="48.41608" lon="-2.87711"/>
            <trkpt lat="48.41578" lon="-2.87695"/>
            <trkpt lat="48.41545" lon="-2.87672"/>
            <trkpt lat="48.41523" lon="-2.8765"/>
            <trkpt lat="48.41521" lon="-2.87648"/>
            <trkpt lat="48.41487" lon="-2.87619"/>
            <trkpt lat="48.41435" lon="-2.87576"/>
            <trkpt lat="48.41415" lon="-2.87554"/>
            <trkpt lat="48.41403" lon="-2.87534"/>
            <trkpt lat="48.414" lon="-2.87526"/>
            <trkpt lat="48.4139" lon="-2.875"/>
            <trkpt lat="48.41386" lon="-2.87458"/>
            <trkpt lat="48.41384" lon="-2.874"/>
            <trkpt lat="48.41378" lon="-2.87358"/>
            <trkpt lat="48.41367" lon="-2.87312"/>
            <trkpt lat="48.41363" lon="-2.87294"/>
            <trkpt lat="48.41359" lon="-2.8727"/>
            <trkpt lat="48.41355" lon="-2.87233"/>
            <trkpt lat="48.41351" lon="-2.87188"/>
            <trkpt lat="48.41348" lon="-2.8717"/>
            <trkpt lat="48.41344" lon="-2.87156"/>
            <trkpt lat="48.41336" lon="-2.87139"/>
            <trkpt lat="48.41314" lon="-2.87099"/>
            <trkpt lat="48.41306" lon="-2.87079"/>
            <trkpt lat="48.41301" lon="-2.87053"/>
            <trkpt lat="48.41297" lon="-2.87026"/>
            <trkpt lat="48.41296" lon="-2.87008"/>
            <trkpt lat="48.41294" lon="-2.86972"/>
            <trkpt lat="48.41293" lon="-2.8695"/>
            <trkpt lat="48.41297" lon="-2.86866"/>
            <trkpt lat="48.41312" lon="-2.86726"/>
            <trkpt lat="48.4131" lon="-2.86662"/>
            <trkpt lat="48.4131" lon="-2.8659"/>
            <trkpt lat="48.41312" lon="-2.86502"/>
            <trkpt lat="48.41314" lon="-2.86446"/>
            <trkpt lat="48.41312" lon="-2.86413"/>
            <trkpt lat="48.41305" lon="-2.86376"/>
            <trkpt lat="48.41287" lon="-2.86315"/>
            <trkpt lat="48.41285" lon="-2.8631"/>
            <trkpt lat="48.41273" lon="-2.86266"/>
            <trkpt lat="48.41223" lon="-2.86141"/>
            <trkpt lat="48.41206" lon="-2.86104"/>
            <trkpt lat="48.41201" lon="-2.86084"/>
            <trkpt lat="48.41183" lon="-2.86023"/>
            <trkpt lat="48.41179" lon="-2.86012"/>
            <trkpt lat="48.41165" lon="-2.8598"/>
            <trkpt lat="48.41156" lon="-2.85969"/>
            <trkpt lat="48.41136" lon="-2.8595"/>
            <trkpt lat="48.41113" lon="-2.85936"/>
            <trkpt lat="48.41096" lon="-2.85906"/>
            <trkpt lat="48.41089" lon="-2.85895"/>
            <trkpt lat="48.41068" lon="-2.85863"/>
            <trkpt lat="48.41053" lon="-2.8583"/>
            <trkpt lat="48.41048" lon="-2.85819"/>
            <trkpt lat="48.40989" lon="-2.85645"/>
            <trkpt lat="48.40989" lon="-2.85643"/>
            <trkpt lat="48.40965" lon="-2.85591"/>
            <trkpt lat="48.40946" lon="-2.85555"/>
            <trkpt lat="48.40933" lon="-2.85537"/>
            <trkpt lat="48.40916" lon="-2.85521"/>
            <trkpt lat="48.40905" lon="-2.85516"/>
            <trkpt lat="48.4087" lon="-2.855"/>
            <trkpt lat="48.40855" lon="-2.85487"/>
            <trkpt lat="48.40847" lon="-2.85475"/>
            <trkpt lat="48.40843" lon="-2.85465"/>
            <trkpt lat="48.40842" lon="-2.85455"/>
            <trkpt lat="48.40841" lon="-2.85433"/>
            <trkpt lat="48.40842" lon="-2.85407"/>
            <trkpt lat="48.40868" lon="-2.85185"/>
            <trkpt lat="48.40871" lon="-2.85135"/>
            <trkpt lat="48.40869" lon="-2.85106"/>
            <trkpt lat="48.40859" lon="-2.84975"/>
            <trkpt lat="48.40851" lon="-2.84884"/>
            <trkpt lat="48.40842" lon="-2.84809"/>
            <trkpt lat="48.40833" lon="-2.84721"/>
            <trkpt lat="48.40832" lon="-2.84698"/>
            <trkpt lat="48.4083" lon="-2.84664"/>
            <trkpt lat="48.4083" lon="-2.84596"/>
            <trkpt lat="48.40838" lon="-2.84542"/>
            <trkpt lat="48.40841" lon="-2.8451"/>
            <trkpt lat="48.40836" lon="-2.84462"/>
            <trkpt lat="48.40834" lon="-2.84449"/>
            <trkpt lat="48.40846" lon="-2.84436"/>
            <trkpt lat="48.40848" lon="-2.84412"/>
            <trkpt lat="48.40851" lon="-2.84381"/>
            <trkpt lat="48.4086" lon="-2.84325"/>
            <trkpt lat="48.40863" lon="-2.84293"/>
            <trkpt lat="48.40864" lon="-2.84252"/>
            <trkpt lat="48.40863" lon="-2.84119"/>
            <trkpt lat="48.40862" lon="-2.8409"/>
            <trkpt lat="48.40859" lon="-2.84072"/>
            <trkpt lat="48.40858" lon="-2.84066"/>
            <trkpt lat="48.40855" lon="-2.84055"/>
            <trkpt lat="48.40852" lon="-2.84046"/>
            <trkpt lat="48.40848" lon="-2.84038"/>
            <trkpt lat="48.40828" lon="-2.84006"/>
            <trkpt lat="48.40827" lon="-2.84003"/>
            <trkpt lat="48.40822" lon="-2.83993"/>
            <trkpt lat="48.40819" lon="-2.83985"/>
            <trkpt lat="48.40817" lon="-2.83976"/>
            <trkpt lat="48.40815" lon="-2.83953"/>
            <trkpt lat="48.40816" lon="-2.83925"/>
            <trkpt lat="48.40824" lon="-2.83851"/>
            <trkpt lat="48.40827" lon="-2.83821"/>
            <trkpt lat="48.40827" lon="-2.83808"/>
            <trkpt lat="48.40828" lon="-2.83724"/>
            <trkpt lat="48.4083" lon="-2.83707"/>
            <trkpt lat="48.40832" lon="-2.83693"/>
            <trkpt lat="48.40834" lon="-2.83684"/>
            <trkpt lat="48.40839" lon="-2.83666"/>
            <trkpt lat="48.40843" lon="-2.8365"/>
            <trkpt lat="48.40855" lon="-2.83569"/>
            <trkpt lat="48.40862" lon="-2.83519"/>
            <trkpt lat="48.40876" lon="-2.83447"/>
            <trkpt lat="48.40877" lon="-2.83442"/>
            <trkpt lat="48.40885" lon="-2.83412"/>
            <trkpt lat="48.40892" lon="-2.83387"/>
            <trkpt lat="48.40955" lon="-2.83288"/>
            <trkpt lat="48.40962" lon="-2.83271"/>
            <trkpt lat="48.40968" lon="-2.83247"/>
            <trkpt lat="48.40973" lon="-2.83162"/>
            <trkpt lat="48.40976" lon="-2.83146"/>
            <trkpt lat="48.4098" lon="-2.83133"/>
            <trkpt lat="48.41013" lon="-2.83074"/>
            <trkpt lat="48.41018" lon="-2.83059"/>
            <trkpt lat="48.41021" lon="-2.83042"/>
            <trkpt lat="48.41022" lon="-2.8302"/>
            <trkpt lat="48.41018" lon="-2.82933"/>
            <trkpt lat="48.41021" lon="-2.82909"/>
            <trkpt lat="48.41024" lon="-2.82887"/>
            <trkpt lat="48.41037" lon="-2.82827"/>
            <trkpt lat="48.41038" lon="-2.82818"/>
            <trkpt lat="48.41039" lon="-2.82808"/>
            <trkpt lat="48.41038" lon="-2.82794"/>
            <trkpt lat="48.41036" lon="-2.8278"/>
            <trkpt lat="48.41027" lon="-2.82756"/>
            <trkpt lat="48.41007" lon="-2.8273"/>
            <trkpt lat="48.40963" lon="-2.82681"/>
            <trkpt lat="48.4093" lon="-2.82642"/>
            <trkpt lat="48.40903" lon="-2.82606"/>
            <trkpt lat="48.40892" lon="-2.82585"/>
            <trkpt lat="48.4088" lon="-2.8257"/>
            <trkpt lat="48.40849" lon="-2.8254"/>
            <trkpt lat="48.40839" lon="-2.82539"/>
            <trkpt lat="48.40826" lon="-2.82531"/>
            <trkpt lat="48.40814" lon="-2.82523"/>
            <trkpt lat="48.40798" lon="-2.82515"/>
            <trkpt lat="48.40789" lon="-2.82511"/>
            <trkpt lat="48.40763" lon="-2.82499"/>
            <trkpt lat="48.40746" lon="-2.82486"/>
            <trkpt lat="48.40739" lon="-2.82476"/>
            <trkpt lat="48.40726" lon="-2.82463"/>
            <trkpt lat="48.40712" lon="-2.82438"/>
            <trkpt lat="48.40706" lon="-2.82423"/>
            <trkpt lat="48.40699" lon="-2.82383"/>
            <trkpt lat="48.40692" lon="-2.82339"/>
            <trkpt lat="48.40691" lon="-2.82318"/>
            <trkpt lat="48.40692" lon="-2.82301"/>
            <trkpt lat="48.40693" lon="-2.82284"/>
            <trkpt lat="48.40696" lon="-2.82264"/>
            <trkpt lat="48.40713" lon="-2.82218"/>
            <trkpt lat="48.40714" lon="-2.82215"/>
            <trkpt lat="48.40719" lon="-2.82193"/>
            <trkpt lat="48.40719" lon="-2.82188"/>
            <trkpt lat="48.40722" lon="-2.82158"/>
            <trkpt lat="48.40723" lon="-2.82142"/>
            <trkpt lat="48.40724" lon="-2.82072"/>
            <trkpt lat="48.40725" lon="-2.82035"/>
            <trkpt lat="48.40731" lon="-2.81932"/>
            <trkpt lat="48.40733" lon="-2.81905"/>
            <trkpt lat="48.40734" lon="-2.81897"/>
            <trkpt lat="48.40738" lon="-2.81875"/>
            <trkpt lat="48.40755" lon="-2.81801"/>
            <trkpt lat="48.40757" lon="-2.81792"/>
            <trkpt lat="48.40795" lon="-2.81729"/>
            <trkpt lat="48.40789" lon="-2.81721"/>
            <trkpt lat="48.40764" lon="-2.8169"/>
            <trkpt lat="48.40745" lon="-2.81679"/>
            <trkpt lat="48.40729" lon="-2.8167"/>
            <trkpt lat="48.40718" lon="-2.81664"/>
            <trkpt lat="48.40709" lon="-2.81659"/>
            <trkpt lat="48.40704" lon="-2.81658"/>
            <trkpt lat="48.40703" lon="-2.8166"/>
            <trkpt lat="48.40701" lon="-2.81662"/>
            <trkpt lat="48.40699" lon="-2.81663"/>
            <trkpt lat="48.40697" lon="-2.81662"/>
            <trkpt lat="48.40696" lon="-2.8166"/>
            <trkpt lat="48.40695" lon="-2.81658"/>
            <trkpt lat="48.40694" lon="-2.81655"/>
            <trkpt lat="48.40695" lon="-2.81652"/>
            <trkpt lat="48.40696" lon="-2.81649"/>
            <trkpt lat="48.40698" lon="-2.81647"/>
            <trkpt lat="48.40697" lon="-2.81642"/>
            <trkpt lat="48.40696" lon="-2.81631"/>
            <trkpt lat="48.40696" lon="-2.8163"/>
            <trkpt lat="48.40692" lon="-2.81605"/>
            <trkpt lat="48.40684" lon="-2.81567"/>
            <trkpt lat="48.40679" lon="-2.81536"/>
            <trkpt lat="48.40677" lon="-2.81524"/>
            <trkpt lat="48.40677" lon="-2.81516"/>
            <trkpt lat="48.40681" lon="-2.81453"/>
            <trkpt lat="48.40682" lon="-2.81426"/>
            <trkpt lat="48.4069" lon="-2.81331"/>
            <trkpt lat="48.4069" lon="-2.8127"/>
            <trkpt lat="48.40693" lon="-2.8125"/>
            <trkpt lat="48.40694" lon="-2.81245"/>
            <trkpt lat="48.40694" lon="-2.81232"/>
            <trkpt lat="48.40694" lon="-2.81223"/>
            <trkpt lat="48.4069" lon="-2.812"/>
            <trkpt lat="48.40687" lon="-2.81185"/>
            <trkpt lat="48.40683" lon="-2.81146"/>
            <trkpt lat="48.40667" lon="-2.81079"/>
            <trkpt lat="48.40623" lon="-2.80934"/>
            <trkpt lat="48.40606" lon="-2.80861"/>
            <trkpt lat="48.40599" lon="-2.8083"/>
            <trkpt lat="48.40583" lon="-2.80759"/>
            <trkpt lat="48.40576" lon="-2.80726"/>
            <trkpt lat="48.40575" lon="-2.80721"/>
            <trkpt lat="48.40565" lon="-2.80682"/>
            <trkpt lat="48.40561" lon="-2.80673"/>
            <trkpt lat="48.40551" lon="-2.80644"/>
            <trkpt lat="48.40545" lon="-2.8063"/>
            <trkpt lat="48.4054" lon="-2.8062"/>
            <trkpt lat="48.40519" lon="-2.80585"/>
            <trkpt lat="48.40447" lon="-2.80485"/>
            <trkpt lat="48.40433" lon="-2.80462"/>
            <trkpt lat="48.40432" lon="-2.80459"/>
            <trkpt lat="48.40422" lon="-2.80438"/>
            <trkpt lat="48.4041" lon="-2.80407"/>
            <trkpt lat="48.40409" lon="-2.80404"/>
            <trkpt lat="48.40398" lon="-2.80342"/>
            <trkpt lat="48.40387" lon="-2.8026"/>
            <trkpt lat="48.40386" lon="-2.80256"/>
            <trkpt lat="48.40382" lon="-2.80206"/>
            <trkpt lat="48.40381" lon="-2.80174"/>
            <trkpt lat="48.40384" lon="-2.80137"/>
            <trkpt lat="48.40389" lon="-2.8011"/>
            <trkpt lat="48.4039" lon="-2.80087"/>
            <trkpt lat="48.40389" lon="-2.80072"/>
            <trkpt lat="48.40383" lon="-2.80042"/>
            <trkpt lat="48.40377" lon="-2.80027"/>
            <trkpt lat="48.40372" lon="-2.80011"/>
            <trkpt lat="48.40367" lon="-2.80001"/>
            <trkpt lat="48.40351" lon="-2.79964"/>
            <trkpt lat="48.40337" lon="-2.79924"/>
            <trkpt lat="48.40308" lon="-2.79826"/>
            <trkpt lat="48.40241" lon="-2.79551"/>
            <trkpt lat="48.4022" lon="-2.79475"/>
            <trkpt lat="48.40206" lon="-2.79435"/>
            <trkpt lat="48.40194" lon="-2.79389"/>
            <trkpt lat="48.40174" lon="-2.79287"/>
            <trkpt lat="48.40171" lon="-2.79272"/>
            <trkpt lat="48.40163" lon="-2.79201"/>
            <trkpt lat="48.40146" lon="-2.79126"/>
            <trkpt lat="48.40134" lon="-2.79054"/>
            <trkpt lat="48.40137" lon="-2.79053"/>
            <trkpt lat="48.40144" lon="-2.79049"/>
            <trkpt lat="48.40153" lon="-2.7904"/>
            <trkpt lat="48.40159" lon="-2.79033"/>
            <trkpt lat="48.40163" lon="-2.79025"/>
            <trkpt lat="48.40168" lon="-2.79007"/>
            <trkpt lat="48.4017" lon="-2.78989"/>
            <trkpt lat="48.40171" lon="-2.78965"/>
            <trkpt lat="48.40175" lon="-2.7892"/>
            <trkpt lat="48.40178" lon="-2.78871"/>
            <trkpt lat="48.40185" lon="-2.78813"/>
            <trkpt lat="48.4019" lon="-2.78792"/>
            <trkpt lat="48.40198" lon="-2.78763"/>
            <trkpt lat="48.4021" lon="-2.78736"/>
            <trkpt lat="48.40224" lon="-2.78699"/>
            <trkpt lat="48.4023" lon="-2.78678"/>
            <trkpt lat="48.40237" lon="-2.78623"/>
            <trkpt lat="48.40239" lon="-2.78596"/>
            <trkpt lat="48.4024" lon="-2.78582"/>
            <trkpt lat="48.40238" lon="-2.78541"/>
            <trkpt lat="48.40243" lon="-2.78474"/>
            <trkpt lat="48.40244" lon="-2.7841"/>
            <trkpt lat="48.40244" lon="-2.78389"/>
            <trkpt lat="48.4024" lon="-2.78301"/>
            <trkpt lat="48.40236" lon="-2.78257"/>
            <trkpt lat="48.40231" lon="-2.78223"/>
            <trkpt lat="48.40208" lon="-2.78107"/>
            <trkpt lat="48.40203" lon="-2.78081"/>
            <trkpt lat="48.40203" lon="-2.7808"/>
            <trkpt lat="48.40201" lon="-2.78062"/>
            <trkpt lat="48.40203" lon="-2.78041"/>
            <trkpt lat="48.40214" lon="-2.78013"/>
            <trkpt lat="48.40232" lon="-2.77971"/>
            <trkpt lat="48.40251" lon="-2.77936"/>
            <trkpt lat="48.40258" lon="-2.77914"/>
            <trkpt lat="48.40273" lon="-2.77857"/>
            <trkpt lat="48.40277" lon="-2.77841"/>
            <trkpt lat="48.40288" lon="-2.77793"/>
            <trkpt lat="48.40289" lon="-2.77785"/>
            <trkpt lat="48.40291" lon="-2.7777"/>
            <trkpt lat="48.40291" lon="-2.77733"/>
            <trkpt lat="48.40284" lon="-2.77711"/>
            <trkpt lat="48.40277" lon="-2.77696"/>
            <trkpt lat="48.40271" lon="-2.77671"/>
            <trkpt lat="48.40261" lon="-2.77642"/>
            <trkpt lat="48.40258" lon="-2.77616"/>
            <trkpt lat="48.40257" lon="-2.77588"/>
            <trkpt lat="48.40263" lon="-2.77533"/>
            <trkpt lat="48.40269" lon="-2.77501"/>
            <trkpt lat="48.40273" lon="-2.77435"/>
            <trkpt lat="48.40273" lon="-2.77432"/>
            <trkpt lat="48.40272" lon="-2.77398"/>
            <trkpt lat="48.40269" lon="-2.77378"/>
            <trkpt lat="48.40264" lon="-2.77355"/>
            <trkpt lat="48.40243" lon="-2.77323"/>
            <trkpt lat="48.4019" lon="-2.77241"/>
            <trkpt lat="48.40176" lon="-2.77214"/>
            <trkpt lat="48.40161" lon="-2.77176"/>
            <trkpt lat="48.40153" lon="-2.77148"/>
            <trkpt lat="48.40151" lon="-2.7714"/>
            <trkpt lat="48.40145" lon="-2.77101"/>
            <trkpt lat="48.40136" lon="-2.77049"/>
            <trkpt lat="48.40126" lon="-2.76979"/>
            <trkpt lat="48.40123" lon="-2.76934"/>
            <trkpt lat="48.4012" lon="-2.76886"/>
            <trkpt lat="48.40122" lon="-2.76855"/>
            <trkpt lat="48.40122" lon="-2.76851"/>
            <trkpt lat="48.40122" lon="-2.76847"/>
            <trkpt lat="48.40135" lon="-2.76767"/>
            <trkpt lat="48.40163" lon="-2.76642"/>
            <trkpt lat="48.40169" lon="-2.76629"/>
            <trkpt lat="48.40234" lon="-2.76544"/>
            <trkpt lat="48.40264" lon="-2.76501"/>
            <trkpt lat="48.40309" lon="-2.76437"/>
            <trkpt lat="48.40342" lon="-2.76397"/>
            <trkpt lat="48.40374" lon="-2.76367"/>
            <trkpt lat="48.40391" lon="-2.76355"/>
            <trkpt lat="48.40472" lon="-2.76314"/>
            <trkpt lat="48.40507" lon="-2.76294"/>
            <trkpt lat="48.40531" lon="-2.76278"/>
            <trkpt lat="48.40564" lon="-2.76252"/>
            <trkpt lat="48.40576" lon="-2.7624"/>
            <trkpt lat="48.40589" lon="-2.7622"/>
            <trkpt lat="48.40593" lon="-2.76213"/>
            <trkpt lat="48.40603" lon="-2.76192"/>
            <trkpt lat="48.4061" lon="-2.76175"/>
            <trkpt lat="48.40634" lon="-2.76106"/>
            <trkpt lat="48.40663" lon="-2.76016"/>
            <trkpt lat="48.4068" lon="-2.75953"/>
            <trkpt lat="48.40686" lon="-2.75915"/>
            <trkpt lat="48.40687" lon="-2.75894"/>
            <trkpt lat="48.40688" lon="-2.7588"/>
            <trkpt lat="48.40683" lon="-2.75834"/>
            <trkpt lat="48.40672" lon="-2.75789"/>
            <trkpt lat="48.40643" lon="-2.75677"/>
            <trkpt lat="48.40638" lon="-2.75648"/>
            <trkpt lat="48.40636" lon="-2.75623"/>
            <trkpt lat="48.40637" lon="-2.7558"/>
            <trkpt lat="48.40639" lon="-2.75546"/>
            <trkpt lat="48.40652" lon="-2.75429"/>
            <trkpt lat="48.40671" lon="-2.75305"/>
            <trkpt lat="48.40687" lon="-2.75176"/>
            <trkpt lat="48.40688" lon="-2.75164"/>
            <trkpt lat="48.40687" lon="-2.75152"/>
            <trkpt lat="48.40685" lon="-2.75134"/>
            <trkpt lat="48.40685" lon="-2.75132"/>
            <trkpt lat="48.4068" lon="-2.75114"/>
            <trkpt lat="48.40654" lon="-2.75048"/>
            <trkpt lat="48.40643" lon="-2.75022"/>
            <trkpt lat="48.40624" lon="-2.74971"/>
            <trkpt lat="48.40615" lon="-2.74941"/>
            <trkpt lat="48.40606" lon="-2.74897"/>
            <trkpt lat="48.40602" lon="-2.74847"/>
            <trkpt lat="48.40599" lon="-2.74685"/>
            <trkpt lat="48.406" lon="-2.74658"/>
            <trkpt lat="48.40603" lon="-2.74597"/>
            <trkpt lat="48.40607" lon="-2.74539"/>
            <trkpt lat="48.40609" lon="-2.74496"/>
            <trkpt lat="48.40609" lon="-2.74459"/>
            <trkpt lat="48.40608" lon="-2.7444"/>
            <trkpt lat="48.40606" lon="-2.74426"/>
            <trkpt lat="48.40603" lon="-2.74402"/>
            <trkpt lat="48.40592" lon="-2.74362"/>
            <trkpt lat="48.40594" lon="-2.74351"/>
            <trkpt lat="48.40597" lon="-2.7434"/>
            <trkpt lat="48.40602" lon="-2.74323"/>
            <trkpt lat="48.4058" lon="-2.74277"/>
            <trkpt lat="48.40576" lon="-2.74269"/>
            <trkpt lat="48.40551" lon="-2.74214"/>
            <trkpt lat="48.40534" lon="-2.74181"/>
            <trkpt lat="48.40485" lon="-2.74106"/>
            <trkpt lat="48.40455" lon="-2.74062"/>
            <trkpt lat="48.40424" lon="-2.74024"/>
            <trkpt lat="48.40389" lon="-2.73976"/>
            <trkpt lat="48.40374" lon="-2.7396"/>
            <trkpt lat="48.40329" lon="-2.73934"/>
            <trkpt lat="48.40288" lon="-2.7392"/>
            <trkpt lat="48.40251" lon="-2.73911"/>
            <trkpt lat="48.40245" lon="-2.7391"/>
            <trkpt lat="48.40241" lon="-2.73909"/>
            <trkpt lat="48.40233" lon="-2.73905"/>
            <trkpt lat="48.40214" lon="-2.73897"/>
            <trkpt lat="48.40206" lon="-2.73889"/>
            <trkpt lat="48.40194" lon="-2.73869"/>
            <trkpt lat="48.40167" lon="-2.73822"/>
            <trkpt lat="48.40147" lon="-2.73784"/>
            <trkpt lat="48.40142" lon="-2.73777"/>
            <trkpt lat="48.40057" lon="-2.73622"/>
            <trkpt lat="48.40038" lon="-2.73585"/>
            <trkpt lat="48.40022" lon="-2.73545"/>
            <trkpt lat="48.40019" lon="-2.73536"/>
            <trkpt lat="48.40017" lon="-2.73528"/>
            <trkpt lat="48.39995" lon="-2.73451"/>
            <trkpt lat="48.39991" lon="-2.73437"/>
            <trkpt lat="48.39977" lon="-2.73396"/>
            <trkpt lat="48.39972" lon="-2.73376"/>
            <trkpt lat="48.39942" lon="-2.73295"/>
            <trkpt lat="48.39925" lon="-2.73259"/>
            <trkpt lat="48.39909" lon="-2.73253"/>
            <trkpt lat="48.39825" lon="-2.73232"/>
            <trkpt lat="48.39779" lon="-2.73228"/>
            <trkpt lat="48.39802" lon="-2.73155"/>
            <trkpt lat="48.39813" lon="-2.73127"/>
            <trkpt lat="48.3982" lon="-2.73106"/>
            <trkpt lat="48.3983" lon="-2.73086"/>
            <trkpt lat="48.39827" lon="-2.73081"/>
            <trkpt lat="48.39825" lon="-2.73077"/>
            <trkpt lat="48.3982" lon="-2.73063"/>
            <trkpt lat="48.39808" lon="-2.73032"/>
            <trkpt lat="48.398" lon="-2.73007"/>
            <trkpt lat="48.39792" lon="-2.7297"/>
            <trkpt lat="48.39788" lon="-2.72953"/>
            <trkpt lat="48.39783" lon="-2.72936"/>
            <trkpt lat="48.39772" lon="-2.72912"/>
            <trkpt lat="48.39741" lon="-2.72862"/>
            <trkpt lat="48.39715" lon="-2.72822"/>
            <trkpt lat="48.39694" lon="-2.72791"/>
            <trkpt lat="48.39682" lon="-2.72765"/>
            <trkpt lat="48.39675" lon="-2.72747"/>
            <trkpt lat="48.3967" lon="-2.72725"/>
            <trkpt lat="48.39666" lon="-2.72697"/>
            <trkpt lat="48.39662" lon="-2.72663"/>
            <trkpt lat="48.39661" lon="-2.72656"/>
            <trkpt lat="48.39661" lon="-2.72649"/>
            <trkpt lat="48.39661" lon="-2.72642"/>
            <trkpt lat="48.39671" lon="-2.72642"/>
            <trkpt lat="48.39675" lon="-2.72642"/>
            <trkpt lat="48.39677" lon="-2.72642"/>
            <trkpt lat="48.3968" lon="-2.72643"/>
            <trkpt lat="48.39718" lon="-2.72654"/>
            <trkpt lat="48.39734" lon="-2.72656"/>
            <trkpt lat="48.39754" lon="-2.72658"/>
            <trkpt lat="48.39796" lon="-2.72652"/>
            <trkpt lat="48.39825" lon="-2.72639"/>
            <trkpt lat="48.39854" lon="-2.72624"/>
            <trkpt lat="48.3988" lon="-2.72607"/>
            <trkpt lat="48.39892" lon="-2.72597"/>
            <trkpt lat="48.39898" lon="-2.72591"/>
            <trkpt lat="48.39902" lon="-2.72584"/>
            <trkpt lat="48.39909" lon="-2.7257"/>
            <trkpt lat="48.39955" lon="-2.72496"/>
            <trkpt lat="48.39961" lon="-2.72485"/>
            <trkpt lat="48.39975" lon="-2.72461"/>
            <trkpt lat="48.39997" lon="-2.72424"/>
            <trkpt lat="48.40026" lon="-2.72381"/>
            <trkpt lat="48.40054" lon="-2.72345"/>
            <trkpt lat="48.40087" lon="-2.72294"/>
            <trkpt lat="48.4012" lon="-2.72236"/>
            <trkpt lat="48.40161" lon="-2.72139"/>
            <trkpt lat="48.40186" lon="-2.72089"/>
            <trkpt lat="48.40199" lon="-2.7206"/>
            <trkpt lat="48.40213" lon="-2.72019"/>
            <trkpt lat="48.40229" lon="-2.71968"/>
            <trkpt lat="48.4029" lon="-2.71784"/>
            <trkpt lat="48.40295" lon="-2.71769"/>
            <trkpt lat="48.403" lon="-2.71737"/>
            <trkpt lat="48.40301" lon="-2.71721"/>
            <trkpt lat="48.403" lon="-2.71682"/>
            <trkpt lat="48.40302" lon="-2.71619"/>
            <trkpt lat="48.403" lon="-2.71576"/>
            <trkpt lat="48.40292" lon="-2.71489"/>
            <trkpt lat="48.40291" lon="-2.71455"/>
            <trkpt lat="48.40293" lon="-2.71429"/>
            <trkpt lat="48.40298" lon="-2.71399"/>
            <trkpt lat="48.40308" lon="-2.71378"/>
            <trkpt lat="48.40331" lon="-2.71324"/>
            <trkpt lat="48.40366" lon="-2.71235"/>
            <trkpt lat="48.40385" lon="-2.71181"/>
            <trkpt lat="48.40396" lon="-2.7114"/>
            <trkpt lat="48.40401" lon="-2.71122"/>
            <trkpt lat="48.40409" lon="-2.71098"/>
            <trkpt lat="48.40419" lon="-2.71064"/>
            <trkpt lat="48.40433" lon="-2.71016"/>
            <trkpt lat="48.40448" lon="-2.7097"/>
            <trkpt lat="48.40454" lon="-2.70953"/>
            <trkpt lat="48.40461" lon="-2.70936"/>
            <trkpt lat="48.40467" lon="-2.70924"/>
            <trkpt lat="48.4048" lon="-2.709"/>
            <trkpt lat="48.40538" lon="-2.70812"/>
            <trkpt lat="48.40557" lon="-2.70782"/>
            <trkpt lat="48.4056" lon="-2.70775"/>
            <trkpt lat="48.40567" lon="-2.70764"/>
            <trkpt lat="48.4057" lon="-2.70756"/>
            <trkpt lat="48.40576" lon="-2.70741"/>
            <trkpt lat="48.40579" lon="-2.70734"/>
            <trkpt lat="48.40609" lon="-2.70642"/>
            <trkpt lat="48.40616" lon="-2.70625"/>
            <trkpt lat="48.40621" lon="-2.70615"/>
            <trkpt lat="48.40628" lon="-2.70602"/>
            <trkpt lat="48.40638" lon="-2.7059"/>
            <trkpt lat="48.40656" lon="-2.70573"/>
            <trkpt lat="48.40682" lon="-2.70556"/>
            <trkpt lat="48.40716" lon="-2.70538"/>
            <trkpt lat="48.40743" lon="-2.70522"/>
            <trkpt lat="48.40782" lon="-2.70492"/>
            <trkpt lat="48.40812" lon="-2.7047"/>
            <trkpt lat="48.40843" lon="-2.70452"/>
            <trkpt lat="48.40908" lon="-2.70425"/>
            <trkpt lat="48.40923" lon="-2.70416"/>
            <trkpt lat="48.40934" lon="-2.70406"/>
            <trkpt lat="48.40938" lon="-2.70403"/>
            <trkpt lat="48.40946" lon="-2.70393"/>
            <trkpt lat="48.4095" lon="-2.70388"/>
            <trkpt lat="48.40955" lon="-2.70384"/>
            <trkpt lat="48.40969" lon="-2.70371"/>
            <trkpt lat="48.40978" lon="-2.70367"/>
            <trkpt lat="48.41027" lon="-2.70358"/>
            <trkpt lat="48.4104" lon="-2.70351"/>
            <trkpt lat="48.41062" lon="-2.70327"/>
            <trkpt lat="48.41071" lon="-2.70313"/>
            <trkpt lat="48.41089" lon="-2.70264"/>
            <trkpt lat="48.4109" lon="-2.70261"/>
            <trkpt lat="48.41119" lon="-2.70175"/>
            <trkpt lat="48.41141" lon="-2.70067"/>
            <trkpt lat="48.41153" lon="-2.69999"/>
            <trkpt lat="48.41183" lon="-2.6988"/>
            <trkpt lat="48.41186" lon="-2.69864"/>
            <trkpt lat="48.41189" lon="-2.69851"/>
            <trkpt lat="48.412" lon="-2.69799"/>
            <trkpt lat="48.41211" lon="-2.6975"/>
            <trkpt lat="48.41212" lon="-2.6974"/>
            <trkpt lat="48.41212" lon="-2.69725"/>
            <trkpt lat="48.41213" lon="-2.69711"/>
            <trkpt lat="48.41212" lon="-2.69701"/>
            <trkpt lat="48.41212" lon="-2.69678"/>
            <trkpt lat="48.41213" lon="-2.6963"/>
            <trkpt lat="48.41214" lon="-2.6962"/>
            <trkpt lat="48.4122" lon="-2.69567"/>
            <trkpt lat="48.41228" lon="-2.69527"/>
            <trkpt lat="48.41235" lon="-2.695"/>
            <trkpt lat="48.41279" lon="-2.6937"/>
            <trkpt lat="48.4129" lon="-2.69328"/>
            <trkpt lat="48.41296" lon="-2.6928"/>
            <trkpt lat="48.41302" lon="-2.69191"/>
            <trkpt lat="48.41314" lon="-2.6911"/>
            <trkpt lat="48.41321" lon="-2.69066"/>
            <trkpt lat="48.41323" lon="-2.69053"/>
            <trkpt lat="48.41329" lon="-2.69005"/>
            <trkpt lat="48.41331" lon="-2.68965"/>
            <trkpt lat="48.41329" lon="-2.68923"/>
            <trkpt lat="48.4133" lon="-2.68868"/>
            <trkpt lat="48.41332" lon="-2.68857"/>
            <trkpt lat="48.41349" lon="-2.68784"/>
            <trkpt lat="48.41366" lon="-2.68725"/>
            <trkpt lat="48.41376" lon="-2.68702"/>
            <trkpt lat="48.41382" lon="-2.68694"/>
            <trkpt lat="48.41395" lon="-2.68676"/>
            <trkpt lat="48.41419" lon="-2.68645"/>
            <trkpt lat="48.41435" lon="-2.68622"/>
            <trkpt lat="48.41569" lon="-2.6845"/>
            <trkpt lat="48.41587" lon="-2.68421"/>
            <trkpt lat="48.41635" lon="-2.68322"/>
            <trkpt lat="48.41648" lon="-2.68289"/>
            <trkpt lat="48.41658" lon="-2.68254"/>
            <trkpt lat="48.4166" lon="-2.6822"/>
            <trkpt lat="48.4166" lon="-2.68145"/>
            <trkpt lat="48.41664" lon="-2.68088"/>
            <trkpt lat="48.41666" lon="-2.68066"/>
            <trkpt lat="48.4168" lon="-2.67937"/>
            <trkpt lat="48.41692" lon="-2.67875"/>
            <trkpt lat="48.41712" lon="-2.67811"/>
            <trkpt lat="48.41723" lon="-2.67754"/>
            <trkpt lat="48.41738" lon="-2.67652"/>
            <trkpt lat="48.41748" lon="-2.67603"/>
            <trkpt lat="48.41756" lon="-2.67587"/>
            <trkpt lat="48.41789" lon="-2.67525"/>
            <trkpt lat="48.41794" lon="-2.67513"/>
            <trkpt lat="48.41821" lon="-2.67456"/>
            <trkpt lat="48.41841" lon="-2.67413"/>
            <trkpt lat="48.41876" lon="-2.67357"/>
            <trkpt lat="48.41925" lon="-2.67249"/>
            <trkpt lat="48.4193" lon="-2.67227"/>
            <trkpt lat="48.41938" lon="-2.67179"/>
            <trkpt lat="48.41939" lon="-2.67142"/>
            <trkpt lat="48.41933" lon="-2.67113"/>
            <trkpt lat="48.41917" lon="-2.67065"/>
            <trkpt lat="48.41899" lon="-2.67"/>
            <trkpt lat="48.41896" lon="-2.66977"/>
            <trkpt lat="48.41895" lon="-2.66937"/>
            <trkpt lat="48.41903" lon="-2.66894"/>
            <trkpt lat="48.4191" lon="-2.6686"/>
            <trkpt lat="48.41914" lon="-2.66741"/>
            <trkpt lat="48.41916" lon="-2.66708"/>
            <trkpt lat="48.41925" lon="-2.6665"/>
            <trkpt lat="48.41931" lon="-2.66622"/>
            <trkpt lat="48.41948" lon="-2.66577"/>
            <trkpt lat="48.41956" lon="-2.66564"/>
            <trkpt lat="48.41965" lon="-2.66545"/>
            <trkpt lat="48.41978" lon="-2.66523"/>
            <trkpt lat="48.41984" lon="-2.66507"/>
            <trkpt lat="48.41986" lon="-2.66494"/>
            <trkpt lat="48.41988" lon="-2.66488"/>
            <trkpt lat="48.41989" lon="-2.66462"/>
            <trkpt lat="48.41986" lon="-2.66394"/>
            <trkpt lat="48.41988" lon="-2.66363"/>
            <trkpt lat="48.41991" lon="-2.66337"/>
            <trkpt lat="48.41997" lon="-2.66312"/>
            <trkpt lat="48.42003" lon="-2.66285"/>
            <trkpt lat="48.4201" lon="-2.66248"/>
            <trkpt lat="48.42015" lon="-2.66207"/>
            <trkpt lat="48.42017" lon="-2.66185"/>
            <trkpt lat="48.42019" lon="-2.66147"/>
            <trkpt lat="48.42021" lon="-2.66105"/>
            <trkpt lat="48.42023" lon="-2.66067"/>
            <trkpt lat="48.42023" lon="-2.66056"/>
            <trkpt lat="48.42026" lon="-2.65986"/>
            <trkpt lat="48.42028" lon="-2.65973"/>
            <trkpt lat="48.42031" lon="-2.65962"/>
            <trkpt lat="48.42033" lon="-2.65954"/>
            <trkpt lat="48.42062" lon="-2.65876"/>
            <trkpt lat="48.42064" lon="-2.65869"/>
            <trkpt lat="48.42068" lon="-2.65852"/>
            <trkpt lat="48.42059" lon="-2.65845"/>
            <trkpt lat="48.42055" lon="-2.65831"/>
            <trkpt lat="48.42054" lon="-2.65818"/>
            <trkpt lat="48.42052" lon="-2.65791"/>
            <trkpt lat="48.42044" lon="-2.65764"/>
            <trkpt lat="48.42026" lon="-2.65716"/>
            <trkpt lat="48.42012" lon="-2.65648"/>
            <trkpt lat="48.42004" lon="-2.65596"/>
            <trkpt lat="48.42002" lon="-2.65582"/>
            <trkpt lat="48.41999" lon="-2.65564"/>
            <trkpt lat="48.41981" lon="-2.65478"/>
            <trkpt lat="48.41977" lon="-2.65471"/>
            <trkpt lat="48.41971" lon="-2.65463"/>
            <trkpt lat="48.41962" lon="-2.6546"/>
            <trkpt lat="48.41957" lon="-2.65459"/>
            <trkpt lat="48.41952" lon="-2.65458"/>
            <trkpt lat="48.41953" lon="-2.65403"/>
            <trkpt lat="48.41951" lon="-2.65342"/>
            <trkpt lat="48.41945" lon="-2.65277"/>
            <trkpt lat="48.41948" lon="-2.65201"/>
            <trkpt lat="48.41966" lon="-2.65079"/>
            <trkpt lat="48.41967" lon="-2.65073"/>
            <trkpt lat="48.4197" lon="-2.65039"/>
            <trkpt lat="48.4197" lon="-2.65022"/>
            <trkpt lat="48.4197" lon="-2.65"/>
            <trkpt lat="48.41965" lon="-2.64952"/>
            <trkpt lat="48.41961" lon="-2.6493"/>
            <trkpt lat="48.41935" lon="-2.64846"/>
            <trkpt lat="48.41925" lon="-2.64788"/>
            <trkpt lat="48.41918" lon="-2.64747"/>
            <trkpt lat="48.41912" lon="-2.64718"/>
            <trkpt lat="48.41899" lon="-2.64684"/>
            <trkpt lat="48.4187" lon="-2.64617"/>
            <trkpt lat="48.41859" lon="-2.64584"/>
            <trkpt lat="48.41854" lon="-2.6456"/>
            <trkpt lat="48.41849" lon="-2.64508"/>
            <trkpt lat="48.41845" lon="-2.64444"/>
            <trkpt lat="48.4184" lon="-2.64347"/>
            <trkpt lat="48.41836" lon="-2.64273"/>
            <trkpt lat="48.41824" lon="-2.64051"/>
            <trkpt lat="48.41817" lon="-2.63922"/>
            <trkpt lat="48.41805" lon="-2.63672"/>
            <trkpt lat="48.41805" lon="-2.63667"/>
            <trkpt lat="48.41803" lon="-2.63577"/>
            <trkpt lat="48.41805" lon="-2.63544"/>
            <trkpt lat="48.41812" lon="-2.63499"/>
            <trkpt lat="48.41824" lon="-2.63442"/>
            <trkpt lat="48.41834" lon="-2.63402"/>
            <trkpt lat="48.41853" lon="-2.63351"/>
            <trkpt lat="48.41881" lon="-2.63286"/>
            <trkpt lat="48.41893" lon="-2.63262"/>
            <trkpt lat="48.42019" lon="-2.63009"/>
            <trkpt lat="48.4203" lon="-2.62985"/>
            <trkpt lat="48.42095" lon="-2.62849"/>
            <trkpt lat="48.42109" lon="-2.62822"/>
            <trkpt lat="48.42126" lon="-2.62789"/>
            <trkpt lat="48.42148" lon="-2.62771"/>
            <trkpt lat="48.42149" lon="-2.6277"/>
            <trkpt lat="48.42151" lon="-2.62765"/>
            <trkpt lat="48.4215" lon="-2.62757"/>
            <trkpt lat="48.42164" lon="-2.62721"/>
            <trkpt lat="48.42183" lon="-2.62679"/>
            <trkpt lat="48.42191" lon="-2.62673"/>
            <trkpt lat="48.42193" lon="-2.62667"/>
            <trkpt lat="48.4222" lon="-2.62631"/>
            <trkpt lat="48.42287" lon="-2.62546"/>
            <trkpt lat="48.42308" lon="-2.62518"/>
            <trkpt lat="48.42347" lon="-2.62429"/>
            <trkpt lat="48.42356" lon="-2.6241"/>
            <trkpt lat="48.4237" lon="-2.62394"/>
            <trkpt lat="48.42434" lon="-2.62356"/>
            <trkpt lat="48.42451" lon="-2.62354"/>
            <trkpt lat="48.425" lon="-2.62356"/>
            <trkpt lat="48.4254" lon="-2.62356"/>
            <trkpt lat="48.42558" lon="-2.6235"/>
            <trkpt lat="48.42566" lon="-2.62343"/>
            <trkpt lat="48.42622" lon="-2.6228"/>
            <trkpt lat="48.42738" lon="-2.62152"/>
            <trkpt lat="48.42771" lon="-2.62116"/>
            <trkpt lat="48.42773" lon="-2.62113"/>
            <trkpt lat="48.42803" lon="-2.62072"/>
            <trkpt lat="48.42837" lon="-2.62006"/>
            <trkpt lat="48.42845" lon="-2.61988"/>
            <trkpt lat="48.42873" lon="-2.61938"/>
            <trkpt lat="48.429" lon="-2.61908"/>
            <trkpt lat="48.42991" lon="-2.6181"/>
            <trkpt lat="48.43002" lon="-2.61794"/>
            <trkpt lat="48.43019" lon="-2.6176"/>
            <trkpt lat="48.43036" lon="-2.6172"/>
            <trkpt lat="48.43047" lon="-2.6168"/>
            <trkpt lat="48.43053" lon="-2.61645"/>
            <trkpt lat="48.43066" lon="-2.61488"/>
            <trkpt lat="48.43067" lon="-2.61483"/>
            <trkpt lat="48.43068" lon="-2.61475"/>
            <trkpt lat="48.43072" lon="-2.61449"/>
            <trkpt lat="48.43078" lon="-2.61422"/>
            <trkpt lat="48.43087" lon="-2.6139"/>
            <trkpt lat="48.43187" lon="-2.61072"/>
            <trkpt lat="48.43225" lon="-2.60956"/>
            <trkpt lat="48.43234" lon="-2.60926"/>
            <trkpt lat="48.43241" lon="-2.60908"/>
            <trkpt lat="48.43247" lon="-2.60898"/>
            <trkpt lat="48.43252" lon="-2.60887"/>
            <trkpt lat="48.43258" lon="-2.60879"/>
            <trkpt lat="48.43263" lon="-2.60873"/>
            <trkpt lat="48.43271" lon="-2.60865"/>
            <trkpt lat="48.43281" lon="-2.60859"/>
            <trkpt lat="48.43286" lon="-2.60857"/>
            <trkpt lat="48.43304" lon="-2.60855"/>
            <trkpt lat="48.43326" lon="-2.60856"/>
            <trkpt lat="48.43347" lon="-2.6086"/>
            <trkpt lat="48.43361" lon="-2.6086"/>
            <trkpt lat="48.43382" lon="-2.60856"/>
            <trkpt lat="48.43389" lon="-2.60851"/>
            <trkpt lat="48.43398" lon="-2.60841"/>
            <trkpt lat="48.43405" lon="-2.60825"/>
            <trkpt lat="48.43407" lon="-2.60816"/>
            <trkpt lat="48.43408" lon="-2.60768"/>
            <trkpt lat="48.43412" lon="-2.60698"/>
            <trkpt lat="48.43425" lon="-2.60691"/>
            <trkpt lat="48.43427" lon="-2.60688"/>
            <trkpt lat="48.43429" lon="-2.60685"/>
            <trkpt lat="48.43431" lon="-2.60681"/>
            <trkpt lat="48.43434" lon="-2.60669"/>
            <trkpt lat="48.43432" lon="-2.60662"/>
            <trkpt lat="48.43418" lon="-2.6057"/>
            <trkpt lat="48.43394" lon="-2.6047"/>
            <trkpt lat="48.43386" lon="-2.60449"/>
            <trkpt lat="48.43382" lon="-2.6044"/>
            <trkpt lat="48.43382" lon="-2.60437"/>
            <trkpt lat="48.43381" lon="-2.60432"/>
            <trkpt lat="48.4338" lon="-2.60426"/>
            <trkpt lat="48.4338" lon="-2.60414"/>
            <trkpt lat="48.43403" lon="-2.60302"/>
            <trkpt lat="48.43404" lon="-2.60296"/>
            <trkpt lat="48.43407" lon="-2.60283"/>
            <trkpt lat="48.4341" lon="-2.60272"/>
            <trkpt lat="48.4342" lon="-2.60204"/>
            <trkpt lat="48.43428" lon="-2.6012"/>
            <trkpt lat="48.43437" lon="-2.60028"/>
            <trkpt lat="48.43443" lon="-2.59984"/>
            <trkpt lat="48.43454" lon="-2.59944"/>
            <trkpt lat="48.43464" lon="-2.59917"/>
            <trkpt lat="48.43477" lon="-2.59888"/>
            <trkpt lat="48.43573" lon="-2.59742"/>
            <trkpt lat="48.43602" lon="-2.59685"/>
            <trkpt lat="48.43642" lon="-2.59582"/>
            <trkpt lat="48.43652" lon="-2.59542"/>
            <trkpt lat="48.43652" lon="-2.59498"/>
            <trkpt lat="48.43646" lon="-2.59477"/>
            <trkpt lat="48.43636" lon="-2.5942"/>
            <trkpt lat="48.43634" lon="-2.59392"/>
            <trkpt lat="48.43637" lon="-2.59361"/>
            <trkpt lat="48.43644" lon="-2.5934"/>
            <trkpt lat="48.43665" lon="-2.59295"/>
            <trkpt lat="48.43673" lon="-2.59277"/>
            <trkpt lat="48.43679" lon="-2.59264"/>
            <trkpt lat="48.43693" lon="-2.59224"/>
            <trkpt lat="48.43743" lon="-2.59009"/>
            <trkpt lat="48.43756" lon="-2.5895"/>
            <trkpt lat="48.43767" lon="-2.58889"/>
            <trkpt lat="48.43787" lon="-2.58756"/>
            <trkpt lat="48.43831" lon="-2.58552"/>
            <trkpt lat="48.43842" lon="-2.58502"/>
            <trkpt lat="48.43861" lon="-2.58434"/>
            <trkpt lat="48.43882" lon="-2.58364"/>
            <trkpt lat="48.43922" lon="-2.58235"/>
            <trkpt lat="48.43937" lon="-2.58179"/>
            <trkpt lat="48.43955" lon="-2.58077"/>
            <trkpt lat="48.43992" lon="-2.57948"/>
            <trkpt lat="48.44003" lon="-2.5792"/>
            <trkpt lat="48.44065" lon="-2.57819"/>
            <trkpt lat="48.44076" lon="-2.57796"/>
            <trkpt lat="48.44092" lon="-2.57772"/>
            <trkpt lat="48.44103" lon="-2.57756"/>
            <trkpt lat="48.44115" lon="-2.57737"/>
            <trkpt lat="48.44124" lon="-2.57707"/>
            <trkpt lat="48.44128" lon="-2.57677"/>
            <trkpt lat="48.44131" lon="-2.57642"/>
            <trkpt lat="48.44136" lon="-2.576"/>
            <trkpt lat="48.44151" lon="-2.57511"/>
            <trkpt lat="48.44161" lon="-2.57478"/>
            <trkpt lat="48.44172" lon="-2.57444"/>
            <trkpt lat="48.44189" lon="-2.57419"/>
            <trkpt lat="48.4424" lon="-2.57352"/>
            <trkpt lat="48.44286" lon="-2.57279"/>
            <trkpt lat="48.44313" lon="-2.57232"/>
            <trkpt lat="48.44345" lon="-2.5717"/>
            <trkpt lat="48.44357" lon="-2.57146"/>
            <trkpt lat="48.44366" lon="-2.57126"/>
            <trkpt lat="48.44383" lon="-2.57093"/>
            <trkpt lat="48.44389" lon="-2.5708"/>
            <trkpt lat="48.44403" lon="-2.57046"/>
            <trkpt lat="48.44434" lon="-2.56984"/>
            <trkpt lat="48.4444" lon="-2.56972"/>
            <trkpt lat="48.44443" lon="-2.56959"/>
            <trkpt lat="48.44444" lon="-2.56954"/>
            <trkpt lat="48.44444" lon="-2.5695"/>
            <trkpt lat="48.44443" lon="-2.56939"/>
            <trkpt lat="48.4444" lon="-2.56924"/>
            <trkpt lat="48.44435" lon="-2.56903"/>
            <trkpt lat="48.44434" lon="-2.56893"/>
            <trkpt lat="48.44434" lon="-2.56886"/>
            <trkpt lat="48.44435" lon="-2.56881"/>
            <trkpt lat="48.44435" lon="-2.56878"/>
            <trkpt lat="48.44436" lon="-2.56876"/>
            <trkpt lat="48.44438" lon="-2.56872"/>
            <trkpt lat="48.44441" lon="-2.56868"/>
            <trkpt lat="48.44444" lon="-2.56865"/>
            <trkpt lat="48.44451" lon="-2.5686"/>
            <trkpt lat="48.44458" lon="-2.56856"/>
            <trkpt lat="48.44469" lon="-2.56849"/>
            <trkpt lat="48.44475" lon="-2.56844"/>
            <trkpt lat="48.44485" lon="-2.56831"/>
            <trkpt lat="48.4449" lon="-2.5682"/>
            <trkpt lat="48.44488" lon="-2.56801"/>
            <trkpt lat="48.44487" lon="-2.56767"/>
            <trkpt lat="48.44498" lon="-2.56697"/>
            <trkpt lat="48.44506" lon="-2.56646"/>
            <trkpt lat="48.4451" lon="-2.56617"/>
            <trkpt lat="48.44512" lon="-2.56602"/>
            <trkpt lat="48.44521" lon="-2.56561"/>
            <trkpt lat="48.44541" lon="-2.56512"/>
            <trkpt lat="48.44553" lon="-2.56485"/>
            <trkpt lat="48.44562" lon="-2.56464"/>
            <trkpt lat="48.44565" lon="-2.56458"/>
            <trkpt lat="48.44575" lon="-2.56437"/>
            <trkpt lat="48.44589" lon="-2.56398"/>
            <trkpt lat="48.44596" lon="-2.56374"/>
            <trkpt lat="48.44633" lon="-2.56289"/>
            <trkpt lat="48.44635" lon="-2.56284"/>
            <trkpt lat="48.44647" lon="-2.56253"/>
            <trkpt lat="48.44656" lon="-2.5622"/>
            <trkpt lat="48.44669" lon="-2.56149"/>
            <trkpt lat="48.4467" lon="-2.56139"/>
            <trkpt lat="48.44673" lon="-2.56125"/>
            <trkpt lat="48.44683" lon="-2.5599"/>
            <trkpt lat="48.44692" lon="-2.55911"/>
            <trkpt lat="48.44701" lon="-2.55858"/>
            <trkpt lat="48.44709" lon="-2.55827"/>
            <trkpt lat="48.44752" lon="-2.55683"/>
            <trkpt lat="48.44768" lon="-2.55611"/>
            <trkpt lat="48.4477" lon="-2.55576"/>
            <trkpt lat="48.44777" lon="-2.55521"/>
            <trkpt lat="48.44803" lon="-2.55375"/>
            <trkpt lat="48.44809" lon="-2.55343"/>
            <trkpt lat="48.44838" lon="-2.55246"/>
            <trkpt lat="48.44846" lon="-2.55216"/>
            <trkpt lat="48.44864" lon="-2.55167"/>
            <trkpt lat="48.44876" lon="-2.55134"/>
            <trkpt lat="48.44888" lon="-2.55112"/>
            <trkpt lat="48.44912" lon="-2.55073"/>
            <trkpt lat="48.44942" lon="-2.55026"/>
            <trkpt lat="48.44958" lon="-2.54989"/>
            <trkpt lat="48.44966" lon="-2.54961"/>
            <trkpt lat="48.44971" lon="-2.54945"/>
            <trkpt lat="48.44987" lon="-2.54883"/>
            <trkpt lat="48.44987" lon="-2.54882"/>
            <trkpt lat="48.45001" lon="-2.54835"/>
            <trkpt lat="48.45023" lon="-2.54777"/>
            <trkpt lat="48.45031" lon="-2.54761"/>
            <trkpt lat="48.4507" lon="-2.54676"/>
            <trkpt lat="48.45076" lon="-2.54653"/>
            <trkpt lat="48.45089" lon="-2.54565"/>
            <trkpt lat="48.4509" lon="-2.54546"/>
            <trkpt lat="48.4509" lon="-2.5452"/>
            <trkpt lat="48.45089" lon="-2.54508"/>
            <trkpt lat="48.45101" lon="-2.54485"/>
            <trkpt lat="48.45115" lon="-2.54452"/>
            <trkpt lat="48.45128" lon="-2.54413"/>
            <trkpt lat="48.45134" lon="-2.54393"/>
            <trkpt lat="48.45142" lon="-2.54366"/>
            <trkpt lat="48.45144" lon="-2.5436"/>
            <trkpt lat="48.4516" lon="-2.54297"/>
            <trkpt lat="48.45182" lon="-2.54231"/>
            <trkpt lat="48.45193" lon="-2.54193"/>
            <trkpt lat="48.45218" lon="-2.54113"/>
            <trkpt lat="48.45224" lon="-2.54096"/>
            <trkpt lat="48.45235" lon="-2.54069"/>
            <trkpt lat="48.45241" lon="-2.54048"/>
            <trkpt lat="48.4525" lon="-2.5403"/>
            <trkpt lat="48.45256" lon="-2.54019"/>
            <trkpt lat="48.45272" lon="-2.53986"/>
            <trkpt lat="48.45273" lon="-2.53977"/>
            <trkpt lat="48.45308" lon="-2.53908"/>
            <trkpt lat="48.45354" lon="-2.53845"/>
            <trkpt lat="48.45367" lon="-2.53828"/>
            <trkpt lat="48.45386" lon="-2.53804"/>
            <trkpt lat="48.45401" lon="-2.53786"/>
            <trkpt lat="48.45481" lon="-2.53702"/>
            <trkpt lat="48.45494" lon="-2.53689"/>
            <trkpt lat="48.45503" lon="-2.53687"/>
            <trkpt lat="48.45531" lon="-2.5365"/>
            <trkpt lat="48.45581" lon="-2.53557"/>
            <trkpt lat="48.45613" lon="-2.53504"/>
            <trkpt lat="48.45624" lon="-2.53487"/>
            <trkpt lat="48.4564" lon="-2.53468"/>
            <trkpt lat="48.45698" lon="-2.53413"/>
            <trkpt lat="48.45716" lon="-2.53392"/>
            <trkpt lat="48.45726" lon="-2.5338"/>
            <trkpt lat="48.45733" lon="-2.53368"/>
            <trkpt lat="48.45735" lon="-2.53367"/>
            <trkpt lat="48.45746" lon="-2.53344"/>
            <trkpt lat="48.45767" lon="-2.53318"/>
            <trkpt lat="48.45769" lon="-2.53316"/>
            <trkpt lat="48.45814" lon="-2.53269"/>
            <trkpt lat="48.45874" lon="-2.53216"/>
            <trkpt lat="48.459" lon="-2.53187"/>
            <trkpt lat="48.45904" lon="-2.53182"/>
            <trkpt lat="48.45912" lon="-2.53173"/>
            <trkpt lat="48.45924" lon="-2.53156"/>
            <trkpt lat="48.45932" lon="-2.53143"/>
            <trkpt lat="48.45942" lon="-2.53123"/>
            <trkpt lat="48.45953" lon="-2.53105"/>
            <trkpt lat="48.45957" lon="-2.53099"/>
            <trkpt lat="48.45955" lon="-2.53093"/>
            <trkpt lat="48.45955" lon="-2.53083"/>
            <trkpt lat="48.45956" lon="-2.53079"/>
            <trkpt lat="48.45959" lon="-2.53073"/>
            <trkpt lat="48.45962" lon="-2.53069"/>
            <trkpt lat="48.45965" lon="-2.53067"/>
            <trkpt lat="48.4597" lon="-2.53066"/>
            <trkpt lat="48.45974" lon="-2.53067"/>
            <trkpt lat="48.45978" lon="-2.5307"/>
            <trkpt lat="48.45987" lon="-2.53033"/>
            <trkpt lat="48.45996" lon="-2.52979"/>
            <trkpt lat="48.46001" lon="-2.52957"/>
            <trkpt lat="48.46011" lon="-2.52926"/>
            <trkpt lat="48.46024" lon="-2.52886"/>
            <trkpt lat="48.46067" lon="-2.5274"/>
            <trkpt lat="48.46073" lon="-2.52713"/>
            <trkpt lat="48.46079" lon="-2.52686"/>
            <trkpt lat="48.4608" lon="-2.52684"/>
            <trkpt lat="48.46082" lon="-2.52672"/>
            <trkpt lat="48.46091" lon="-2.52642"/>
            <trkpt lat="48.46105" lon="-2.526"/>
            <trkpt lat="48.46132" lon="-2.52537"/>
            <trkpt lat="48.46162" lon="-2.52483"/>
            <trkpt lat="48.46178" lon="-2.52459"/>
            <trkpt lat="48.4619" lon="-2.52445"/>
            <trkpt lat="48.46192" lon="-2.52438"/>
            <trkpt lat="48.46205" lon="-2.52421"/>
            <trkpt lat="48.46216" lon="-2.52404"/>
            <trkpt lat="48.46231" lon="-2.5238"/>
            <trkpt lat="48.46236" lon="-2.5237"/>
            <trkpt lat="48.4624" lon="-2.52363"/>
            <trkpt lat="48.4624" lon="-2.52358"/>
            <trkpt lat="48.46241" lon="-2.52352"/>
            <trkpt lat="48.46243" lon="-2.52348"/>
            <trkpt lat="48.46245" lon="-2.52345"/>
            <trkpt lat="48.46247" lon="-2.52343"/>
            <trkpt lat="48.46249" lon="-2.52342"/>
            <trkpt lat="48.4625" lon="-2.52342"/>
            <trkpt lat="48.46249" lon="-2.52336"/>
            <trkpt lat="48.4625" lon="-2.52321"/>
            <trkpt lat="48.46261" lon="-2.52254"/>
            <trkpt lat="48.46269" lon="-2.52217"/>
            <trkpt lat="48.46277" lon="-2.52181"/>
            <trkpt lat="48.46285" lon="-2.5213"/>
            <trkpt lat="48.46301" lon="-2.52099"/>
            <trkpt lat="48.46304" lon="-2.52094"/>
            <trkpt lat="48.46318" lon="-2.52078"/>
            <trkpt lat="48.4634" lon="-2.52062"/>
            <trkpt lat="48.46405" lon="-2.52017"/>
            <trkpt lat="48.46427" lon="-2.52001"/>
            <trkpt lat="48.46443" lon="-2.51985"/>
            <trkpt lat="48.46458" lon="-2.51972"/>
            <trkpt lat="48.46464" lon="-2.51952"/>
            <trkpt lat="48.46471" lon="-2.51936"/>
            <trkpt lat="48.4652" lon="-2.51848"/>
            <trkpt lat="48.46549" lon="-2.518"/>
            <trkpt lat="48.46555" lon="-2.51792"/>
            <trkpt lat="48.46558" lon="-2.51785"/>
            <trkpt lat="48.46567" lon="-2.51781"/>
            <trkpt lat="48.46589" lon="-2.51775"/>
            <trkpt lat="48.46583" lon="-2.5194"/>
            <trkpt lat="48.46584" lon="-2.52036"/>
            <trkpt lat="48.46585" lon="-2.52046"/>
            <trkpt lat="48.46588" lon="-2.52057"/>
            <trkpt lat="48.46607" lon="-2.52094"/>
            <trkpt lat="48.46617" lon="-2.52111"/>
            <trkpt lat="48.4665" lon="-2.52172"/>
            <trkpt lat="48.46666" lon="-2.52191"/>
            <trkpt lat="48.46668" lon="-2.5218"/>
            <trkpt lat="48.4667" lon="-2.52171"/>
            <trkpt lat="48.46675" lon="-2.52149"/>
            <trkpt lat="48.46679" lon="-2.52133"/>
            <trkpt lat="48.46693" lon="-2.52067"/>
            <trkpt lat="48.46702" lon="-2.52033"/>
            <trkpt lat="48.467" lon="-2.52028"/>
            <trkpt lat="48.46699" lon="-2.52024"/>
            <trkpt lat="48.46699" lon="-2.52023"/>
            <trkpt lat="48.467" lon="-2.52019"/>
            <trkpt lat="48.46702" lon="-2.52016"/>
            <trkpt lat="48.46706" lon="-2.52012"/>
            <trkpt lat="48.46708" lon="-2.52011"/>
            <trkpt lat="48.46715" lon="-2.51953"/>
            <trkpt lat="48.46719" lon="-2.51929"/>
            <trkpt lat="48.46727" lon="-2.51887"/>
            <trkpt lat="48.46742" lon="-2.51823"/>
            <trkpt lat="48.46744" lon="-2.51813"/>
            <trkpt lat="48.46743" lon="-2.51811"/>
            <trkpt lat="48.46743" lon="-2.51809"/>
            <trkpt lat="48.46742" lon="-2.51807"/>
            <trkpt lat="48.46742" lon="-2.51804"/>
            <trkpt lat="48.46743" lon="-2.51802"/>
            <trkpt lat="48.46743" lon="-2.518"/>
            <trkpt lat="48.46744" lon="-2.51799"/>
            <trkpt lat="48.46745" lon="-2.51799"/>
            <trkpt lat="48.46747" lon="-2.51798"/>
            <trkpt lat="48.4675" lon="-2.51798"/>
            <trkpt lat="48.46751" lon="-2.51798"/>
            <trkpt lat="48.46753" lon="-2.51799"/>
            <trkpt lat="48.46754" lon="-2.51801"/>
            <trkpt lat="48.46754" lon="-2.51803"/>
            <trkpt lat="48.46789" lon="-2.51789"/>
            <trkpt lat="48.46796" lon="-2.51787"/>
            <trkpt lat="48.4684" lon="-2.51777"/>
            <trkpt lat="48.46856" lon="-2.5177"/>
            <trkpt lat="48.46875" lon="-2.51755"/>
            <trkpt lat="48.46924" lon="-2.5172"/>
            <trkpt lat="48.46943" lon="-2.51704"/>
            <trkpt lat="48.46967" lon="-2.51691"/>
            <trkpt lat="48.46979" lon="-2.51684"/>
            <trkpt lat="48.47009" lon="-2.51683"/>
            <trkpt lat="48.47017" lon="-2.51682"/>
            <trkpt lat="48.47032" lon="-2.51681"/>
            <trkpt lat="48.47047" lon="-2.51676"/>
            <trkpt lat="48.47063" lon="-2.51666"/>
            <trkpt lat="48.47088" lon="-2.51647"/>
            <trkpt lat="48.47104" lon="-2.51634"/>
            <trkpt lat="48.47116" lon="-2.5162"/>
            <trkpt lat="48.47123" lon="-2.5161"/>
            <trkpt lat="48.47135" lon="-2.51589"/>
            <trkpt lat="48.47142" lon="-2.51576"/>
            <trkpt lat="48.47156" lon="-2.51552"/>
            <trkpt lat="48.47157" lon="-2.51551"/>
            <trkpt lat="48.47167" lon="-2.51528"/>
            <trkpt lat="48.47168" lon="-2.51527"/>
            <trkpt lat="48.47187" lon="-2.51497"/>
            <trkpt lat="48.47199" lon="-2.51488"/>
            <trkpt lat="48.47218" lon="-2.51469"/>
            <trkpt lat="48.47234" lon="-2.51458"/>
            <trkpt lat="48.47262" lon="-2.51442"/>
            <trkpt lat="48.47282" lon="-2.51431"/>
            <trkpt lat="48.47299" lon="-2.51417"/>
            <trkpt lat="48.47302" lon="-2.51414"/>
            <trkpt lat="48.47307" lon="-2.51408"/>
            <trkpt lat="48.47317" lon="-2.51396"/>
            <trkpt lat="48.4735" lon="-2.51349"/>
            <trkpt lat="48.4739" lon="-2.51265"/>
            <trkpt lat="48.47404" lon="-2.51236"/>
            <trkpt lat="48.47434" lon="-2.51188"/>
            <trkpt lat="48.47473" lon="-2.51129"/>
            <trkpt lat="48.4749" lon="-2.51104"/>
            <trkpt lat="48.47508" lon="-2.51077"/>
            <trkpt lat="48.47549" lon="-2.51019"/>
            <trkpt lat="48.47578" lon="-2.5097"/>
            <trkpt lat="48.47591" lon="-2.50954"/>
            <trkpt lat="48.47612" lon="-2.50925"/>
            <trkpt lat="48.47622" lon="-2.50913"/>
            <trkpt lat="48.47622" lon="-2.5091"/>
            <trkpt lat="48.47621" lon="-2.50907"/>
            <trkpt lat="48.47622" lon="-2.50904"/>
            <trkpt lat="48.47623" lon="-2.50901"/>
            <trkpt lat="48.47624" lon="-2.50899"/>
            <trkpt lat="48.47626" lon="-2.50899"/>
            <trkpt lat="48.47628" lon="-2.50899"/>
            <trkpt lat="48.4763" lon="-2.50899"/>
            <trkpt lat="48.47632" lon="-2.50901"/>
            <trkpt lat="48.47634" lon="-2.50902"/>
            <trkpt lat="48.47634" lon="-2.50904"/>
            <trkpt lat="48.47635" lon="-2.50906"/>
            <trkpt lat="48.47635" lon="-2.50909"/>
            <trkpt lat="48.47656" lon="-2.50938"/>
            <trkpt lat="48.47703" lon="-2.50991"/>
            <trkpt lat="48.4774" lon="-2.51032"/>
            <trkpt lat="48.47748" lon="-2.51041"/>
            <trkpt lat="48.4775" lon="-2.51046"/>
            <trkpt lat="48.47756" lon="-2.51052"/>
            <trkpt lat="48.47761" lon="-2.51058"/>
            <trkpt lat="48.47789" lon="-2.51088"/>
            <trkpt lat="48.47825" lon="-2.51127"/>
            <trkpt lat="48.47888" lon="-2.51198"/>
            <trkpt lat="48.47894" lon="-2.51205"/>
            <trkpt lat="48.47921" lon="-2.51236"/>
            <trkpt lat="48.47933" lon="-2.51249"/>
            <trkpt lat="48.47951" lon="-2.5127"/>
            <trkpt lat="48.47974" lon="-2.51292"/>
            <trkpt lat="48.47982" lon="-2.51299"/>
            <trkpt lat="48.47987" lon="-2.51303"/>
            <trkpt lat="48.48003" lon="-2.5131"/>
            <trkpt lat="48.48038" lon="-2.51325"/>
            <trkpt lat="48.48056" lon="-2.51334"/>
            <trkpt lat="48.4806" lon="-2.51325"/>
            <trkpt lat="48.48067" lon="-2.51315"/>
            <trkpt lat="48.48072" lon="-2.51312"/>
            <trkpt lat="48.48078" lon="-2.51309"/>
            <trkpt lat="48.48084" lon="-2.51308"/>
            <trkpt lat="48.48091" lon="-2.51308"/>
            <trkpt lat="48.48102" lon="-2.51313"/>
            <trkpt lat="48.4811" lon="-2.51322"/>
            <trkpt lat="48.48113" lon="-2.51327"/>
            <trkpt lat="48.48116" lon="-2.51336"/>
            <trkpt lat="48.48118" lon="-2.51346"/>
            <trkpt lat="48.48119" lon="-2.51357"/>
            <trkpt lat="48.48137" lon="-2.51346"/>
            <trkpt lat="48.48141" lon="-2.51341"/>
            <trkpt lat="48.48146" lon="-2.51334"/>
            <trkpt lat="48.48148" lon="-2.5133"/>
            <trkpt lat="48.48149" lon="-2.51325"/>
            <trkpt lat="48.48151" lon="-2.51317"/>
            <trkpt lat="48.48151" lon="-2.51285"/>
            <trkpt lat="48.48151" lon="-2.51275"/>
            <trkpt lat="48.48153" lon="-2.51258"/>
            <trkpt lat="48.4816" lon="-2.51228"/>
            <trkpt lat="48.48186" lon="-2.51153"/>
            <trkpt lat="48.48196" lon="-2.5113"/>
            <trkpt lat="48.48201" lon="-2.5112"/>
            <trkpt lat="48.4821" lon="-2.51109"/>
            <trkpt lat="48.48222" lon="-2.51097"/>
            <trkpt lat="48.48233" lon="-2.5109"/>
            <trkpt lat="48.48248" lon="-2.51087"/>
            <trkpt lat="48.48278" lon="-2.5108"/>
            <trkpt lat="48.48292" lon="-2.51074"/>
            <trkpt lat="48.48299" lon="-2.5107"/>
            <trkpt lat="48.48313" lon="-2.5106"/>
            <trkpt lat="48.4833" lon="-2.51042"/>
            <trkpt lat="48.48391" lon="-2.5096"/>
            <trkpt lat="48.48424" lon="-2.5092"/>
            <trkpt lat="48.48449" lon="-2.50897"/>
            <trkpt lat="48.48515" lon="-2.50848"/>
            <trkpt lat="48.48528" lon="-2.50835"/>
            <trkpt lat="48.48546" lon="-2.50814"/>
            <trkpt lat="48.4857" lon="-2.50779"/>
            <trkpt lat="48.48589" lon="-2.50747"/>
            <trkpt lat="48.4861" lon="-2.50708"/>
            <trkpt lat="48.48624" lon="-2.50681"/>
            <trkpt lat="48.48651" lon="-2.50625"/>
            <trkpt lat="48.48701" lon="-2.50512"/>
            <trkpt lat="48.48714" lon="-2.50488"/>
            <trkpt lat="48.48715" lon="-2.50486"/>
            <trkpt lat="48.4874" lon="-2.5045"/>
            <trkpt lat="48.48785" lon="-2.50396"/>
            <trkpt lat="48.48816" lon="-2.50365"/>
            <trkpt lat="48.48846" lon="-2.50342"/>
            <trkpt lat="48.48891" lon="-2.50316"/>
            <trkpt lat="48.48903" lon="-2.50306"/>
            <trkpt lat="48.48919" lon="-2.50294"/>
            <trkpt lat="48.48944" lon="-2.50273"/>
            <trkpt lat="48.48963" lon="-2.50245"/>
            <trkpt lat="48.49015" lon="-2.50141"/>
            <trkpt lat="48.49022" lon="-2.5013"/>
            <trkpt lat="48.49063" lon="-2.50076"/>
            <trkpt lat="48.49132" lon="-2.50015"/>
            <trkpt lat="48.49154" lon="-2.49998"/>
            <trkpt lat="48.49181" lon="-2.49986"/>
            <trkpt lat="48.49203" lon="-2.49977"/>
            <trkpt lat="48.49246" lon="-2.49966"/>
            <trkpt lat="48.4933" lon="-2.49955"/>
            <trkpt lat="48.49365" lon="-2.49946"/>
            <trkpt lat="48.49375" lon="-2.49943"/>
            <trkpt lat="48.49386" lon="-2.4994"/>
            <trkpt lat="48.49453" lon="-2.49916"/>
            <trkpt lat="48.49504" lon="-2.49893"/>
            <trkpt lat="48.49539" lon="-2.49874"/>
            <trkpt lat="48.49598" lon="-2.49837"/>
            <trkpt lat="48.49685" lon="-2.49775"/>
            <trkpt lat="48.49717" lon="-2.4975"/>
            <trkpt lat="48.49756" lon="-2.49715"/>
            <trkpt lat="48.49787" lon="-2.49684"/>
            <trkpt lat="48.49813" lon="-2.49653"/>
            <trkpt lat="48.49839" lon="-2.49617"/>
            <trkpt lat="48.49899" lon="-2.49541"/>
            <trkpt lat="48.49954" lon="-2.49479"/>
            <trkpt lat="48.49994" lon="-2.49445"/>
            <trkpt lat="48.50029" lon="-2.49418"/>
            <trkpt lat="48.50114" lon="-2.49377"/>
            <trkpt lat="48.50167" lon="-2.49347"/>
            <trkpt lat="48.50216" lon="-2.49323"/>
            <trkpt lat="48.50263" lon="-2.49294"/>
            <trkpt lat="48.50316" lon="-2.49252"/>
            <trkpt lat="48.5033" lon="-2.4924"/>
            <trkpt lat="48.50365" lon="-2.4921"/>
            <trkpt lat="48.504" lon="-2.49188"/>
            <trkpt lat="48.50434" lon="-2.49171"/>
            <trkpt lat="48.5049" lon="-2.49139"/>
            <trkpt lat="48.50572" lon="-2.49092"/>
            <trkpt lat="48.50597" lon="-2.49075"/>
            <trkpt lat="48.50636" lon="-2.49044"/>
            <trkpt lat="48.50661" lon="-2.49023"/>
            <trkpt lat="48.50708" lon="-2.48989"/>
            <trkpt lat="48.50726" lon="-2.4898"/>
            <trkpt lat="48.50744" lon="-2.48973"/>
            <trkpt lat="48.50747" lon="-2.48972"/>
            <trkpt lat="48.50832" lon="-2.48959"/>
            <trkpt lat="48.50855" lon="-2.48951"/>
            <trkpt lat="48.509" lon="-2.48927"/>
            <trkpt lat="48.50914" lon="-2.48918"/>
            <trkpt lat="48.50942" lon="-2.489"/>
            <trkpt lat="48.50952" lon="-2.48892"/>
            <trkpt lat="48.5097" lon="-2.48872"/>
            <trkpt lat="48.50971" lon="-2.48871"/>
            <trkpt lat="48.50981" lon="-2.48853"/>
            <trkpt lat="48.5099" lon="-2.48839"/>
            <trkpt lat="48.50991" lon="-2.48837"/>
            <trkpt lat="48.50999" lon="-2.48829"/>
            <trkpt lat="48.51007" lon="-2.48824"/>
            <trkpt lat="48.51044" lon="-2.48812"/>
            <trkpt lat="48.51067" lon="-2.48801"/>
            <trkpt lat="48.51105" lon="-2.48782"/>
            <trkpt lat="48.51113" lon="-2.48781"/>
            <trkpt lat="48.51145" lon="-2.48785"/>
            <trkpt lat="48.51176" lon="-2.48786"/>
            <trkpt lat="48.51208" lon="-2.4878"/>
            <trkpt lat="48.51213" lon="-2.48778"/>
            <trkpt lat="48.51321" lon="-2.48731"/>
            <trkpt lat="48.5133" lon="-2.48728"/>
            <trkpt lat="48.51381" lon="-2.48711"/>
            <trkpt lat="48.51405" lon="-2.48705"/>
            <trkpt lat="48.51446" lon="-2.48704"/>
            <trkpt lat="48.51467" lon="-2.48706"/>
            <trkpt lat="48.51479" lon="-2.48708"/>
            <trkpt lat="48.51537" lon="-2.48718"/>
            <trkpt lat="48.51556" lon="-2.48718"/>
            <trkpt lat="48.51563" lon="-2.48717"/>
            <trkpt lat="48.5158" lon="-2.48712"/>
            <trkpt lat="48.51584" lon="-2.48711"/>
            <trkpt lat="48.51589" lon="-2.48709"/>
            <trkpt lat="48.51603" lon="-2.48703"/>
            <trkpt lat="48.51625" lon="-2.48689"/>
            <trkpt lat="48.5169" lon="-2.48643"/>
            <trkpt lat="48.51702" lon="-2.48636"/>
            <trkpt lat="48.51722" lon="-2.48631"/>
            <trkpt lat="48.51731" lon="-2.48631"/>
            <trkpt lat="48.51778" lon="-2.48647"/>
            <trkpt lat="48.51794" lon="-2.4865"/>
            <trkpt lat="48.51803" lon="-2.48646"/>
            <trkpt lat="48.51833" lon="-2.48626"/>
            <trkpt lat="48.51847" lon="-2.48614"/>
            <trkpt lat="48.51878" lon="-2.4858"/>
            <trkpt lat="48.51902" lon="-2.4855"/>
            <trkpt lat="48.51916" lon="-2.4853"/>
            <trkpt lat="48.51947" lon="-2.48495"/>
            <trkpt lat="48.51961" lon="-2.48485"/>
            <trkpt lat="48.51975" lon="-2.48479"/>
            <trkpt lat="48.51995" lon="-2.48476"/>
            <trkpt lat="48.52012" lon="-2.48476"/>
            <trkpt lat="48.52026" lon="-2.48477"/>
            <trkpt lat="48.52054" lon="-2.48477"/>
            <trkpt lat="48.52101" lon="-2.48467"/>
            <trkpt lat="48.52141" lon="-2.48455"/>
            <trkpt lat="48.52154" lon="-2.48445"/>
            <trkpt lat="48.52192" lon="-2.48404"/>
            <trkpt lat="48.52202" lon="-2.4839"/>
            <trkpt lat="48.52219" lon="-2.48371"/>
            <trkpt lat="48.52282" lon="-2.48333"/>
            <trkpt lat="48.52304" lon="-2.48324"/>
            <trkpt lat="48.52377" lon="-2.48291"/>
            <trkpt lat="48.52389" lon="-2.48286"/>
            <trkpt lat="48.52403" lon="-2.48277"/>
            <trkpt lat="48.52414" lon="-2.48267"/>
            <trkpt lat="48.5243" lon="-2.48249"/>
            <trkpt lat="48.52441" lon="-2.48237"/>
            <trkpt lat="48.52465" lon="-2.48208"/>
            <trkpt lat="48.52496" lon="-2.48163"/>
            <trkpt lat="48.5255" lon="-2.48077"/>
            <trkpt lat="48.52657" lon="-2.47908"/>
            <trkpt lat="48.52682" lon="-2.47871"/>
            <trkpt lat="48.52706" lon="-2.47845"/>
            <trkpt lat="48.52814" lon="-2.47747"/>
            <trkpt lat="48.52839" lon="-2.47731"/>
            <trkpt lat="48.52867" lon="-2.47716"/>
            <trkpt lat="48.52997" lon="-2.47645"/>
            <trkpt lat="48.53038" lon="-2.47621"/>
            <trkpt lat="48.53066" lon="-2.47617"/>
            <trkpt lat="48.53079" lon="-2.47616"/>
            <trkpt lat="48.53099" lon="-2.47624"/>
            <trkpt lat="48.5312" lon="-2.47629"/>
            <trkpt lat="48.53125" lon="-2.4763"/>
            <trkpt lat="48.53142" lon="-2.47636"/>
            <trkpt lat="48.53152" lon="-2.47637"/>
            <trkpt lat="48.53165" lon="-2.47637"/>
            <trkpt lat="48.53172" lon="-2.47637"/>
            <trkpt lat="48.53187" lon="-2.47633"/>
            <trkpt lat="48.53202" lon="-2.47625"/>
            <trkpt lat="48.53226" lon="-2.47608"/>
            <trkpt lat="48.53236" lon="-2.47595"/>
            <trkpt lat="48.53247" lon="-2.47582"/>
            <trkpt lat="48.53253" lon="-2.47574"/>
            <trkpt lat="48.53293" lon="-2.47515"/>
            <trkpt lat="48.53305" lon="-2.47495"/>
            <trkpt lat="48.53326" lon="-2.47453"/>
            <trkpt lat="48.53351" lon="-2.47394"/>
            <trkpt lat="48.53359" lon="-2.47376"/>
            <trkpt lat="48.53367" lon="-2.47365"/>
            <trkpt lat="48.53382" lon="-2.47347"/>
            <trkpt lat="48.53498" lon="-2.47249"/>
            <trkpt lat="48.53524" lon="-2.47226"/>
            <trkpt lat="48.53542" lon="-2.47213"/>
            <trkpt lat="48.53641" lon="-2.47131"/>
            <trkpt lat="48.53749" lon="-2.47041"/>
            <trkpt lat="48.5376" lon="-2.47033"/>
            <trkpt lat="48.53832" lon="-2.46977"/>
            <trkpt lat="48.53845" lon="-2.46968"/>
            <trkpt lat="48.53933" lon="-2.46897"/>
            <trkpt lat="48.53965" lon="-2.46865"/>
            <trkpt lat="48.54028" lon="-2.46794"/>
            <trkpt lat="48.54087" lon="-2.46708"/>
            <trkpt lat="48.54125" lon="-2.46642"/>
            <trkpt lat="48.54139" lon="-2.46628"/>
            <trkpt lat="48.5416" lon="-2.46617"/>
            <trkpt lat="48.54163" lon="-2.46616"/>
            <trkpt lat="48.54181" lon="-2.4661"/>
            <trkpt lat="48.54222" lon="-2.46596"/>
            <trkpt lat="48.54284" lon="-2.46568"/>
            <trkpt lat="48.543" lon="-2.46563"/>
            <trkpt lat="48.54322" lon="-2.4656"/>
            <trkpt lat="48.54346" lon="-2.4656"/>
            <trkpt lat="48.5438" lon="-2.46564"/>
            <trkpt lat="48.54455" lon="-2.46561"/>
            <trkpt lat="48.5449" lon="-2.46555"/>
            <trkpt lat="48.54546" lon="-2.46525"/>
            <trkpt lat="48.54555" lon="-2.4652"/>
            <trkpt lat="48.54574" lon="-2.465"/>
            <trkpt lat="48.54616" lon="-2.4644"/>
            <trkpt lat="48.54648" lon="-2.4639"/>
            <trkpt lat="48.54628" lon="-2.46338"/>
            <trkpt lat="48.54565" lon="-2.4614"/>
            <trkpt lat="48.54554" lon="-2.46094"/>
            <trkpt lat="48.54536" lon="-2.46021"/>
            <trkpt lat="48.54505" lon="-2.459"/>
            <trkpt lat="48.545" lon="-2.45879"/>
            <trkpt lat="48.54491" lon="-2.4585"/>
            <trkpt lat="48.54477" lon="-2.45812"/>
            <trkpt lat="48.54463" lon="-2.45776"/>
            <trkpt lat="48.54453" lon="-2.4574"/>
            <trkpt lat="48.54442" lon="-2.45683"/>
            <trkpt lat="48.54423" lon="-2.45565"/>
            <trkpt lat="48.5441" lon="-2.45517"/>
            <trkpt lat="48.54391" lon="-2.45492"/>
            <trkpt lat="48.54379" lon="-2.45423"/>
            <trkpt lat="48.54375" lon="-2.45396"/>
            <trkpt lat="48.54329" lon="-2.45065"/>
            <trkpt lat="48.54321" lon="-2.45015"/>
            <trkpt lat="48.54287" lon="-2.44798"/>
            <trkpt lat="48.54273" lon="-2.44716"/>
            <trkpt lat="48.54265" lon="-2.44646"/>
            <trkpt lat="48.54262" lon="-2.44612"/>
            <trkpt lat="48.5426" lon="-2.44579"/>
            <trkpt lat="48.54264" lon="-2.44497"/>
            <trkpt lat="48.54279" lon="-2.44355"/>
            <trkpt lat="48.54285" lon="-2.44311"/>
            <trkpt lat="48.54289" lon="-2.44276"/>
            <trkpt lat="48.5429" lon="-2.44247"/>
            <trkpt lat="48.54283" lon="-2.44222"/>
            <trkpt lat="48.54257" lon="-2.44161"/>
            <trkpt lat="48.54235" lon="-2.44108"/>
            <trkpt lat="48.54226" lon="-2.44082"/>
            <trkpt lat="48.54212" lon="-2.44038"/>
            <trkpt lat="48.54207" lon="-2.44022"/>
            <trkpt lat="48.54198" lon="-2.43982"/>
            <trkpt lat="48.54184" lon="-2.43917"/>
            <trkpt lat="48.5418" lon="-2.43896"/>
            <trkpt lat="48.54178" lon="-2.43884"/>
            <trkpt lat="48.54156" lon="-2.43783"/>
            <trkpt lat="48.54141" lon="-2.43725"/>
            <trkpt lat="48.54129" lon="-2.43688"/>
            <trkpt lat="48.54123" lon="-2.43671"/>
            <trkpt lat="48.54118" lon="-2.43664"/>
            <trkpt lat="48.54109" lon="-2.43637"/>
            <trkpt lat="48.54099" lon="-2.43609"/>
            <trkpt lat="48.54079" lon="-2.43556"/>
            <trkpt lat="48.5409" lon="-2.43516"/>
            <trkpt lat="48.54093" lon="-2.43499"/>
            <trkpt lat="48.54094" lon="-2.43488"/>
            <trkpt lat="48.54073" lon="-2.43375"/>
            <trkpt lat="48.54063" lon="-2.43344"/>
            <trkpt lat="48.54082" lon="-2.43323"/>
            <trkpt lat="48.54098" lon="-2.43309"/>
        </trkseg>
    </trk>
</gpx>
