<?xml version="1.0" encoding="UTF-8"?>
<gpx version="1.1" creator="tomtom-scenic-route" xmlns="http://www.topografix.com/GPX/1/1">
  <metadata><name>Côte de Granit Rose</name></metadata>
  <wpt lat="48.5409784" lon="-2.4330858"><name>Hénansal (départ)</name></wpt>
  <wpt lat="48.601395" lon="-2.820245"><name>Binic</name></wpt>
  <wpt lat="48.821372" lon="-3.018032"><name>Pointe de l'Arcouest</name></wpt>
  <wpt lat="48.834" lon="-3.4873"><name>Pointe du Château</name></wpt>
  <wpt lat="48.83744" lon="-3.48328"><name>Ploumanac'h (déjeuner)</name></wpt>
  <wpt lat="48.824083" lon="-3.497095"><name>Station-service</name></wpt>
  <wpt lat="48.834443" lon="-3.510708"><name>Île Renote</name></wpt>
  <wpt lat="48.5602054" lon="-3.1444762"><name>Guingamp</name></wpt>
  <wpt lat="48.5409784" lon="-2.4330858"><name>Hénansal (retour)</name></wpt>
  <trk>
    <name>Côte de Granit Rose</name>
    <trkseg>
      <trkpt lat="48.54098" lon="-2.43309"></trkpt>
      <trkpt lat="48.5412" lon="-2.43335"></trkpt>
      <trkpt lat="48.54131" lon="-2.43348"></trkpt>
      <trkpt lat="48.54133" lon="-2.4335"></trkpt>
      <trkpt lat="48.54164" lon="-2.43374"></trkpt>
      <trkpt lat="48.54182" lon="-2.43395"></trkpt>
      <trkpt lat="48.54211" lon="-2.43434"></trkpt>
      <trkpt lat="48.54243" lon="-2.43461"></trkpt>
      <trkpt lat="48.5428" lon="-2.43485"></trkpt>
      <trkpt lat="48.5431" lon="-2.43507"></trkpt>
      <trkpt lat="48.5433" lon="-2.43523"></trkpt>
      <trkpt lat="48.54363" lon="-2.43543"></trkpt>
      <trkpt lat="48.54368" lon="-2.43544"></trkpt>
      <trkpt lat="48.54369" lon="-2.43541"></trkpt>
      <trkpt lat="48.54371" lon="-2.43538"></trkpt>
      <trkpt lat="48.54373" lon="-2.43536"></trkpt>
      <trkpt lat="48.54376" lon="-2.43535"></trkpt>
      <trkpt lat="48.54379" lon="-2.43536"></trkpt>
      <trkpt lat="48.54381" lon="-2.43538"></trkpt>
      <trkpt lat="48.54383" lon="-2.4354"></trkpt>
      <trkpt lat="48.54384" lon="-2.43542"></trkpt>
      <trkpt lat="48.54391" lon="-2.43537"></trkpt>
      <trkpt lat="48.54393" lon="-2.43535"></trkpt>
      <trkpt lat="48.54431" lon="-2.435"></trkpt>
      <trkpt lat="48.5445" lon="-2.43478"></trkpt>
      <trkpt lat="48.54473" lon="-2.43455"></trkpt>
      <trkpt lat="48.54514" lon="-2.4342"></trkpt>
      <trkpt lat="48.54517" lon="-2.43428"></trkpt>
      <trkpt lat="48.5452" lon="-2.43433"></trkpt>
      <trkpt lat="48.54564" lon="-2.43498"></trkpt>
      <trkpt lat="48.54582" lon="-2.43527"></trkpt>
      <trkpt lat="48.546" lon="-2.4355"></trkpt>
      <trkpt lat="48.54637" lon="-2.43586"></trkpt>
      <trkpt lat="48.54654" lon="-2.436"></trkpt>
      <trkpt lat="48.5469" lon="-2.43627"></trkpt>
      <trkpt lat="48.54756" lon="-2.43684"></trkpt>
      <trkpt lat="48.54778" lon="-2.43709"></trkpt>
      <trkpt lat="48.54803" lon="-2.43747"></trkpt>
      <trkpt lat="48.54893" lon="-2.43884"></trkpt>
      <trkpt lat="48.54903" lon="-2.43896"></trkpt>
      <trkpt lat="48.5491" lon="-2.43905"></trkpt>
      <trkpt lat="48.54941" lon="-2.43929"></trkpt>
      <trkpt lat="48.54973" lon="-2.43954"></trkpt>
      <trkpt lat="48.54977" lon="-2.43958"></trkpt>
      <trkpt lat="48.54996" lon="-2.43971"></trkpt>
      <trkpt lat="48.55008" lon="-2.43983"></trkpt>
      <trkpt lat="48.55018" lon="-2.43996"></trkpt>
      <trkpt lat="48.55021" lon="-2.44002"></trkpt>
      <trkpt lat="48.55027" lon="-2.44016"></trkpt>
      <trkpt lat="48.55037" lon="-2.44044"></trkpt>
      <trkpt lat="48.55045" lon="-2.44065"></trkpt>
      <trkpt lat="48.5505" lon="-2.44078"></trkpt>
      <trkpt lat="48.55059" lon="-2.44094"></trkpt>
      <trkpt lat="48.55092" lon="-2.44134"></trkpt>
      <trkpt lat="48.55119" lon="-2.44166"></trkpt>
      <trkpt lat="48.55157" lon="-2.44216"></trkpt>
      <trkpt lat="48.55174" lon="-2.44243"></trkpt>
      <trkpt lat="48.55186" lon="-2.44268"></trkpt>
      <trkpt lat="48.55196" lon="-2.44294"></trkpt>
      <trkpt lat="48.55201" lon="-2.4431"></trkpt>
      <trkpt lat="48.55211" lon="-2.44358"></trkpt>
      <trkpt lat="48.55225" lon="-2.44433"></trkpt>
      <trkpt lat="48.55226" lon="-2.445"></trkpt>
      <trkpt lat="48.55226" lon="-2.44504"></trkpt>
      <trkpt lat="48.55223" lon="-2.44584"></trkpt>
      <trkpt lat="48.55224" lon="-2.447"></trkpt>
      <trkpt lat="48.55223" lon="-2.44737"></trkpt>
      <trkpt lat="48.55226" lon="-2.44786"></trkpt>
      <trkpt lat="48.55242" lon="-2.4485"></trkpt>
      <trkpt lat="48.55269" lon="-2.44942"></trkpt>
      <trkpt lat="48.55284" lon="-2.44973"></trkpt>
      <trkpt lat="48.55313" lon="-2.4502"></trkpt>
      <trkpt lat="48.55354" lon="-2.45074"></trkpt>
      <trkpt lat="48.55402" lon="-2.45134"></trkpt>
      <trkpt lat="48.55439" lon="-2.45185"></trkpt>
      <trkpt lat="48.55457" lon="-2.45214"></trkpt>
      <trkpt lat="48.55462" lon="-2.45226"></trkpt>
      <trkpt lat="48.55476" lon="-2.45261"></trkpt>
      <trkpt lat="48.55484" lon="-2.45294"></trkpt>
      <trkpt lat="48.55492" lon="-2.45338"></trkpt>
      <trkpt lat="48.55506" lon="-2.45382"></trkpt>
      <trkpt lat="48.55521" lon="-2.45419"></trkpt>
      <trkpt lat="48.5557" lon="-2.45536"></trkpt>
      <trkpt lat="48.5559" lon="-2.45596"></trkpt>
      <trkpt lat="48.55593" lon="-2.45606"></trkpt>
      <trkpt lat="48.5561" lon="-2.45689"></trkpt>
      <trkpt lat="48.55624" lon="-2.45743"></trkpt>
      <trkpt lat="48.55604" lon="-2.45757"></trkpt>
      <trkpt lat="48.55559" lon="-2.45797"></trkpt>
      <trkpt lat="48.55543" lon="-2.45815"></trkpt>
      <trkpt lat="48.55539" lon="-2.4582"></trkpt>
      <trkpt lat="48.55535" lon="-2.45825"></trkpt>
      <trkpt lat="48.55526" lon="-2.45834"></trkpt>
      <trkpt lat="48.55516" lon="-2.45842"></trkpt>
      <trkpt lat="48.55363" lon="-2.45886"></trkpt>
      <trkpt lat="48.5534" lon="-2.45891"></trkpt>
      <trkpt lat="48.55294" lon="-2.45895"></trkpt>
      <trkpt lat="48.55191" lon="-2.45889"></trkpt>
      <trkpt lat="48.55117" lon="-2.45884"></trkpt>
      <trkpt lat="48.55092" lon="-2.45886"></trkpt>
      <trkpt lat="48.55069" lon="-2.45891"></trkpt>
      <trkpt lat="48.55052" lon="-2.459"></trkpt>
      <trkpt lat="48.55043" lon="-2.45907"></trkpt>
      <trkpt lat="48.55036" lon="-2.45915"></trkpt>
      <trkpt lat="48.55017" lon="-2.45941"></trkpt>
      <trkpt lat="48.54976" lon="-2.46002"></trkpt>
      <trkpt lat="48.54955" lon="-2.46028"></trkpt>
      <trkpt lat="48.54932" lon="-2.46052"></trkpt>
      <trkpt lat="48.54929" lon="-2.46053"></trkpt>
      <trkpt lat="48.54869" lon="-2.46081"></trkpt>
      <trkpt lat="48.54848" lon="-2.46094"></trkpt>
      <trkpt lat="48.54821" lon="-2.4611"></trkpt>
      <trkpt lat="48.54787" lon="-2.46138"></trkpt>
      <trkpt lat="48.54756" lon="-2.46174"></trkpt>
      <trkpt lat="48.54723" lon="-2.46227"></trkpt>
      <trkpt lat="48.54697" lon="-2.46274"></trkpt>
      <trkpt lat="48.5467" lon="-2.4634"></trkpt>
      <trkpt lat="48.54655" lon="-2.46379"></trkpt>
      <trkpt lat="48.54648" lon="-2.4639"></trkpt>
      <trkpt lat="48.54616" lon="-2.4644"></trkpt>
      <trkpt lat="48.54574" lon="-2.465"></trkpt>
      <trkpt lat="48.54555" lon="-2.4652"></trkpt>
      <trkpt lat="48.54546" lon="-2.46525"></trkpt>
      <trkpt lat="48.5449" lon="-2.46555"></trkpt>
      <trkpt lat="48.54455" lon="-2.46561"></trkpt>
      <trkpt lat="48.5438" lon="-2.46564"></trkpt>
      <trkpt lat="48.54346" lon="-2.4656"></trkpt>
      <trkpt lat="48.54322" lon="-2.4656"></trkpt>
      <trkpt lat="48.543" lon="-2.46563"></trkpt>
      <trkpt lat="48.54284" lon="-2.46568"></trkpt>
      <trkpt lat="48.54222" lon="-2.46596"></trkpt>
      <trkpt lat="48.54181" lon="-2.4661"></trkpt>
      <trkpt lat="48.54163" lon="-2.46616"></trkpt>
      <trkpt lat="48.5416" lon="-2.46617"></trkpt>
      <trkpt lat="48.54139" lon="-2.46628"></trkpt>
      <trkpt lat="48.54125" lon="-2.46642"></trkpt>
      <trkpt lat="48.54087" lon="-2.46708"></trkpt>
      <trkpt lat="48.54028" lon="-2.46794"></trkpt>
      <trkpt lat="48.53965" lon="-2.46865"></trkpt>
      <trkpt lat="48.53933" lon="-2.46897"></trkpt>
      <trkpt lat="48.53845" lon="-2.46968"></trkpt>
      <trkpt lat="48.53832" lon="-2.46977"></trkpt>
      <trkpt lat="48.5376" lon="-2.47033"></trkpt>
      <trkpt lat="48.53749" lon="-2.47041"></trkpt>
      <trkpt lat="48.53641" lon="-2.47131"></trkpt>
      <trkpt lat="48.53542" lon="-2.47213"></trkpt>
      <trkpt lat="48.53524" lon="-2.47226"></trkpt>
      <trkpt lat="48.53498" lon="-2.47249"></trkpt>
      <trkpt lat="48.53382" lon="-2.47347"></trkpt>
      <trkpt lat="48.53367" lon="-2.47365"></trkpt>
      <trkpt lat="48.53359" lon="-2.47376"></trkpt>
      <trkpt lat="48.53351" lon="-2.47394"></trkpt>
      <trkpt lat="48.53326" lon="-2.47453"></trkpt>
      <trkpt lat="48.53305" lon="-2.47495"></trkpt>
      <trkpt lat="48.53293" lon="-2.47515"></trkpt>
      <trkpt lat="48.53253" lon="-2.47574"></trkpt>
      <trkpt lat="48.53247" lon="-2.47582"></trkpt>
      <trkpt lat="48.53236" lon="-2.47595"></trkpt>
      <trkpt lat="48.53226" lon="-2.47608"></trkpt>
      <trkpt lat="48.53202" lon="-2.47625"></trkpt>
      <trkpt lat="48.53187" lon="-2.47633"></trkpt>
      <trkpt lat="48.53172" lon="-2.47637"></trkpt>
      <trkpt lat="48.53165" lon="-2.47637"></trkpt>
      <trkpt lat="48.53152" lon="-2.47637"></trkpt>
      <trkpt lat="48.53142" lon="-2.47636"></trkpt>
      <trkpt lat="48.53125" lon="-2.4763"></trkpt>
      <trkpt lat="48.5312" lon="-2.47629"></trkpt>
      <trkpt lat="48.53099" lon="-2.47624"></trkpt>
      <trkpt lat="48.53079" lon="-2.47616"></trkpt>
      <trkpt lat="48.53066" lon="-2.47617"></trkpt>
      <trkpt lat="48.53038" lon="-2.47621"></trkpt>
      <trkpt lat="48.52997" lon="-2.47645"></trkpt>
      <trkpt lat="48.52867" lon="-2.47716"></trkpt>
      <trkpt lat="48.52839" lon="-2.47731"></trkpt>
      <trkpt lat="48.52814" lon="-2.47747"></trkpt>
      <trkpt lat="48.52706" lon="-2.47845"></trkpt>
      <trkpt lat="48.52682" lon="-2.47871"></trkpt>
      <trkpt lat="48.52657" lon="-2.47908"></trkpt>
      <trkpt lat="48.5255" lon="-2.48077"></trkpt>
      <trkpt lat="48.52496" lon="-2.48163"></trkpt>
      <trkpt lat="48.52465" lon="-2.48208"></trkpt>
      <trkpt lat="48.52441" lon="-2.48237"></trkpt>
      <trkpt lat="48.5243" lon="-2.48249"></trkpt>
      <trkpt lat="48.52414" lon="-2.48267"></trkpt>
      <trkpt lat="48.52403" lon="-2.48277"></trkpt>
      <trkpt lat="48.52389" lon="-2.48286"></trkpt>
      <trkpt lat="48.52377" lon="-2.48291"></trkpt>
      <trkpt lat="48.52304" lon="-2.48324"></trkpt>
      <trkpt lat="48.52282" lon="-2.48333"></trkpt>
      <trkpt lat="48.52219" lon="-2.48371"></trkpt>
      <trkpt lat="48.52202" lon="-2.4839"></trkpt>
      <trkpt lat="48.52192" lon="-2.48404"></trkpt>
      <trkpt lat="48.52154" lon="-2.48445"></trkpt>
      <trkpt lat="48.52141" lon="-2.48455"></trkpt>
      <trkpt lat="48.52101" lon="-2.48467"></trkpt>
      <trkpt lat="48.52054" lon="-2.48477"></trkpt>
      <trkpt lat="48.52026" lon="-2.48477"></trkpt>
      <trkpt lat="48.52012" lon="-2.48476"></trkpt>
      <trkpt lat="48.51995" lon="-2.48476"></trkpt>
      <trkpt lat="48.51975" lon="-2.48479"></trkpt>
      <trkpt lat="48.51961" lon="-2.48485"></trkpt>
      <trkpt lat="48.51947" lon="-2.48495"></trkpt>
      <trkpt lat="48.51916" lon="-2.4853"></trkpt>
      <trkpt lat="48.51902" lon="-2.4855"></trkpt>
      <trkpt lat="48.51878" lon="-2.4858"></trkpt>
      <trkpt lat="48.51847" lon="-2.48614"></trkpt>
      <trkpt lat="48.51833" lon="-2.48626"></trkpt>
      <trkpt lat="48.51803" lon="-2.48646"></trkpt>
      <trkpt lat="48.51794" lon="-2.4865"></trkpt>
      <trkpt lat="48.51778" lon="-2.48647"></trkpt>
      <trkpt lat="48.51731" lon="-2.48631"></trkpt>
      <trkpt lat="48.51722" lon="-2.48631"></trkpt>
      <trkpt lat="48.51702" lon="-2.48636"></trkpt>
      <trkpt lat="48.5169" lon="-2.48643"></trkpt>
      <trkpt lat="48.51625" lon="-2.48689"></trkpt>
      <trkpt lat="48.51603" lon="-2.48703"></trkpt>
      <trkpt lat="48.51589" lon="-2.48709"></trkpt>
      <trkpt lat="48.51584" lon="-2.48711"></trkpt>
      <trkpt lat="48.5158" lon="-2.48712"></trkpt>
      <trkpt lat="48.51563" lon="-2.48717"></trkpt>
      <trkpt lat="48.51556" lon="-2.48718"></trkpt>
      <trkpt lat="48.51537" lon="-2.48718"></trkpt>
      <trkpt lat="48.51479" lon="-2.48708"></trkpt>
      <trkpt lat="48.51467" lon="-2.48706"></trkpt>
      <trkpt lat="48.51446" lon="-2.48704"></trkpt>
      <trkpt lat="48.51405" lon="-2.48705"></trkpt>
      <trkpt lat="48.51381" lon="-2.48711"></trkpt>
      <trkpt lat="48.5133" lon="-2.48728"></trkpt>
      <trkpt lat="48.51321" lon="-2.48731"></trkpt>
      <trkpt lat="48.51213" lon="-2.48778"></trkpt>
      <trkpt lat="48.51208" lon="-2.4878"></trkpt>
      <trkpt lat="48.51176" lon="-2.48786"></trkpt>
      <trkpt lat="48.51145" lon="-2.48785"></trkpt>
      <trkpt lat="48.51113" lon="-2.48781"></trkpt>
      <trkpt lat="48.51105" lon="-2.48782"></trkpt>
      <trkpt lat="48.51067" lon="-2.48801"></trkpt>
      <trkpt lat="48.51044" lon="-2.48812"></trkpt>
      <trkpt lat="48.51007" lon="-2.48824"></trkpt>
      <trkpt lat="48.50999" lon="-2.48829"></trkpt>
      <trkpt lat="48.50991" lon="-2.48837"></trkpt>
      <trkpt lat="48.5099" lon="-2.48839"></trkpt>
      <trkpt lat="48.50981" lon="-2.48853"></trkpt>
      <trkpt lat="48.50971" lon="-2.48871"></trkpt>
      <trkpt lat="48.5097" lon="-2.48872"></trkpt>
      <trkpt lat="48.50952" lon="-2.48892"></trkpt>
      <trkpt lat="48.50942" lon="-2.489"></trkpt>
      <trkpt lat="48.50914" lon="-2.48918"></trkpt>
      <trkpt lat="48.509" lon="-2.48927"></trkpt>
      <trkpt lat="48.50855" lon="-2.48951"></trkpt>
      <trkpt lat="48.50832" lon="-2.48959"></trkpt>
      <trkpt lat="48.50747" lon="-2.48972"></trkpt>
      <trkpt lat="48.50744" lon="-2.48973"></trkpt>
      <trkpt lat="48.50726" lon="-2.4898"></trkpt>
      <trkpt lat="48.50708" lon="-2.48989"></trkpt>
      <trkpt lat="48.50661" lon="-2.49023"></trkpt>
      <trkpt lat="48.50636" lon="-2.49044"></trkpt>
      <trkpt lat="48.50597" lon="-2.49075"></trkpt>
      <trkpt lat="48.50572" lon="-2.49092"></trkpt>
      <trkpt lat="48.5049" lon="-2.49139"></trkpt>
      <trkpt lat="48.50434" lon="-2.49171"></trkpt>
      <trkpt lat="48.504" lon="-2.49188"></trkpt>
      <trkpt lat="48.50365" lon="-2.4921"></trkpt>
      <trkpt lat="48.5033" lon="-2.4924"></trkpt>
      <trkpt lat="48.50316" lon="-2.49252"></trkpt>
      <trkpt lat="48.50263" lon="-2.49294"></trkpt>
      <trkpt lat="48.50216" lon="-2.49323"></trkpt>
      <trkpt lat="48.50167" lon="-2.49347"></trkpt>
      <trkpt lat="48.50114" lon="-2.49377"></trkpt>
      <trkpt lat="48.50029" lon="-2.49418"></trkpt>
      <trkpt lat="48.49994" lon="-2.49445"></trkpt>
      <trkpt lat="48.49954" lon="-2.49479"></trkpt>
      <trkpt lat="48.49899" lon="-2.49541"></trkpt>
      <trkpt lat="48.49839" lon="-2.49617"></trkpt>
      <trkpt lat="48.49813" lon="-2.49653"></trkpt>
      <trkpt lat="48.49787" lon="-2.49684"></trkpt>
      <trkpt lat="48.49756" lon="-2.49715"></trkpt>
      <trkpt lat="48.49717" lon="-2.4975"></trkpt>
      <trkpt lat="48.49685" lon="-2.49775"></trkpt>
      <trkpt lat="48.49598" lon="-2.49837"></trkpt>
      <trkpt lat="48.49539" lon="-2.49874"></trkpt>
      <trkpt lat="48.49504" lon="-2.49893"></trkpt>
      <trkpt lat="48.49453" lon="-2.49916"></trkpt>
      <trkpt lat="48.49386" lon="-2.4994"></trkpt>
      <trkpt lat="48.49375" lon="-2.49943"></trkpt>
      <trkpt lat="48.49365" lon="-2.49946"></trkpt>
      <trkpt lat="48.4933" lon="-2.49955"></trkpt>
      <trkpt lat="48.49246" lon="-2.49966"></trkpt>
      <trkpt lat="48.49203" lon="-2.49977"></trkpt>
      <trkpt lat="48.49181" lon="-2.49986"></trkpt>
      <trkpt lat="48.49154" lon="-2.49998"></trkpt>
      <trkpt lat="48.49132" lon="-2.50015"></trkpt>
      <trkpt lat="48.49063" lon="-2.50076"></trkpt>
      <trkpt lat="48.49022" lon="-2.5013"></trkpt>
      <trkpt lat="48.49015" lon="-2.50141"></trkpt>
      <trkpt lat="48.48963" lon="-2.50245"></trkpt>
      <trkpt lat="48.48944" lon="-2.50273"></trkpt>
      <trkpt lat="48.48919" lon="-2.50294"></trkpt>
      <trkpt lat="48.48903" lon="-2.50306"></trkpt>
      <trkpt lat="48.48891" lon="-2.50316"></trkpt>
      <trkpt lat="48.48846" lon="-2.50342"></trkpt>
      <trkpt lat="48.48816" lon="-2.50365"></trkpt>
      <trkpt lat="48.48785" lon="-2.50396"></trkpt>
      <trkpt lat="48.4874" lon="-2.5045"></trkpt>
      <trkpt lat="48.48715" lon="-2.50486"></trkpt>
      <trkpt lat="48.48714" lon="-2.50488"></trkpt>
      <trkpt lat="48.48701" lon="-2.50512"></trkpt>
      <trkpt lat="48.48651" lon="-2.50625"></trkpt>
      <trkpt lat="48.48624" lon="-2.50681"></trkpt>
      <trkpt lat="48.4861" lon="-2.50708"></trkpt>
      <trkpt lat="48.48589" lon="-2.50747"></trkpt>
      <trkpt lat="48.4857" lon="-2.50779"></trkpt>
      <trkpt lat="48.48546" lon="-2.50814"></trkpt>
      <trkpt lat="48.48528" lon="-2.50835"></trkpt>
      <trkpt lat="48.48515" lon="-2.50848"></trkpt>
      <trkpt lat="48.48449" lon="-2.50897"></trkpt>
      <trkpt lat="48.48424" lon="-2.5092"></trkpt>
      <trkpt lat="48.48391" lon="-2.5096"></trkpt>
      <trkpt lat="48.4833" lon="-2.51042"></trkpt>
      <trkpt lat="48.48313" lon="-2.5106"></trkpt>
      <trkpt lat="48.48299" lon="-2.5107"></trkpt>
      <trkpt lat="48.48292" lon="-2.51074"></trkpt>
      <trkpt lat="48.48278" lon="-2.5108"></trkpt>
      <trkpt lat="48.48248" lon="-2.51087"></trkpt>
      <trkpt lat="48.48233" lon="-2.5109"></trkpt>
      <trkpt lat="48.48222" lon="-2.51097"></trkpt>
      <trkpt lat="48.4821" lon="-2.51109"></trkpt>
      <trkpt lat="48.48201" lon="-2.5112"></trkpt>
      <trkpt lat="48.48196" lon="-2.5113"></trkpt>
      <trkpt lat="48.48186" lon="-2.51153"></trkpt>
      <trkpt lat="48.4816" lon="-2.51228"></trkpt>
      <trkpt lat="48.48153" lon="-2.51258"></trkpt>
      <trkpt lat="48.48151" lon="-2.51275"></trkpt>
      <trkpt lat="48.48151" lon="-2.51285"></trkpt>
      <trkpt lat="48.48151" lon="-2.51317"></trkpt>
      <trkpt lat="48.48149" lon="-2.51325"></trkpt>
      <trkpt lat="48.48148" lon="-2.5133"></trkpt>
      <trkpt lat="48.48146" lon="-2.51334"></trkpt>
      <trkpt lat="48.48141" lon="-2.51341"></trkpt>
      <trkpt lat="48.48137" lon="-2.51346"></trkpt>
      <trkpt lat="48.48119" lon="-2.51357"></trkpt>
      <trkpt lat="48.48117" lon="-2.51371"></trkpt>
      <trkpt lat="48.48111" lon="-2.51389"></trkpt>
      <trkpt lat="48.48107" lon="-2.51396"></trkpt>
      <trkpt lat="48.48101" lon="-2.51404"></trkpt>
      <trkpt lat="48.48098" lon="-2.51406"></trkpt>
      <trkpt lat="48.48093" lon="-2.51407"></trkpt>
      <trkpt lat="48.4808" lon="-2.51409"></trkpt>
      <trkpt lat="48.48071" lon="-2.51406"></trkpt>
      <trkpt lat="48.48069" lon="-2.51404"></trkpt>
      <trkpt lat="48.48064" lon="-2.51398"></trkpt>
      <trkpt lat="48.48049" lon="-2.51424"></trkpt>
      <trkpt lat="48.48047" lon="-2.51428"></trkpt>
      <trkpt lat="48.48038" lon="-2.51452"></trkpt>
      <trkpt lat="48.48027" lon="-2.51495"></trkpt>
      <trkpt lat="48.48018" lon="-2.51551"></trkpt>
      <trkpt lat="48.48008" lon="-2.516"></trkpt>
      <trkpt lat="48.47993" lon="-2.51658"></trkpt>
      <trkpt lat="48.4797" lon="-2.51702"></trkpt>
      <trkpt lat="48.47803" lon="-2.51948"></trkpt>
      <trkpt lat="48.47732" lon="-2.52046"></trkpt>
      <trkpt lat="48.47709" lon="-2.5208"></trkpt>
      <trkpt lat="48.47654" lon="-2.52159"></trkpt>
      <trkpt lat="48.47638" lon="-2.5218"></trkpt>
      <trkpt lat="48.47618" lon="-2.5221"></trkpt>
      <trkpt lat="48.47594" lon="-2.52245"></trkpt>
      <trkpt lat="48.47589" lon="-2.52251"></trkpt>
      <trkpt lat="48.47566" lon="-2.52283"></trkpt>
      <trkpt lat="48.47542" lon="-2.52317"></trkpt>
      <trkpt lat="48.47488" lon="-2.52397"></trkpt>
      <trkpt lat="48.47463" lon="-2.52436"></trkpt>
      <trkpt lat="48.47446" lon="-2.5246"></trkpt>
      <trkpt lat="48.47436" lon="-2.52476"></trkpt>
      <trkpt lat="48.47427" lon="-2.52495"></trkpt>
      <trkpt lat="48.47415" lon="-2.52526"></trkpt>
      <trkpt lat="48.47398" lon="-2.52582"></trkpt>
      <trkpt lat="48.47375" lon="-2.52673"></trkpt>
      <trkpt lat="48.47372" lon="-2.52686"></trkpt>
      <trkpt lat="48.47289" lon="-2.53063"></trkpt>
      <trkpt lat="48.47258" lon="-2.53209"></trkpt>
      <trkpt lat="48.47229" lon="-2.53342"></trkpt>
      <trkpt lat="48.47211" lon="-2.53425"></trkpt>
      <trkpt lat="48.47189" lon="-2.53519"></trkpt>
      <trkpt lat="48.47181" lon="-2.53547"></trkpt>
      <trkpt lat="48.47168" lon="-2.53593"></trkpt>
      <trkpt lat="48.47085" lon="-2.53887"></trkpt>
      <trkpt lat="48.47056" lon="-2.53993"></trkpt>
      <trkpt lat="48.47037" lon="-2.54065"></trkpt>
      <trkpt lat="48.47017" lon="-2.54146"></trkpt>
      <trkpt lat="48.46995" lon="-2.54236"></trkpt>
      <trkpt lat="48.4698" lon="-2.54343"></trkpt>
      <trkpt lat="48.46974" lon="-2.54372"></trkpt>
      <trkpt lat="48.46975" lon="-2.5438"></trkpt>
      <trkpt lat="48.4695" lon="-2.54425"></trkpt>
      <trkpt lat="48.46952" lon="-2.54429"></trkpt>
      <trkpt lat="48.46952" lon="-2.54434"></trkpt>
      <trkpt lat="48.46953" lon="-2.54443"></trkpt>
      <trkpt lat="48.46953" lon="-2.54448"></trkpt>
      <trkpt lat="48.46951" lon="-2.54457"></trkpt>
      <trkpt lat="48.46977" lon="-2.54504"></trkpt>
      <trkpt lat="48.46985" lon="-2.54523"></trkpt>
      <trkpt lat="48.46999" lon="-2.54565"></trkpt>
      <trkpt lat="48.47016" lon="-2.54619"></trkpt>
      <trkpt lat="48.47032" lon="-2.54666"></trkpt>
      <trkpt lat="48.47049" lon="-2.54721"></trkpt>
      <trkpt lat="48.47064" lon="-2.54778"></trkpt>
      <trkpt lat="48.4707" lon="-2.54806"></trkpt>
      <trkpt lat="48.47078" lon="-2.54847"></trkpt>
      <trkpt lat="48.47086" lon="-2.54883"></trkpt>
      <trkpt lat="48.47092" lon="-2.54904"></trkpt>
      <trkpt lat="48.47092" lon="-2.54912"></trkpt>
      <trkpt lat="48.47099" lon="-2.54934"></trkpt>
      <trkpt lat="48.47103" lon="-2.54947"></trkpt>
      <trkpt lat="48.47127" lon="-2.55013"></trkpt>
      <trkpt lat="48.47133" lon="-2.55027"></trkpt>
      <trkpt lat="48.47143" lon="-2.55049"></trkpt>
      <trkpt lat="48.47148" lon="-2.55061"></trkpt>
      <trkpt lat="48.47153" lon="-2.55078"></trkpt>
      <trkpt lat="48.47165" lon="-2.55114"></trkpt>
      <trkpt lat="48.47168" lon="-2.5512"></trkpt>
      <trkpt lat="48.47194" lon="-2.55177"></trkpt>
      <trkpt lat="48.47215" lon="-2.55219"></trkpt>
      <trkpt lat="48.4726" lon="-2.55298"></trkpt>
      <trkpt lat="48.4728" lon="-2.55329"></trkpt>
      <trkpt lat="48.47297" lon="-2.55357"></trkpt>
      <trkpt lat="48.47322" lon="-2.55398"></trkpt>
      <trkpt lat="48.47409" lon="-2.55557"></trkpt>
      <trkpt lat="48.47445" lon="-2.55618"></trkpt>
      <trkpt lat="48.47501" lon="-2.55717"></trkpt>
      <trkpt lat="48.4754" lon="-2.55785"></trkpt>
      <trkpt lat="48.47554" lon="-2.55808"></trkpt>
      <trkpt lat="48.47561" lon="-2.5582"></trkpt>
      <trkpt lat="48.47607" lon="-2.55905"></trkpt>
      <trkpt lat="48.4763" lon="-2.55954"></trkpt>
      <trkpt lat="48.47644" lon="-2.56002"></trkpt>
      <trkpt lat="48.47645" lon="-2.56005"></trkpt>
      <trkpt lat="48.47659" lon="-2.56044"></trkpt>
      <trkpt lat="48.47664" lon="-2.56075"></trkpt>
      <trkpt lat="48.47666" lon="-2.5611"></trkpt>
      <trkpt lat="48.47666" lon="-2.56154"></trkpt>
      <trkpt lat="48.47663" lon="-2.5619"></trkpt>
      <trkpt lat="48.47657" lon="-2.56223"></trkpt>
      <trkpt lat="48.47648" lon="-2.56261"></trkpt>
      <trkpt lat="48.47623" lon="-2.56323"></trkpt>
      <trkpt lat="48.47603" lon="-2.56365"></trkpt>
      <trkpt lat="48.47598" lon="-2.56373"></trkpt>
      <trkpt lat="48.47597" lon="-2.56376"></trkpt>
      <trkpt lat="48.47594" lon="-2.56378"></trkpt>
      <trkpt lat="48.47582" lon="-2.56396"></trkpt>
      <trkpt lat="48.47578" lon="-2.56401"></trkpt>
      <trkpt lat="48.47518" lon="-2.56474"></trkpt>
      <trkpt lat="48.47504" lon="-2.56497"></trkpt>
      <trkpt lat="48.47498" lon="-2.56508"></trkpt>
      <trkpt lat="48.4749" lon="-2.56528"></trkpt>
      <trkpt lat="48.47478" lon="-2.56565"></trkpt>
      <trkpt lat="48.47473" lon="-2.56579"></trkpt>
      <trkpt lat="48.47467" lon="-2.56603"></trkpt>
      <trkpt lat="48.47466" lon="-2.5665"></trkpt>
      <trkpt lat="48.47466" lon="-2.56668"></trkpt>
      <trkpt lat="48.47469" lon="-2.56682"></trkpt>
      <trkpt lat="48.47475" lon="-2.56709"></trkpt>
      <trkpt lat="48.47481" lon="-2.56724"></trkpt>
      <trkpt lat="48.47488" lon="-2.56746"></trkpt>
      <trkpt lat="48.47506" lon="-2.5678"></trkpt>
      <trkpt lat="48.47507" lon="-2.56782"></trkpt>
      <trkpt lat="48.4753" lon="-2.56841"></trkpt>
      <trkpt lat="48.47538" lon="-2.56879"></trkpt>
      <trkpt lat="48.47552" lon="-2.56967"></trkpt>
      <trkpt lat="48.47564" lon="-2.5708"></trkpt>
      <trkpt lat="48.47572" lon="-2.57166"></trkpt>
      <trkpt lat="48.47586" lon="-2.5732"></trkpt>
      <trkpt lat="48.47586" lon="-2.5733"></trkpt>
      <trkpt lat="48.47583" lon="-2.57356"></trkpt>
      <trkpt lat="48.47582" lon="-2.57368"></trkpt>
      <trkpt lat="48.47568" lon="-2.57404"></trkpt>
      <trkpt lat="48.4756" lon="-2.57418"></trkpt>
      <trkpt lat="48.47582" lon="-2.57444"></trkpt>
      <trkpt lat="48.47594" lon="-2.57463"></trkpt>
      <trkpt lat="48.47598" lon="-2.57472"></trkpt>
      <trkpt lat="48.47605" lon="-2.57488"></trkpt>
      <trkpt lat="48.47611" lon="-2.57527"></trkpt>
      <trkpt lat="48.47613" lon="-2.5755"></trkpt>
      <trkpt lat="48.47616" lon="-2.57609"></trkpt>
      <trkpt lat="48.47627" lon="-2.57883"></trkpt>
      <trkpt lat="48.47632" lon="-2.57963"></trkpt>
      <trkpt lat="48.47638" lon="-2.58023"></trkpt>
      <trkpt lat="48.47644" lon="-2.58062"></trkpt>
      <trkpt lat="48.47651" lon="-2.58062"></trkpt>
      <trkpt lat="48.47657" lon="-2.58065"></trkpt>
      <trkpt lat="48.47662" lon="-2.58074"></trkpt>
      <trkpt lat="48.47663" lon="-2.58079"></trkpt>
      <trkpt lat="48.47664" lon="-2.58091"></trkpt>
      <trkpt lat="48.47663" lon="-2.58096"></trkpt>
      <trkpt lat="48.47682" lon="-2.58114"></trkpt>
      <trkpt lat="48.47693" lon="-2.58122"></trkpt>
      <trkpt lat="48.47702" lon="-2.58126"></trkpt>
      <trkpt lat="48.47735" lon="-2.58145"></trkpt>
      <trkpt lat="48.47806" lon="-2.58185"></trkpt>
      <trkpt lat="48.47814" lon="-2.58188"></trkpt>
      <trkpt lat="48.47828" lon="-2.58189"></trkpt>
      <trkpt lat="48.47842" lon="-2.58189"></trkpt>
      <trkpt lat="48.47873" lon="-2.58182"></trkpt>
      <trkpt lat="48.47881" lon="-2.5818"></trkpt>
      <trkpt lat="48.47897" lon="-2.58177"></trkpt>
      <trkpt lat="48.47912" lon="-2.58174"></trkpt>
      <trkpt lat="48.47924" lon="-2.58174"></trkpt>
      <trkpt lat="48.47935" lon="-2.58178"></trkpt>
      <trkpt lat="48.47947" lon="-2.58185"></trkpt>
      <trkpt lat="48.47968" lon="-2.58203"></trkpt>
      <trkpt lat="48.47995" lon="-2.5823"></trkpt>
      <trkpt lat="48.4804" lon="-2.58278"></trkpt>
      <trkpt lat="48.48069" lon="-2.58311"></trkpt>
      <trkpt lat="48.4808" lon="-2.58324"></trkpt>
      <trkpt lat="48.48098" lon="-2.5835"></trkpt>
      <trkpt lat="48.48102" lon="-2.58354"></trkpt>
      <trkpt lat="48.48117" lon="-2.58378"></trkpt>
      <trkpt lat="48.48136" lon="-2.58412"></trkpt>
      <trkpt lat="48.48119" lon="-2.58428"></trkpt>
      <trkpt lat="48.48104" lon="-2.58444"></trkpt>
      <trkpt lat="48.48087" lon="-2.58467"></trkpt>
      <trkpt lat="48.48078" lon="-2.58484"></trkpt>
      <trkpt lat="48.48068" lon="-2.58505"></trkpt>
      <trkpt lat="48.48056" lon="-2.58541"></trkpt>
      <trkpt lat="48.48023" lon="-2.58709"></trkpt>
      <trkpt lat="48.4799" lon="-2.58836"></trkpt>
      <trkpt lat="48.47938" lon="-2.5902"></trkpt>
      <trkpt lat="48.47926" lon="-2.59069"></trkpt>
      <trkpt lat="48.47915" lon="-2.59125"></trkpt>
      <trkpt lat="48.47911" lon="-2.5916"></trkpt>
      <trkpt lat="48.4791" lon="-2.59218"></trkpt>
      <trkpt lat="48.47914" lon="-2.59273"></trkpt>
      <trkpt lat="48.47914" lon="-2.59277"></trkpt>
      <trkpt lat="48.47934" lon="-2.59399"></trkpt>
      <trkpt lat="48.47955" lon="-2.59537"></trkpt>
      <trkpt lat="48.47958" lon="-2.59647"></trkpt>
      <trkpt lat="48.47951" lon="-2.59709"></trkpt>
      <trkpt lat="48.47948" lon="-2.59725"></trkpt>
      <trkpt lat="48.47919" lon="-2.59801"></trkpt>
      <trkpt lat="48.47834" lon="-2.5998"></trkpt>
      <trkpt lat="48.47806" lon="-2.60038"></trkpt>
      <trkpt lat="48.47797" lon="-2.60064"></trkpt>
      <trkpt lat="48.47792" lon="-2.60088"></trkpt>
      <trkpt lat="48.4779" lon="-2.60101"></trkpt>
      <trkpt lat="48.4779" lon="-2.60118"></trkpt>
      <trkpt lat="48.47791" lon="-2.60152"></trkpt>
      <trkpt lat="48.47803" lon="-2.60275"></trkpt>
      <trkpt lat="48.47803" lon="-2.60288"></trkpt>
      <trkpt lat="48.47803" lon="-2.60317"></trkpt>
      <trkpt lat="48.47799" lon="-2.60344"></trkpt>
      <trkpt lat="48.47794" lon="-2.6036"></trkpt>
      <trkpt lat="48.47785" lon="-2.60379"></trkpt>
      <trkpt lat="48.47755" lon="-2.60431"></trkpt>
      <trkpt lat="48.47789" lon="-2.60488"></trkpt>
      <trkpt lat="48.47811" lon="-2.60528"></trkpt>
      <trkpt lat="48.47834" lon="-2.60566"></trkpt>
      <trkpt lat="48.47917" lon="-2.60689"></trkpt>
      <trkpt lat="48.47985" lon="-2.60791"></trkpt>
      <trkpt lat="48.4801" lon="-2.60839"></trkpt>
      <trkpt lat="48.48014" lon="-2.60847"></trkpt>
      <trkpt lat="48.4802" lon="-2.60859"></trkpt>
      <trkpt lat="48.48031" lon="-2.60884"></trkpt>
      <trkpt lat="48.48062" lon="-2.60954"></trkpt>
      <trkpt lat="48.48082" lon="-2.60996"></trkpt>
      <trkpt lat="48.48109" lon="-2.61047"></trkpt>
      <trkpt lat="48.48215" lon="-2.61207"></trkpt>
      <trkpt lat="48.48222" lon="-2.6122"></trkpt>
      <trkpt lat="48.48227" lon="-2.61231"></trkpt>
      <trkpt lat="48.48229" lon="-2.61239"></trkpt>
      <trkpt lat="48.4823" lon="-2.61247"></trkpt>
      <trkpt lat="48.4823" lon="-2.61255"></trkpt>
      <trkpt lat="48.48228" lon="-2.61268"></trkpt>
      <trkpt lat="48.48219" lon="-2.61292"></trkpt>
      <trkpt lat="48.48213" lon="-2.61308"></trkpt>
      <trkpt lat="48.482" lon="-2.61332"></trkpt>
      <trkpt lat="48.4815" lon="-2.61394"></trkpt>
      <trkpt lat="48.48119" lon="-2.61429"></trkpt>
      <trkpt lat="48.48092" lon="-2.61454"></trkpt>
      <trkpt lat="48.48067" lon="-2.61475"></trkpt>
      <trkpt lat="48.48067" lon="-2.61475"></trkpt>
      <trkpt lat="48.4802" lon="-2.61497"></trkpt>
      <trkpt lat="48.47863" lon="-2.61552"></trkpt>
      <trkpt lat="48.47848" lon="-2.61562"></trkpt>
      <trkpt lat="48.47832" lon="-2.61577"></trkpt>
      <trkpt lat="48.47824" lon="-2.6159"></trkpt>
      <trkpt lat="48.47815" lon="-2.61608"></trkpt>
      <trkpt lat="48.47809" lon="-2.61628"></trkpt>
      <trkpt lat="48.47807" lon="-2.61648"></trkpt>
      <trkpt lat="48.47806" lon="-2.61672"></trkpt>
      <trkpt lat="48.47809" lon="-2.61701"></trkpt>
      <trkpt lat="48.47865" lon="-2.61998"></trkpt>
      <trkpt lat="48.47889" lon="-2.62133"></trkpt>
      <trkpt lat="48.47923" lon="-2.62334"></trkpt>
      <trkpt lat="48.47943" lon="-2.62439"></trkpt>
      <trkpt lat="48.47961" lon="-2.62521"></trkpt>
      <trkpt lat="48.47987" lon="-2.62656"></trkpt>
      <trkpt lat="48.48043" lon="-2.62967"></trkpt>
      <trkpt lat="48.48067" lon="-2.63099"></trkpt>
      <trkpt lat="48.48074" lon="-2.6313"></trkpt>
      <trkpt lat="48.48086" lon="-2.63168"></trkpt>
      <trkpt lat="48.48102" lon="-2.6321"></trkpt>
      <trkpt lat="48.48157" lon="-2.63332"></trkpt>
      <trkpt lat="48.48188" lon="-2.63397"></trkpt>
      <trkpt lat="48.48211" lon="-2.6345"></trkpt>
      <trkpt lat="48.48221" lon="-2.63477"></trkpt>
      <trkpt lat="48.48236" lon="-2.63517"></trkpt>
      <trkpt lat="48.48255" lon="-2.63574"></trkpt>
      <trkpt lat="48.48274" lon="-2.63627"></trkpt>
      <trkpt lat="48.48285" lon="-2.63659"></trkpt>
      <trkpt lat="48.48287" lon="-2.63665"></trkpt>
      <trkpt lat="48.4829" lon="-2.63672"></trkpt>
      <trkpt lat="48.48309" lon="-2.63722"></trkpt>
      <trkpt lat="48.48338" lon="-2.63789"></trkpt>
      <trkpt lat="48.48343" lon="-2.63797"></trkpt>
      <trkpt lat="48.48345" lon="-2.638"></trkpt>
      <trkpt lat="48.48346" lon="-2.63802"></trkpt>
      <trkpt lat="48.4835" lon="-2.63807"></trkpt>
      <trkpt lat="48.48355" lon="-2.6381"></trkpt>
      <trkpt lat="48.48356" lon="-2.63811"></trkpt>
      <trkpt lat="48.48365" lon="-2.63816"></trkpt>
      <trkpt lat="48.48382" lon="-2.63827"></trkpt>
      <trkpt lat="48.48399" lon="-2.63833"></trkpt>
      <trkpt lat="48.48413" lon="-2.63838"></trkpt>
      <trkpt lat="48.48421" lon="-2.63842"></trkpt>
      <trkpt lat="48.4843" lon="-2.63853"></trkpt>
      <trkpt lat="48.48437" lon="-2.63866"></trkpt>
      <trkpt lat="48.4844" lon="-2.6388"></trkpt>
      <trkpt lat="48.48441" lon="-2.63891"></trkpt>
      <trkpt lat="48.48435" lon="-2.63915"></trkpt>
      <trkpt lat="48.48414" lon="-2.63975"></trkpt>
      <trkpt lat="48.48396" lon="-2.64035"></trkpt>
      <trkpt lat="48.48392" lon="-2.64056"></trkpt>
      <trkpt lat="48.48392" lon="-2.64064"></trkpt>
      <trkpt lat="48.48393" lon="-2.64076"></trkpt>
      <trkpt lat="48.48425" lon="-2.64188"></trkpt>
      <trkpt lat="48.48434" lon="-2.64218"></trkpt>
      <trkpt lat="48.48442" lon="-2.64249"></trkpt>
      <trkpt lat="48.48452" lon="-2.64284"></trkpt>
      <trkpt lat="48.48456" lon="-2.64297"></trkpt>
      <trkpt lat="48.48457" lon="-2.64295"></trkpt>
      <trkpt lat="48.48459" lon="-2.64294"></trkpt>
      <trkpt lat="48.48462" lon="-2.64293"></trkpt>
      <trkpt lat="48.48463" lon="-2.64294"></trkpt>
      <trkpt lat="48.48465" lon="-2.64295"></trkpt>
      <trkpt lat="48.48467" lon="-2.64297"></trkpt>
      <trkpt lat="48.48468" lon="-2.643"></trkpt>
      <trkpt lat="48.48468" lon="-2.64303"></trkpt>
      <trkpt lat="48.48467" lon="-2.64308"></trkpt>
      <trkpt lat="48.48465" lon="-2.6431"></trkpt>
      <trkpt lat="48.48463" lon="-2.64312"></trkpt>
      <trkpt lat="48.48461" lon="-2.64312"></trkpt>
      <trkpt lat="48.48467" lon="-2.64338"></trkpt>
      <trkpt lat="48.48481" lon="-2.6439"></trkpt>
      <trkpt lat="48.48482" lon="-2.644"></trkpt>
      <trkpt lat="48.48485" lon="-2.64416"></trkpt>
      <trkpt lat="48.48488" lon="-2.64416"></trkpt>
      <trkpt lat="48.48491" lon="-2.64417"></trkpt>
      <trkpt lat="48.48494" lon="-2.6442"></trkpt>
      <trkpt lat="48.48496" lon="-2.64425"></trkpt>
      <trkpt lat="48.48496" lon="-2.64429"></trkpt>
      <trkpt lat="48.48497" lon="-2.64434"></trkpt>
      <trkpt lat="48.48496" lon="-2.64438"></trkpt>
      <trkpt lat="48.48495" lon="-2.64442"></trkpt>
      <trkpt lat="48.48493" lon="-2.64445"></trkpt>
      <trkpt lat="48.48498" lon="-2.64473"></trkpt>
      <trkpt lat="48.48501" lon="-2.64507"></trkpt>
      <trkpt lat="48.48505" lon="-2.64545"></trkpt>
      <trkpt lat="48.48506" lon="-2.64629"></trkpt>
      <trkpt lat="48.48505" lon="-2.64652"></trkpt>
      <trkpt lat="48.48506" lon="-2.64687"></trkpt>
      <trkpt lat="48.48507" lon="-2.64768"></trkpt>
      <trkpt lat="48.48507" lon="-2.64795"></trkpt>
      <trkpt lat="48.48508" lon="-2.64877"></trkpt>
      <trkpt lat="48.48508" lon="-2.64946"></trkpt>
      <trkpt lat="48.48508" lon="-2.65005"></trkpt>
      <trkpt lat="48.48509" lon="-2.65086"></trkpt>
      <trkpt lat="48.4851" lon="-2.65185"></trkpt>
      <trkpt lat="48.48511" lon="-2.65203"></trkpt>
      <trkpt lat="48.48511" lon="-2.6523"></trkpt>
      <trkpt lat="48.48512" lon="-2.65284"></trkpt>
      <trkpt lat="48.48512" lon="-2.65296"></trkpt>
      <trkpt lat="48.48512" lon="-2.65312"></trkpt>
      <trkpt lat="48.48513" lon="-2.65402"></trkpt>
      <trkpt lat="48.48514" lon="-2.65413"></trkpt>
      <trkpt lat="48.48514" lon="-2.65462"></trkpt>
      <trkpt lat="48.48514" lon="-2.65535"></trkpt>
      <trkpt lat="48.48517" lon="-2.65807"></trkpt>
      <trkpt lat="48.48518" lon="-2.65869"></trkpt>
      <trkpt lat="48.48521" lon="-2.65983"></trkpt>
      <trkpt lat="48.48521" lon="-2.66008"></trkpt>
      <trkpt lat="48.48522" lon="-2.66054"></trkpt>
      <trkpt lat="48.48522" lon="-2.66099"></trkpt>
      <trkpt lat="48.48524" lon="-2.66163"></trkpt>
      <trkpt lat="48.48527" lon="-2.66222"></trkpt>
      <trkpt lat="48.4853" lon="-2.66222"></trkpt>
      <trkpt lat="48.48532" lon="-2.66223"></trkpt>
      <trkpt lat="48.48535" lon="-2.66227"></trkpt>
      <trkpt lat="48.48536" lon="-2.66233"></trkpt>
      <trkpt lat="48.48535" lon="-2.66239"></trkpt>
      <trkpt lat="48.48533" lon="-2.66244"></trkpt>
      <trkpt lat="48.48531" lon="-2.66245"></trkpt>
      <trkpt lat="48.48529" lon="-2.66246"></trkpt>
      <trkpt lat="48.48526" lon="-2.66246"></trkpt>
      <trkpt lat="48.48527" lon="-2.66324"></trkpt>
      <trkpt lat="48.48529" lon="-2.66464"></trkpt>
      <trkpt lat="48.48529" lon="-2.66514"></trkpt>
      <trkpt lat="48.48531" lon="-2.66656"></trkpt>
      <trkpt lat="48.48532" lon="-2.66739"></trkpt>
      <trkpt lat="48.48535" lon="-2.66793"></trkpt>
      <trkpt lat="48.48532" lon="-2.66934"></trkpt>
      <trkpt lat="48.4853" lon="-2.66963"></trkpt>
      <trkpt lat="48.4853" lon="-2.66979"></trkpt>
      <trkpt lat="48.48528" lon="-2.67069"></trkpt>
      <trkpt lat="48.48528" lon="-2.67094"></trkpt>
      <trkpt lat="48.48528" lon="-2.67137"></trkpt>
      <trkpt lat="48.48528" lon="-2.67147"></trkpt>
      <trkpt lat="48.48527" lon="-2.67182"></trkpt>
      <trkpt lat="48.48528" lon="-2.67219"></trkpt>
      <trkpt lat="48.48528" lon="-2.67222"></trkpt>
      <trkpt lat="48.48531" lon="-2.67222"></trkpt>
      <trkpt lat="48.48533" lon="-2.67224"></trkpt>
      <trkpt lat="48.48534" lon="-2.67227"></trkpt>
      <trkpt lat="48.48535" lon="-2.6723"></trkpt>
      <trkpt lat="48.48535" lon="-2.67233"></trkpt>
      <trkpt lat="48.48535" lon="-2.67235"></trkpt>
      <trkpt lat="48.48534" lon="-2.67237"></trkpt>
      <trkpt lat="48.48533" lon="-2.67239"></trkpt>
      <trkpt lat="48.48531" lon="-2.67241"></trkpt>
      <trkpt lat="48.48528" lon="-2.67242"></trkpt>
      <trkpt lat="48.48527" lon="-2.67241"></trkpt>
      <trkpt lat="48.48523" lon="-2.67273"></trkpt>
      <trkpt lat="48.48522" lon="-2.67285"></trkpt>
      <trkpt lat="48.48522" lon="-2.67304"></trkpt>
      <trkpt lat="48.48521" lon="-2.67359"></trkpt>
      <trkpt lat="48.48518" lon="-2.67421"></trkpt>
      <trkpt lat="48.48518" lon="-2.67499"></trkpt>
      <trkpt lat="48.48516" lon="-2.67544"></trkpt>
      <trkpt lat="48.48514" lon="-2.67638"></trkpt>
      <trkpt lat="48.48516" lon="-2.67638"></trkpt>
      <trkpt lat="48.48518" lon="-2.67638"></trkpt>
      <trkpt lat="48.4852" lon="-2.67639"></trkpt>
      <trkpt lat="48.48521" lon="-2.6764"></trkpt>
      <trkpt lat="48.48522" lon="-2.67642"></trkpt>
      <trkpt lat="48.48522" lon="-2.67644"></trkpt>
      <trkpt lat="48.48523" lon="-2.67646"></trkpt>
      <trkpt lat="48.48523" lon="-2.67649"></trkpt>
      <trkpt lat="48.48531" lon="-2.67648"></trkpt>
      <trkpt lat="48.48536" lon="-2.67648"></trkpt>
      <trkpt lat="48.48541" lon="-2.67649"></trkpt>
      <trkpt lat="48.48557" lon="-2.67652"></trkpt>
      <trkpt lat="48.48568" lon="-2.67657"></trkpt>
      <trkpt lat="48.48574" lon="-2.6766"></trkpt>
      <trkpt lat="48.48578" lon="-2.67664"></trkpt>
      <trkpt lat="48.48585" lon="-2.67673"></trkpt>
      <trkpt lat="48.48587" lon="-2.67678"></trkpt>
      <trkpt lat="48.48588" lon="-2.67682"></trkpt>
      <trkpt lat="48.48589" lon="-2.67739"></trkpt>
      <trkpt lat="48.48589" lon="-2.67746"></trkpt>
      <trkpt lat="48.48589" lon="-2.67831"></trkpt>
      <trkpt lat="48.48588" lon="-2.6792"></trkpt>
      <trkpt lat="48.48553" lon="-2.67922"></trkpt>
      <trkpt lat="48.4851" lon="-2.67933"></trkpt>
      <trkpt lat="48.4851" lon="-2.67956"></trkpt>
      <trkpt lat="48.4851" lon="-2.67989"></trkpt>
      <trkpt lat="48.48513" lon="-2.68066"></trkpt>
      <trkpt lat="48.48518" lon="-2.68173"></trkpt>
      <trkpt lat="48.48521" lon="-2.68185"></trkpt>
      <trkpt lat="48.48535" lon="-2.68239"></trkpt>
      <trkpt lat="48.48538" lon="-2.6825"></trkpt>
      <trkpt lat="48.4854" lon="-2.68255"></trkpt>
      <trkpt lat="48.48541" lon="-2.6826"></trkpt>
      <trkpt lat="48.48543" lon="-2.68267"></trkpt>
      <trkpt lat="48.48563" lon="-2.68335"></trkpt>
      <trkpt lat="48.48569" lon="-2.68359"></trkpt>
      <trkpt lat="48.48572" lon="-2.68358"></trkpt>
      <trkpt lat="48.48575" lon="-2.68358"></trkpt>
      <trkpt lat="48.48578" lon="-2.6836"></trkpt>
      <trkpt lat="48.48581" lon="-2.68364"></trkpt>
      <trkpt lat="48.48583" lon="-2.6837"></trkpt>
      <trkpt lat="48.48584" lon="-2.68377"></trkpt>
      <trkpt lat="48.48582" lon="-2.68383"></trkpt>
      <trkpt lat="48.4858" lon="-2.68386"></trkpt>
      <trkpt lat="48.48577" lon="-2.68389"></trkpt>
      <trkpt lat="48.48606" lon="-2.68489"></trkpt>
      <trkpt lat="48.48616" lon="-2.68525"></trkpt>
      <trkpt lat="48.4862" lon="-2.68536"></trkpt>
      <trkpt lat="48.48622" lon="-2.68545"></trkpt>
      <trkpt lat="48.4864" lon="-2.6861"></trkpt>
      <trkpt lat="48.48661" lon="-2.6869"></trkpt>
      <trkpt lat="48.48672" lon="-2.68741"></trkpt>
      <trkpt lat="48.48752" lon="-2.69018"></trkpt>
      <trkpt lat="48.48764" lon="-2.69064"></trkpt>
      <trkpt lat="48.48804" lon="-2.692"></trkpt>
      <trkpt lat="48.48818" lon="-2.69249"></trkpt>
      <trkpt lat="48.48849" lon="-2.69354"></trkpt>
      <trkpt lat="48.4888" lon="-2.69448"></trkpt>
      <trkpt lat="48.48886" lon="-2.69466"></trkpt>
      <trkpt lat="48.48887" lon="-2.69472"></trkpt>
      <trkpt lat="48.48891" lon="-2.69485"></trkpt>
      <trkpt lat="48.48908" lon="-2.69542"></trkpt>
      <trkpt lat="48.48915" lon="-2.69563"></trkpt>
      <trkpt lat="48.48922" lon="-2.69586"></trkpt>
      <trkpt lat="48.48933" lon="-2.69626"></trkpt>
      <trkpt lat="48.48953" lon="-2.69693"></trkpt>
      <trkpt lat="48.48958" lon="-2.6971"></trkpt>
      <trkpt lat="48.48982" lon="-2.69792"></trkpt>
      <trkpt lat="48.48991" lon="-2.69824"></trkpt>
      <trkpt lat="48.48994" lon="-2.69828"></trkpt>
      <trkpt lat="48.49" lon="-2.69847"></trkpt>
      <trkpt lat="48.49021" lon="-2.69911"></trkpt>
      <trkpt lat="48.49052" lon="-2.70016"></trkpt>
      <trkpt lat="48.4907" lon="-2.70089"></trkpt>
      <trkpt lat="48.49103" lon="-2.70206"></trkpt>
      <trkpt lat="48.4912" lon="-2.70264"></trkpt>
      <trkpt lat="48.49124" lon="-2.70278"></trkpt>
      <trkpt lat="48.49166" lon="-2.70427"></trkpt>
      <trkpt lat="48.49173" lon="-2.70452"></trkpt>
      <trkpt lat="48.4918" lon="-2.70475"></trkpt>
      <trkpt lat="48.49217" lon="-2.70609"></trkpt>
      <trkpt lat="48.49236" lon="-2.70676"></trkpt>
      <trkpt lat="48.49239" lon="-2.70686"></trkpt>
      <trkpt lat="48.49239" lon="-2.70697"></trkpt>
      <trkpt lat="48.49263" lon="-2.70772"></trkpt>
      <trkpt lat="48.49268" lon="-2.70792"></trkpt>
      <trkpt lat="48.49275" lon="-2.70837"></trkpt>
      <trkpt lat="48.49276" lon="-2.70857"></trkpt>
      <trkpt lat="48.49277" lon="-2.70859"></trkpt>
      <trkpt lat="48.49281" lon="-2.70859"></trkpt>
      <trkpt lat="48.49283" lon="-2.7086"></trkpt>
      <trkpt lat="48.49286" lon="-2.70862"></trkpt>
      <trkpt lat="48.49289" lon="-2.70866"></trkpt>
      <trkpt lat="48.4929" lon="-2.70871"></trkpt>
      <trkpt lat="48.4929" lon="-2.70874"></trkpt>
      <trkpt lat="48.4929" lon="-2.70877"></trkpt>
      <trkpt lat="48.49289" lon="-2.70883"></trkpt>
      <trkpt lat="48.49286" lon="-2.70886"></trkpt>
      <trkpt lat="48.49302" lon="-2.70927"></trkpt>
      <trkpt lat="48.49315" lon="-2.70969"></trkpt>
      <trkpt lat="48.4932" lon="-2.70986"></trkpt>
      <trkpt lat="48.49333" lon="-2.71031"></trkpt>
      <trkpt lat="48.49364" lon="-2.71143"></trkpt>
      <trkpt lat="48.49365" lon="-2.71148"></trkpt>
      <trkpt lat="48.49372" lon="-2.71176"></trkpt>
      <trkpt lat="48.49377" lon="-2.71193"></trkpt>
      <trkpt lat="48.4939" lon="-2.71239"></trkpt>
      <trkpt lat="48.49397" lon="-2.71266"></trkpt>
      <trkpt lat="48.49405" lon="-2.71291"></trkpt>
      <trkpt lat="48.49414" lon="-2.71324"></trkpt>
      <trkpt lat="48.49427" lon="-2.71365"></trkpt>
      <trkpt lat="48.49444" lon="-2.71427"></trkpt>
      <trkpt lat="48.4945" lon="-2.71446"></trkpt>
      <trkpt lat="48.49458" lon="-2.71472"></trkpt>
      <trkpt lat="48.49476" lon="-2.71524"></trkpt>
      <trkpt lat="48.49494" lon="-2.71581"></trkpt>
      <trkpt lat="48.49498" lon="-2.71597"></trkpt>
      <trkpt lat="48.49511" lon="-2.71654"></trkpt>
      <trkpt lat="48.49519" lon="-2.71688"></trkpt>
      <trkpt lat="48.49525" lon="-2.71707"></trkpt>
      <trkpt lat="48.49534" lon="-2.71731"></trkpt>
      <trkpt lat="48.49546" lon="-2.71763"></trkpt>
      <trkpt lat="48.49549" lon="-2.71769"></trkpt>
      <trkpt lat="48.49553" lon="-2.71777"></trkpt>
      <trkpt lat="48.49558" lon="-2.71789"></trkpt>
      <trkpt lat="48.49576" lon="-2.71828"></trkpt>
      <trkpt lat="48.49597" lon="-2.71874"></trkpt>
      <trkpt lat="48.49629" lon="-2.71944"></trkpt>
      <trkpt lat="48.49689" lon="-2.72059"></trkpt>
      <trkpt lat="48.49706" lon="-2.72088"></trkpt>
      <trkpt lat="48.49712" lon="-2.72095"></trkpt>
      <trkpt lat="48.49728" lon="-2.72123"></trkpt>
      <trkpt lat="48.49763" lon="-2.72184"></trkpt>
      <trkpt lat="48.49779" lon="-2.72218"></trkpt>
      <trkpt lat="48.49797" lon="-2.72262"></trkpt>
      <trkpt lat="48.49804" lon="-2.72293"></trkpt>
      <trkpt lat="48.49806" lon="-2.72294"></trkpt>
      <trkpt lat="48.4981" lon="-2.72297"></trkpt>
      <trkpt lat="48.49811" lon="-2.72298"></trkpt>
      <trkpt lat="48.49812" lon="-2.72301"></trkpt>
      <trkpt lat="48.49812" lon="-2.72303"></trkpt>
      <trkpt lat="48.49812" lon="-2.72308"></trkpt>
      <trkpt lat="48.49809" lon="-2.72312"></trkpt>
      <trkpt lat="48.49824" lon="-2.72327"></trkpt>
      <trkpt lat="48.49826" lon="-2.72325"></trkpt>
      <trkpt lat="48.49827" lon="-2.72325"></trkpt>
      <trkpt lat="48.49829" lon="-2.72324"></trkpt>
      <trkpt lat="48.49831" lon="-2.72325"></trkpt>
      <trkpt lat="48.49833" lon="-2.72326"></trkpt>
      <trkpt lat="48.49835" lon="-2.72329"></trkpt>
      <trkpt lat="48.49836" lon="-2.72334"></trkpt>
      <trkpt lat="48.49836" lon="-2.72338"></trkpt>
      <trkpt lat="48.49835" lon="-2.72341"></trkpt>
      <trkpt lat="48.49833" lon="-2.72343"></trkpt>
      <trkpt lat="48.49832" lon="-2.72344"></trkpt>
      <trkpt lat="48.49834" lon="-2.72359"></trkpt>
      <trkpt lat="48.4984" lon="-2.72381"></trkpt>
      <trkpt lat="48.49845" lon="-2.72394"></trkpt>
      <trkpt lat="48.49851" lon="-2.72413"></trkpt>
      <trkpt lat="48.49868" lon="-2.72461"></trkpt>
      <trkpt lat="48.4987" lon="-2.72468"></trkpt>
      <trkpt lat="48.49874" lon="-2.72479"></trkpt>
      <trkpt lat="48.49882" lon="-2.725"></trkpt>
      <trkpt lat="48.49888" lon="-2.7251"></trkpt>
      <trkpt lat="48.49897" lon="-2.7252"></trkpt>
      <trkpt lat="48.49948" lon="-2.72562"></trkpt>
      <trkpt lat="48.49966" lon="-2.72575"></trkpt>
      <trkpt lat="48.50044" lon="-2.72636"></trkpt>
      <trkpt lat="48.50067" lon="-2.72652"></trkpt>
      <trkpt lat="48.50125" lon="-2.72693"></trkpt>
      <trkpt lat="48.5013" lon="-2.72701"></trkpt>
      <trkpt lat="48.50143" lon="-2.72714"></trkpt>
      <trkpt lat="48.50149" lon="-2.72724"></trkpt>
      <trkpt lat="48.50152" lon="-2.7273"></trkpt>
      <trkpt lat="48.50154" lon="-2.72735"></trkpt>
      <trkpt lat="48.50156" lon="-2.72744"></trkpt>
      <trkpt lat="48.50158" lon="-2.72754"></trkpt>
      <trkpt lat="48.50158" lon="-2.72765"></trkpt>
      <trkpt lat="48.50157" lon="-2.72773"></trkpt>
      <trkpt lat="48.50154" lon="-2.72786"></trkpt>
      <trkpt lat="48.50144" lon="-2.72806"></trkpt>
      <trkpt lat="48.50131" lon="-2.72827"></trkpt>
      <trkpt lat="48.50126" lon="-2.72839"></trkpt>
      <trkpt lat="48.50112" lon="-2.72863"></trkpt>
      <trkpt lat="48.50095" lon="-2.72896"></trkpt>
      <trkpt lat="48.50076" lon="-2.72929"></trkpt>
      <trkpt lat="48.50059" lon="-2.72962"></trkpt>
      <trkpt lat="48.50062" lon="-2.72966"></trkpt>
      <trkpt lat="48.50064" lon="-2.72971"></trkpt>
      <trkpt lat="48.50066" lon="-2.72975"></trkpt>
      <trkpt lat="48.50066" lon="-2.72978"></trkpt>
      <trkpt lat="48.50066" lon="-2.72986"></trkpt>
      <trkpt lat="48.50064" lon="-2.7299"></trkpt>
      <trkpt lat="48.50064" lon="-2.72992"></trkpt>
      <trkpt lat="48.50062" lon="-2.72996"></trkpt>
      <trkpt lat="48.5006" lon="-2.73"></trkpt>
      <trkpt lat="48.50063" lon="-2.73033"></trkpt>
      <trkpt lat="48.50069" lon="-2.73067"></trkpt>
      <trkpt lat="48.50081" lon="-2.73116"></trkpt>
      <trkpt lat="48.50089" lon="-2.73147"></trkpt>
      <trkpt lat="48.50105" lon="-2.73223"></trkpt>
      <trkpt lat="48.50116" lon="-2.73298"></trkpt>
      <trkpt lat="48.50123" lon="-2.73344"></trkpt>
      <trkpt lat="48.50132" lon="-2.73399"></trkpt>
      <trkpt lat="48.50134" lon="-2.73409"></trkpt>
      <trkpt lat="48.50135" lon="-2.73416"></trkpt>
      <trkpt lat="48.50136" lon="-2.73421"></trkpt>
      <trkpt lat="48.50141" lon="-2.73451"></trkpt>
      <trkpt lat="48.50144" lon="-2.73468"></trkpt>
      <trkpt lat="48.50146" lon="-2.7348"></trkpt>
      <trkpt lat="48.50153" lon="-2.73523"></trkpt>
      <trkpt lat="48.50157" lon="-2.73541"></trkpt>
      <trkpt lat="48.50154" lon="-2.73553"></trkpt>
      <trkpt lat="48.50159" lon="-2.73576"></trkpt>
      <trkpt lat="48.50169" lon="-2.73623"></trkpt>
      <trkpt lat="48.50184" lon="-2.73663"></trkpt>
      <trkpt lat="48.50199" lon="-2.73699"></trkpt>
      <trkpt lat="48.5021" lon="-2.73723"></trkpt>
      <trkpt lat="48.50232" lon="-2.73763"></trkpt>
      <trkpt lat="48.50236" lon="-2.73771"></trkpt>
      <trkpt lat="48.50247" lon="-2.73788"></trkpt>
      <trkpt lat="48.5025" lon="-2.73786"></trkpt>
      <trkpt lat="48.50252" lon="-2.73785"></trkpt>
      <trkpt lat="48.50254" lon="-2.73784"></trkpt>
      <trkpt lat="48.50257" lon="-2.73784"></trkpt>
      <trkpt lat="48.5026" lon="-2.73784"></trkpt>
      <trkpt lat="48.50262" lon="-2.73786"></trkpt>
      <trkpt lat="48.50265" lon="-2.73787"></trkpt>
      <trkpt lat="48.50266" lon="-2.73789"></trkpt>
      <trkpt lat="48.50268" lon="-2.73793"></trkpt>
      <trkpt lat="48.50269" lon="-2.73795"></trkpt>
      <trkpt lat="48.5027" lon="-2.73799"></trkpt>
      <trkpt lat="48.5027" lon="-2.73802"></trkpt>
      <trkpt lat="48.5027" lon="-2.73806"></trkpt>
      <trkpt lat="48.5027" lon="-2.7381"></trkpt>
      <trkpt lat="48.50269" lon="-2.73813"></trkpt>
      <trkpt lat="48.50268" lon="-2.73817"></trkpt>
      <trkpt lat="48.50266" lon="-2.7382"></trkpt>
      <trkpt lat="48.50291" lon="-2.73863"></trkpt>
      <trkpt lat="48.50314" lon="-2.73907"></trkpt>
      <trkpt lat="48.50359" lon="-2.74006"></trkpt>
      <trkpt lat="48.50378" lon="-2.74053"></trkpt>
      <trkpt lat="48.5038" lon="-2.74051"></trkpt>
      <trkpt lat="48.50382" lon="-2.7405"></trkpt>
      <trkpt lat="48.50384" lon="-2.7405"></trkpt>
      <trkpt lat="48.50386" lon="-2.7405"></trkpt>
      <trkpt lat="48.50388" lon="-2.7405"></trkpt>
      <trkpt lat="48.50391" lon="-2.74053"></trkpt>
      <trkpt lat="48.50392" lon="-2.74055"></trkpt>
      <trkpt lat="48.50393" lon="-2.74057"></trkpt>
      <trkpt lat="48.50393" lon="-2.74061"></trkpt>
      <trkpt lat="48.50393" lon="-2.74065"></trkpt>
      <trkpt lat="48.50393" lon="-2.74068"></trkpt>
      <trkpt lat="48.50392" lon="-2.74071"></trkpt>
      <trkpt lat="48.50391" lon="-2.74073"></trkpt>
      <trkpt lat="48.5039" lon="-2.74073"></trkpt>
      <trkpt lat="48.5039" lon="-2.74075"></trkpt>
      <trkpt lat="48.504" lon="-2.741"></trkpt>
      <trkpt lat="48.50414" lon="-2.74133"></trkpt>
      <trkpt lat="48.5044" lon="-2.74195"></trkpt>
      <trkpt lat="48.5047" lon="-2.74268"></trkpt>
      <trkpt lat="48.50487" lon="-2.74307"></trkpt>
      <trkpt lat="48.50494" lon="-2.74324"></trkpt>
      <trkpt lat="48.50512" lon="-2.74363"></trkpt>
      <trkpt lat="48.50523" lon="-2.74389"></trkpt>
      <trkpt lat="48.50531" lon="-2.74409"></trkpt>
      <trkpt lat="48.50544" lon="-2.74441"></trkpt>
      <trkpt lat="48.50555" lon="-2.74471"></trkpt>
      <trkpt lat="48.50568" lon="-2.7451"></trkpt>
      <trkpt lat="48.5058" lon="-2.74544"></trkpt>
      <trkpt lat="48.50586" lon="-2.74566"></trkpt>
      <trkpt lat="48.50609" lon="-2.74658"></trkpt>
      <trkpt lat="48.50617" lon="-2.74688"></trkpt>
      <trkpt lat="48.50621" lon="-2.74704"></trkpt>
      <trkpt lat="48.50626" lon="-2.74723"></trkpt>
      <trkpt lat="48.5063" lon="-2.74739"></trkpt>
      <trkpt lat="48.50639" lon="-2.74778"></trkpt>
      <trkpt lat="48.50648" lon="-2.74816"></trkpt>
      <trkpt lat="48.50664" lon="-2.7487"></trkpt>
      <trkpt lat="48.50677" lon="-2.74927"></trkpt>
      <trkpt lat="48.50686" lon="-2.74964"></trkpt>
      <trkpt lat="48.50692" lon="-2.74989"></trkpt>
      <trkpt lat="48.50704" lon="-2.75028"></trkpt>
      <trkpt lat="48.50719" lon="-2.75073"></trkpt>
      <trkpt lat="48.50726" lon="-2.75089"></trkpt>
      <trkpt lat="48.50757" lon="-2.75148"></trkpt>
      <trkpt lat="48.50781" lon="-2.75185"></trkpt>
      <trkpt lat="48.50805" lon="-2.75226"></trkpt>
      <trkpt lat="48.50811" lon="-2.75239"></trkpt>
      <trkpt lat="48.50828" lon="-2.75271"></trkpt>
      <trkpt lat="48.50845" lon="-2.75306"></trkpt>
      <trkpt lat="48.50879" lon="-2.75374"></trkpt>
      <trkpt lat="48.50886" lon="-2.75391"></trkpt>
      <trkpt lat="48.5091" lon="-2.75438"></trkpt>
      <trkpt lat="48.50935" lon="-2.75479"></trkpt>
      <trkpt lat="48.50963" lon="-2.75524"></trkpt>
      <trkpt lat="48.51003" lon="-2.75585"></trkpt>
      <trkpt lat="48.5102" lon="-2.75611"></trkpt>
      <trkpt lat="48.51031" lon="-2.7563"></trkpt>
      <trkpt lat="48.51045" lon="-2.75652"></trkpt>
      <trkpt lat="48.51048" lon="-2.75657"></trkpt>
      <trkpt lat="48.51078" lon="-2.75704"></trkpt>
      <trkpt lat="48.51112" lon="-2.75759"></trkpt>
      <trkpt lat="48.51138" lon="-2.75792"></trkpt>
      <trkpt lat="48.51153" lon="-2.75806"></trkpt>
      <trkpt lat="48.51145" lon="-2.75817"></trkpt>
      <trkpt lat="48.5111" lon="-2.75868"></trkpt>
      <trkpt lat="48.5109" lon="-2.75885"></trkpt>
      <trkpt lat="48.51091" lon="-2.75889"></trkpt>
      <trkpt lat="48.51092" lon="-2.75893"></trkpt>
      <trkpt lat="48.51091" lon="-2.75896"></trkpt>
      <trkpt lat="48.51091" lon="-2.759"></trkpt>
      <trkpt lat="48.51089" lon="-2.75905"></trkpt>
      <trkpt lat="48.51096" lon="-2.75922"></trkpt>
      <trkpt lat="48.51098" lon="-2.75931"></trkpt>
      <trkpt lat="48.511" lon="-2.75943"></trkpt>
      <trkpt lat="48.51107" lon="-2.76023"></trkpt>
      <trkpt lat="48.51113" lon="-2.76091"></trkpt>
      <trkpt lat="48.51114" lon="-2.76112"></trkpt>
      <trkpt lat="48.51115" lon="-2.76125"></trkpt>
      <trkpt lat="48.51116" lon="-2.76137"></trkpt>
      <trkpt lat="48.51119" lon="-2.76176"></trkpt>
      <trkpt lat="48.51119" lon="-2.7619"></trkpt>
      <trkpt lat="48.51116" lon="-2.76196"></trkpt>
      <trkpt lat="48.51118" lon="-2.76226"></trkpt>
      <trkpt lat="48.51139" lon="-2.76216"></trkpt>
      <trkpt lat="48.51155" lon="-2.76209"></trkpt>
      <trkpt lat="48.51164" lon="-2.76204"></trkpt>
      <trkpt lat="48.51176" lon="-2.762"></trkpt>
      <trkpt lat="48.51179" lon="-2.76199"></trkpt>
      <trkpt lat="48.51179" lon="-2.76198"></trkpt>
      <trkpt lat="48.51179" lon="-2.76196"></trkpt>
      <trkpt lat="48.51179" lon="-2.76195"></trkpt>
      <trkpt lat="48.5118" lon="-2.76193"></trkpt>
      <trkpt lat="48.51181" lon="-2.76192"></trkpt>
      <trkpt lat="48.51182" lon="-2.76191"></trkpt>
      <trkpt lat="48.51183" lon="-2.7619"></trkpt>
      <trkpt lat="48.51185" lon="-2.76189"></trkpt>
      <trkpt lat="48.51187" lon="-2.76189"></trkpt>
      <trkpt lat="48.51189" lon="-2.76189"></trkpt>
      <trkpt lat="48.5119" lon="-2.7619"></trkpt>
      <trkpt lat="48.51191" lon="-2.76191"></trkpt>
      <trkpt lat="48.51192" lon="-2.76192"></trkpt>
      <trkpt lat="48.51193" lon="-2.76193"></trkpt>
      <trkpt lat="48.51193" lon="-2.76193"></trkpt>
      <trkpt lat="48.51194" lon="-2.76195"></trkpt>
      <trkpt lat="48.51194" lon="-2.76197"></trkpt>
      <trkpt lat="48.51194" lon="-2.762"></trkpt>
      <trkpt lat="48.51194" lon="-2.76202"></trkpt>
      <trkpt lat="48.51244" lon="-2.76228"></trkpt>
      <trkpt lat="48.51261" lon="-2.76236"></trkpt>
      <trkpt lat="48.51285" lon="-2.76259"></trkpt>
      <trkpt lat="48.51286" lon="-2.7626"></trkpt>
      <trkpt lat="48.51297" lon="-2.7627"></trkpt>
      <trkpt lat="48.51308" lon="-2.76279"></trkpt>
      <trkpt lat="48.51368" lon="-2.76266"></trkpt>
      <trkpt lat="48.51374" lon="-2.76266"></trkpt>
      <trkpt lat="48.51391" lon="-2.76264"></trkpt>
      <trkpt lat="48.51398" lon="-2.7626"></trkpt>
      <trkpt lat="48.5142" lon="-2.76264"></trkpt>
      <trkpt lat="48.51434" lon="-2.76271"></trkpt>
      <trkpt lat="48.51443" lon="-2.76275"></trkpt>
      <trkpt lat="48.5147" lon="-2.76293"></trkpt>
      <trkpt lat="48.51476" lon="-2.76297"></trkpt>
      <trkpt lat="48.51491" lon="-2.76304"></trkpt>
      <trkpt lat="48.51504" lon="-2.76307"></trkpt>
      <trkpt lat="48.51505" lon="-2.76305"></trkpt>
      <trkpt lat="48.51505" lon="-2.76303"></trkpt>
      <trkpt lat="48.51506" lon="-2.76302"></trkpt>
      <trkpt lat="48.51507" lon="-2.76302"></trkpt>
      <trkpt lat="48.51509" lon="-2.76301"></trkpt>
      <trkpt lat="48.51511" lon="-2.76301"></trkpt>
      <trkpt lat="48.51512" lon="-2.76301"></trkpt>
      <trkpt lat="48.51513" lon="-2.76302"></trkpt>
      <trkpt lat="48.51514" lon="-2.76304"></trkpt>
      <trkpt lat="48.51515" lon="-2.76307"></trkpt>
      <trkpt lat="48.51515" lon="-2.76309"></trkpt>
      <trkpt lat="48.51513" lon="-2.76313"></trkpt>
      <trkpt lat="48.51513" lon="-2.76313"></trkpt>
      <trkpt lat="48.51511" lon="-2.76315"></trkpt>
      <trkpt lat="48.51515" lon="-2.7633"></trkpt>
      <trkpt lat="48.51528" lon="-2.7634"></trkpt>
      <trkpt lat="48.51547" lon="-2.76361"></trkpt>
      <trkpt lat="48.51563" lon="-2.76376"></trkpt>
      <trkpt lat="48.51572" lon="-2.76386"></trkpt>
      <trkpt lat="48.51574" lon="-2.76388"></trkpt>
      <trkpt lat="48.51648" lon="-2.76471"></trkpt>
      <trkpt lat="48.51731" lon="-2.76557"></trkpt>
      <trkpt lat="48.51738" lon="-2.76563"></trkpt>
      <trkpt lat="48.51753" lon="-2.76577"></trkpt>
      <trkpt lat="48.51755" lon="-2.76574"></trkpt>
      <trkpt lat="48.51757" lon="-2.76572"></trkpt>
      <trkpt lat="48.51759" lon="-2.76572"></trkpt>
      <trkpt lat="48.51762" lon="-2.76573"></trkpt>
      <trkpt lat="48.51764" lon="-2.76575"></trkpt>
      <trkpt lat="48.51766" lon="-2.76577"></trkpt>
      <trkpt lat="48.51767" lon="-2.76581"></trkpt>
      <trkpt lat="48.51767" lon="-2.76585"></trkpt>
      <trkpt lat="48.51767" lon="-2.76588"></trkpt>
      <trkpt lat="48.51774" lon="-2.76593"></trkpt>
      <trkpt lat="48.51782" lon="-2.76596"></trkpt>
      <trkpt lat="48.51785" lon="-2.76596"></trkpt>
      <trkpt lat="48.51788" lon="-2.76595"></trkpt>
      <trkpt lat="48.51789" lon="-2.76594"></trkpt>
      <trkpt lat="48.51792" lon="-2.76592"></trkpt>
      <trkpt lat="48.51794" lon="-2.76591"></trkpt>
      <trkpt lat="48.51797" lon="-2.76586"></trkpt>
      <trkpt lat="48.51807" lon="-2.76565"></trkpt>
      <trkpt lat="48.51809" lon="-2.76561"></trkpt>
      <trkpt lat="48.51811" lon="-2.76559"></trkpt>
      <trkpt lat="48.51857" lon="-2.7653"></trkpt>
      <trkpt lat="48.51945" lon="-2.76471"></trkpt>
      <trkpt lat="48.52023" lon="-2.7642"></trkpt>
      <trkpt lat="48.52039" lon="-2.76416"></trkpt>
      <trkpt lat="48.52054" lon="-2.76417"></trkpt>
      <trkpt lat="48.52066" lon="-2.7642"></trkpt>
      <trkpt lat="48.52093" lon="-2.76427"></trkpt>
      <trkpt lat="48.52151" lon="-2.76445"></trkpt>
      <trkpt lat="48.52168" lon="-2.76448"></trkpt>
      <trkpt lat="48.52231" lon="-2.76448"></trkpt>
      <trkpt lat="48.52277" lon="-2.76445"></trkpt>
      <trkpt lat="48.52281" lon="-2.76445"></trkpt>
      <trkpt lat="48.52293" lon="-2.76444"></trkpt>
      <trkpt lat="48.52305" lon="-2.76443"></trkpt>
      <trkpt lat="48.52311" lon="-2.76442"></trkpt>
      <trkpt lat="48.52317" lon="-2.76441"></trkpt>
      <trkpt lat="48.52332" lon="-2.76436"></trkpt>
      <trkpt lat="48.5234" lon="-2.76431"></trkpt>
      <trkpt lat="48.52338" lon="-2.76428"></trkpt>
      <trkpt lat="48.52336" lon="-2.76425"></trkpt>
      <trkpt lat="48.52335" lon="-2.76419"></trkpt>
      <trkpt lat="48.52335" lon="-2.76417"></trkpt>
      <trkpt lat="48.52337" lon="-2.76412"></trkpt>
      <trkpt lat="48.52337" lon="-2.7641"></trkpt>
      <trkpt lat="48.52338" lon="-2.76408"></trkpt>
      <trkpt lat="48.5234" lon="-2.76406"></trkpt>
      <trkpt lat="48.52344" lon="-2.76404"></trkpt>
      <trkpt lat="48.52347" lon="-2.76404"></trkpt>
      <trkpt lat="48.52351" lon="-2.76405"></trkpt>
      <trkpt lat="48.52352" lon="-2.76407"></trkpt>
      <trkpt lat="48.52354" lon="-2.7641"></trkpt>
      <trkpt lat="48.52355" lon="-2.76414"></trkpt>
      <trkpt lat="48.52355" lon="-2.7642"></trkpt>
      <trkpt lat="48.52355" lon="-2.76422"></trkpt>
      <trkpt lat="48.52354" lon="-2.76426"></trkpt>
      <trkpt lat="48.52352" lon="-2.76429"></trkpt>
      <trkpt lat="48.52356" lon="-2.76433"></trkpt>
      <trkpt lat="48.5236" lon="-2.76439"></trkpt>
      <trkpt lat="48.52363" lon="-2.76446"></trkpt>
      <trkpt lat="48.52366" lon="-2.76456"></trkpt>
      <trkpt lat="48.52373" lon="-2.76488"></trkpt>
      <trkpt lat="48.52375" lon="-2.765"></trkpt>
      <trkpt lat="48.5239" lon="-2.76572"></trkpt>
      <trkpt lat="48.52399" lon="-2.76602"></trkpt>
      <trkpt lat="48.52402" lon="-2.76613"></trkpt>
      <trkpt lat="48.52425" lon="-2.76667"></trkpt>
      <trkpt lat="48.52498" lon="-2.76824"></trkpt>
      <trkpt lat="48.52515" lon="-2.76855"></trkpt>
      <trkpt lat="48.52528" lon="-2.7688"></trkpt>
      <trkpt lat="48.52551" lon="-2.76942"></trkpt>
      <trkpt lat="48.52574" lon="-2.7702"></trkpt>
      <trkpt lat="48.5259" lon="-2.77075"></trkpt>
      <trkpt lat="48.5263" lon="-2.77208"></trkpt>
      <trkpt lat="48.52656" lon="-2.77297"></trkpt>
      <trkpt lat="48.52683" lon="-2.77376"></trkpt>
      <trkpt lat="48.52693" lon="-2.77405"></trkpt>
      <trkpt lat="48.52708" lon="-2.77451"></trkpt>
      <trkpt lat="48.52741" lon="-2.7755"></trkpt>
      <trkpt lat="48.52761" lon="-2.77611"></trkpt>
      <trkpt lat="48.52768" lon="-2.77644"></trkpt>
      <trkpt lat="48.52774" lon="-2.77685"></trkpt>
      <trkpt lat="48.52782" lon="-2.77754"></trkpt>
      <trkpt lat="48.52783" lon="-2.77781"></trkpt>
      <trkpt lat="48.52791" lon="-2.77919"></trkpt>
      <trkpt lat="48.52791" lon="-2.77948"></trkpt>
      <trkpt lat="48.52795" lon="-2.78016"></trkpt>
      <trkpt lat="48.52797" lon="-2.7805"></trkpt>
      <trkpt lat="48.528" lon="-2.78077"></trkpt>
      <trkpt lat="48.52802" lon="-2.78085"></trkpt>
      <trkpt lat="48.52813" lon="-2.78123"></trkpt>
      <trkpt lat="48.52819" lon="-2.78135"></trkpt>
      <trkpt lat="48.5283" lon="-2.78152"></trkpt>
      <trkpt lat="48.52853" lon="-2.7818"></trkpt>
      <trkpt lat="48.52867" lon="-2.78195"></trkpt>
      <trkpt lat="48.52872" lon="-2.78198"></trkpt>
      <trkpt lat="48.52878" lon="-2.78201"></trkpt>
      <trkpt lat="48.52889" lon="-2.78202"></trkpt>
      <trkpt lat="48.52895" lon="-2.78202"></trkpt>
      <trkpt lat="48.52903" lon="-2.782"></trkpt>
      <trkpt lat="48.52924" lon="-2.78186"></trkpt>
      <trkpt lat="48.52931" lon="-2.78179"></trkpt>
      <trkpt lat="48.52952" lon="-2.78152"></trkpt>
      <trkpt lat="48.52988" lon="-2.78121"></trkpt>
      <trkpt lat="48.53013" lon="-2.78108"></trkpt>
      <trkpt lat="48.53031" lon="-2.78104"></trkpt>
      <trkpt lat="48.53033" lon="-2.78104"></trkpt>
      <trkpt lat="48.53041" lon="-2.78102"></trkpt>
      <trkpt lat="48.53061" lon="-2.78104"></trkpt>
      <trkpt lat="48.53092" lon="-2.78116"></trkpt>
      <trkpt lat="48.53111" lon="-2.7812"></trkpt>
      <trkpt lat="48.53131" lon="-2.78122"></trkpt>
      <trkpt lat="48.53159" lon="-2.78113"></trkpt>
      <trkpt lat="48.5318" lon="-2.78103"></trkpt>
      <trkpt lat="48.53194" lon="-2.78094"></trkpt>
      <trkpt lat="48.53213" lon="-2.78085"></trkpt>
      <trkpt lat="48.53225" lon="-2.78082"></trkpt>
      <trkpt lat="48.53236" lon="-2.78083"></trkpt>
      <trkpt lat="48.53249" lon="-2.7809"></trkpt>
      <trkpt lat="48.53258" lon="-2.78095"></trkpt>
      <trkpt lat="48.53328" lon="-2.78179"></trkpt>
      <trkpt lat="48.53357" lon="-2.78215"></trkpt>
      <trkpt lat="48.53372" lon="-2.78243"></trkpt>
      <trkpt lat="48.53376" lon="-2.78255"></trkpt>
      <trkpt lat="48.53385" lon="-2.78314"></trkpt>
      <trkpt lat="48.53389" lon="-2.78329"></trkpt>
      <trkpt lat="48.53398" lon="-2.78346"></trkpt>
      <trkpt lat="48.53403" lon="-2.78353"></trkpt>
      <trkpt lat="48.5342" lon="-2.78369"></trkpt>
      <trkpt lat="48.53436" lon="-2.78378"></trkpt>
      <trkpt lat="48.53448" lon="-2.78378"></trkpt>
      <trkpt lat="48.53457" lon="-2.78377"></trkpt>
      <trkpt lat="48.53473" lon="-2.78369"></trkpt>
      <trkpt lat="48.53485" lon="-2.78362"></trkpt>
      <trkpt lat="48.53504" lon="-2.78346"></trkpt>
      <trkpt lat="48.5352" lon="-2.78329"></trkpt>
      <trkpt lat="48.53525" lon="-2.78324"></trkpt>
      <trkpt lat="48.53537" lon="-2.78315"></trkpt>
      <trkpt lat="48.53548" lon="-2.78309"></trkpt>
      <trkpt lat="48.5355" lon="-2.78308"></trkpt>
      <trkpt lat="48.5356" lon="-2.78308"></trkpt>
      <trkpt lat="48.53569" lon="-2.78294"></trkpt>
      <trkpt lat="48.53575" lon="-2.78287"></trkpt>
      <trkpt lat="48.53582" lon="-2.78283"></trkpt>
      <trkpt lat="48.5359" lon="-2.78281"></trkpt>
      <trkpt lat="48.53598" lon="-2.78281"></trkpt>
      <trkpt lat="48.53603" lon="-2.78281"></trkpt>
      <trkpt lat="48.53607" lon="-2.78281"></trkpt>
      <trkpt lat="48.53633" lon="-2.78276"></trkpt>
      <trkpt lat="48.53688" lon="-2.78271"></trkpt>
      <trkpt lat="48.53718" lon="-2.78266"></trkpt>
      <trkpt lat="48.5373" lon="-2.78264"></trkpt>
      <trkpt lat="48.5376" lon="-2.78261"></trkpt>
      <trkpt lat="48.53766" lon="-2.7826"></trkpt>
      <trkpt lat="48.53788" lon="-2.78265"></trkpt>
      <trkpt lat="48.53806" lon="-2.78268"></trkpt>
      <trkpt lat="48.53843" lon="-2.78273"></trkpt>
      <trkpt lat="48.53848" lon="-2.78274"></trkpt>
      <trkpt lat="48.53854" lon="-2.78277"></trkpt>
      <trkpt lat="48.53858" lon="-2.78281"></trkpt>
      <trkpt lat="48.53862" lon="-2.78286"></trkpt>
      <trkpt lat="48.53867" lon="-2.78297"></trkpt>
      <trkpt lat="48.53872" lon="-2.78318"></trkpt>
      <trkpt lat="48.53884" lon="-2.78366"></trkpt>
      <trkpt lat="48.53893" lon="-2.7838"></trkpt>
      <trkpt lat="48.53901" lon="-2.7839"></trkpt>
      <trkpt lat="48.53914" lon="-2.78403"></trkpt>
      <trkpt lat="48.53929" lon="-2.78416"></trkpt>
      <trkpt lat="48.53942" lon="-2.78424"></trkpt>
      <trkpt lat="48.5397" lon="-2.78437"></trkpt>
      <trkpt lat="48.53983" lon="-2.7844"></trkpt>
      <trkpt lat="48.54007" lon="-2.78438"></trkpt>
      <trkpt lat="48.54063" lon="-2.78429"></trkpt>
      <trkpt lat="48.54109" lon="-2.78425"></trkpt>
      <trkpt lat="48.54146" lon="-2.78418"></trkpt>
      <trkpt lat="48.5416" lon="-2.78412"></trkpt>
      <trkpt lat="48.54226" lon="-2.78381"></trkpt>
      <trkpt lat="48.54236" lon="-2.78374"></trkpt>
      <trkpt lat="48.54244" lon="-2.78366"></trkpt>
      <trkpt lat="48.54247" lon="-2.78359"></trkpt>
      <trkpt lat="48.54248" lon="-2.78357"></trkpt>
      <trkpt lat="48.54251" lon="-2.78347"></trkpt>
      <trkpt lat="48.54253" lon="-2.78334"></trkpt>
      <trkpt lat="48.54258" lon="-2.78284"></trkpt>
      <trkpt lat="48.54263" lon="-2.78264"></trkpt>
      <trkpt lat="48.54264" lon="-2.7826"></trkpt>
      <trkpt lat="48.54265" lon="-2.78259"></trkpt>
      <trkpt lat="48.54271" lon="-2.78245"></trkpt>
      <trkpt lat="48.54269" lon="-2.78241"></trkpt>
      <trkpt lat="48.54269" lon="-2.78236"></trkpt>
      <trkpt lat="48.54268" lon="-2.78231"></trkpt>
      <trkpt lat="48.54269" lon="-2.78227"></trkpt>
      <trkpt lat="48.5427" lon="-2.78222"></trkpt>
      <trkpt lat="48.54272" lon="-2.78219"></trkpt>
      <trkpt lat="48.54275" lon="-2.78216"></trkpt>
      <trkpt lat="48.54277" lon="-2.78214"></trkpt>
      <trkpt lat="48.5428" lon="-2.78214"></trkpt>
      <trkpt lat="48.54283" lon="-2.78214"></trkpt>
      <trkpt lat="48.54286" lon="-2.78216"></trkpt>
      <trkpt lat="48.54289" lon="-2.78219"></trkpt>
      <trkpt lat="48.54291" lon="-2.78222"></trkpt>
      <trkpt lat="48.54292" lon="-2.78227"></trkpt>
      <trkpt lat="48.54293" lon="-2.78231"></trkpt>
      <trkpt lat="48.54292" lon="-2.78236"></trkpt>
      <trkpt lat="48.54336" lon="-2.78315"></trkpt>
      <trkpt lat="48.54358" lon="-2.78358"></trkpt>
      <trkpt lat="48.54411" lon="-2.78446"></trkpt>
      <trkpt lat="48.54423" lon="-2.78465"></trkpt>
      <trkpt lat="48.54435" lon="-2.78485"></trkpt>
      <trkpt lat="48.54447" lon="-2.78506"></trkpt>
      <trkpt lat="48.54454" lon="-2.78518"></trkpt>
      <trkpt lat="48.54462" lon="-2.78531"></trkpt>
      <trkpt lat="48.54478" lon="-2.78558"></trkpt>
      <trkpt lat="48.54484" lon="-2.78569"></trkpt>
      <trkpt lat="48.54506" lon="-2.78608"></trkpt>
      <trkpt lat="48.54509" lon="-2.78613"></trkpt>
      <trkpt lat="48.54513" lon="-2.7862"></trkpt>
      <trkpt lat="48.54529" lon="-2.78651"></trkpt>
      <trkpt lat="48.54555" lon="-2.78697"></trkpt>
      <trkpt lat="48.54578" lon="-2.78739"></trkpt>
      <trkpt lat="48.54586" lon="-2.78752"></trkpt>
      <trkpt lat="48.54596" lon="-2.78771"></trkpt>
      <trkpt lat="48.5461" lon="-2.78797"></trkpt>
      <trkpt lat="48.54651" lon="-2.78877"></trkpt>
      <trkpt lat="48.5468" lon="-2.78941"></trkpt>
      <trkpt lat="48.54689" lon="-2.78961"></trkpt>
      <trkpt lat="48.54694" lon="-2.78972"></trkpt>
      <trkpt lat="48.54721" lon="-2.79031"></trkpt>
      <trkpt lat="48.54731" lon="-2.79053"></trkpt>
      <trkpt lat="48.54744" lon="-2.79079"></trkpt>
      <trkpt lat="48.54783" lon="-2.79162"></trkpt>
      <trkpt lat="48.54809" lon="-2.79221"></trkpt>
      <trkpt lat="48.54818" lon="-2.7924"></trkpt>
      <trkpt lat="48.5485" lon="-2.79311"></trkpt>
      <trkpt lat="48.54857" lon="-2.79315"></trkpt>
      <trkpt lat="48.5486" lon="-2.79319"></trkpt>
      <trkpt lat="48.54862" lon="-2.79322"></trkpt>
      <trkpt lat="48.54864" lon="-2.79326"></trkpt>
      <trkpt lat="48.54865" lon="-2.79331"></trkpt>
      <trkpt lat="48.54865" lon="-2.79338"></trkpt>
      <trkpt lat="48.54865" lon="-2.79344"></trkpt>
      <trkpt lat="48.54864" lon="-2.79349"></trkpt>
      <trkpt lat="48.54874" lon="-2.7937"></trkpt>
      <trkpt lat="48.54915" lon="-2.79479"></trkpt>
      <trkpt lat="48.54952" lon="-2.7958"></trkpt>
      <trkpt lat="48.54961" lon="-2.79601"></trkpt>
      <trkpt lat="48.54966" lon="-2.79615"></trkpt>
      <trkpt lat="48.54999" lon="-2.79701"></trkpt>
      <trkpt lat="48.55047" lon="-2.79831"></trkpt>
      <trkpt lat="48.55067" lon="-2.79881"></trkpt>
      <trkpt lat="48.5507" lon="-2.79888"></trkpt>
      <trkpt lat="48.55085" lon="-2.79923"></trkpt>
      <trkpt lat="48.55124" lon="-2.79998"></trkpt>
      <trkpt lat="48.55247" lon="-2.80217"></trkpt>
      <trkpt lat="48.5528" lon="-2.80274"></trkpt>
      <trkpt lat="48.55285" lon="-2.80283"></trkpt>
      <trkpt lat="48.55333" lon="-2.80356"></trkpt>
      <trkpt lat="48.5536" lon="-2.8039"></trkpt>
      <trkpt lat="48.55381" lon="-2.80414"></trkpt>
      <trkpt lat="48.55446" lon="-2.80476"></trkpt>
      <trkpt lat="48.55511" lon="-2.80535"></trkpt>
      <trkpt lat="48.55567" lon="-2.80585"></trkpt>
      <trkpt lat="48.55573" lon="-2.8059"></trkpt>
      <trkpt lat="48.55649" lon="-2.80661"></trkpt>
      <trkpt lat="48.55688" lon="-2.80695"></trkpt>
      <trkpt lat="48.55713" lon="-2.8072"></trkpt>
      <trkpt lat="48.5579" lon="-2.80789"></trkpt>
      <trkpt lat="48.55828" lon="-2.80828"></trkpt>
      <trkpt lat="48.55892" lon="-2.80883"></trkpt>
      <trkpt lat="48.55957" lon="-2.80933"></trkpt>
      <trkpt lat="48.55962" lon="-2.80937"></trkpt>
      <trkpt lat="48.55991" lon="-2.8096"></trkpt>
      <trkpt lat="48.56061" lon="-2.81004"></trkpt>
      <trkpt lat="48.56123" lon="-2.81038"></trkpt>
      <trkpt lat="48.56146" lon="-2.81046"></trkpt>
      <trkpt lat="48.56157" lon="-2.8105"></trkpt>
      <trkpt lat="48.5616" lon="-2.81046"></trkpt>
      <trkpt lat="48.56165" lon="-2.8104"></trkpt>
      <trkpt lat="48.56169" lon="-2.81038"></trkpt>
      <trkpt lat="48.56174" lon="-2.81036"></trkpt>
      <trkpt lat="48.56185" lon="-2.8104"></trkpt>
      <trkpt lat="48.56192" lon="-2.81045"></trkpt>
      <trkpt lat="48.56204" lon="-2.81038"></trkpt>
      <trkpt lat="48.56214" lon="-2.81036"></trkpt>
      <trkpt lat="48.5622" lon="-2.81036"></trkpt>
      <trkpt lat="48.56226" lon="-2.81039"></trkpt>
      <trkpt lat="48.56232" lon="-2.81042"></trkpt>
      <trkpt lat="48.56239" lon="-2.81054"></trkpt>
      <trkpt lat="48.56243" lon="-2.81059"></trkpt>
      <trkpt lat="48.56253" lon="-2.81078"></trkpt>
      <trkpt lat="48.5626" lon="-2.81087"></trkpt>
      <trkpt lat="48.56262" lon="-2.81089"></trkpt>
      <trkpt lat="48.5627" lon="-2.81098"></trkpt>
      <trkpt lat="48.56282" lon="-2.81109"></trkpt>
      <trkpt lat="48.56318" lon="-2.81133"></trkpt>
      <trkpt lat="48.56346" lon="-2.81148"></trkpt>
      <trkpt lat="48.5636" lon="-2.81155"></trkpt>
      <trkpt lat="48.56392" lon="-2.81172"></trkpt>
      <trkpt lat="48.56414" lon="-2.81187"></trkpt>
      <trkpt lat="48.56441" lon="-2.81207"></trkpt>
      <trkpt lat="48.56461" lon="-2.81228"></trkpt>
      <trkpt lat="48.56468" lon="-2.81237"></trkpt>
      <trkpt lat="48.56479" lon="-2.8125"></trkpt>
      <trkpt lat="48.56496" lon="-2.81271"></trkpt>
      <trkpt lat="48.56513" lon="-2.81297"></trkpt>
      <trkpt lat="48.56552" lon="-2.81361"></trkpt>
      <trkpt lat="48.56577" lon="-2.81385"></trkpt>
      <trkpt lat="48.5662" lon="-2.81418"></trkpt>
      <trkpt lat="48.56651" lon="-2.81437"></trkpt>
      <trkpt lat="48.56705" lon="-2.81472"></trkpt>
      <trkpt lat="48.5672" lon="-2.81482"></trkpt>
      <trkpt lat="48.56723" lon="-2.81481"></trkpt>
      <trkpt lat="48.56761" lon="-2.81517"></trkpt>
      <trkpt lat="48.56765" lon="-2.81521"></trkpt>
      <trkpt lat="48.56766" lon="-2.81527"></trkpt>
      <trkpt lat="48.56837" lon="-2.81607"></trkpt>
      <trkpt lat="48.56875" lon="-2.81651"></trkpt>
      <trkpt lat="48.56921" lon="-2.817"></trkpt>
      <trkpt lat="48.5695" lon="-2.81733"></trkpt>
      <trkpt lat="48.56957" lon="-2.81743"></trkpt>
      <trkpt lat="48.56965" lon="-2.81757"></trkpt>
      <trkpt lat="48.56975" lon="-2.8177"></trkpt>
      <trkpt lat="48.56983" lon="-2.81782"></trkpt>
      <trkpt lat="48.57" lon="-2.81801"></trkpt>
      <trkpt lat="48.57009" lon="-2.81807"></trkpt>
      <trkpt lat="48.5702" lon="-2.81817"></trkpt>
      <trkpt lat="48.57028" lon="-2.81823"></trkpt>
      <trkpt lat="48.57034" lon="-2.81825"></trkpt>
      <trkpt lat="48.5705" lon="-2.81825"></trkpt>
      <trkpt lat="48.57054" lon="-2.81824"></trkpt>
      <trkpt lat="48.57064" lon="-2.81826"></trkpt>
      <trkpt lat="48.57075" lon="-2.81829"></trkpt>
      <trkpt lat="48.57085" lon="-2.81833"></trkpt>
      <trkpt lat="48.57092" lon="-2.81838"></trkpt>
      <trkpt lat="48.57104" lon="-2.81858"></trkpt>
      <trkpt lat="48.57113" lon="-2.81879"></trkpt>
      <trkpt lat="48.57129" lon="-2.81906"></trkpt>
      <trkpt lat="48.57137" lon="-2.81915"></trkpt>
      <trkpt lat="48.57201" lon="-2.81975"></trkpt>
      <trkpt lat="48.57231" lon="-2.82008"></trkpt>
      <trkpt lat="48.57235" lon="-2.81996"></trkpt>
      <trkpt lat="48.57252" lon="-2.81955"></trkpt>
      <trkpt lat="48.57271" lon="-2.81908"></trkpt>
      <trkpt lat="48.57309" lon="-2.81813"></trkpt>
      <trkpt lat="48.57319" lon="-2.81824"></trkpt>
      <trkpt lat="48.57335" lon="-2.81836"></trkpt>
      <trkpt lat="48.57367" lon="-2.81845"></trkpt>
      <trkpt lat="48.57456" lon="-2.81889"></trkpt>
      <trkpt lat="48.57561" lon="-2.81942"></trkpt>
      <trkpt lat="48.57587" lon="-2.81954"></trkpt>
      <trkpt lat="48.57627" lon="-2.81976"></trkpt>
      <trkpt lat="48.57643" lon="-2.81984"></trkpt>
      <trkpt lat="48.57689" lon="-2.82005"></trkpt>
      <trkpt lat="48.57728" lon="-2.82023"></trkpt>
      <trkpt lat="48.57743" lon="-2.82032"></trkpt>
      <trkpt lat="48.57797" lon="-2.82067"></trkpt>
      <trkpt lat="48.57819" lon="-2.82086"></trkpt>
      <trkpt lat="48.57863" lon="-2.8212"></trkpt>
      <trkpt lat="48.57893" lon="-2.82142"></trkpt>
      <trkpt lat="48.57947" lon="-2.8219"></trkpt>
      <trkpt lat="48.58106" lon="-2.8232"></trkpt>
      <trkpt lat="48.58143" lon="-2.8235"></trkpt>
      <trkpt lat="48.58154" lon="-2.8236"></trkpt>
      <trkpt lat="48.58238" lon="-2.82429"></trkpt>
      <trkpt lat="48.58239" lon="-2.82429"></trkpt>
      <trkpt lat="48.58262" lon="-2.82451"></trkpt>
      <trkpt lat="48.58265" lon="-2.82451"></trkpt>
      <trkpt lat="48.58277" lon="-2.82466"></trkpt>
      <trkpt lat="48.58284" lon="-2.82475"></trkpt>
      <trkpt lat="48.58287" lon="-2.82478"></trkpt>
      <trkpt lat="48.58317" lon="-2.8252"></trkpt>
      <trkpt lat="48.5834" lon="-2.82538"></trkpt>
      <trkpt lat="48.5835" lon="-2.82544"></trkpt>
      <trkpt lat="48.58374" lon="-2.82557"></trkpt>
      <trkpt lat="48.58399" lon="-2.82565"></trkpt>
      <trkpt lat="48.58404" lon="-2.82568"></trkpt>
      <trkpt lat="48.5841" lon="-2.82568"></trkpt>
      <trkpt lat="48.5843" lon="-2.82568"></trkpt>
      <trkpt lat="48.58478" lon="-2.82557"></trkpt>
      <trkpt lat="48.58541" lon="-2.82559"></trkpt>
      <trkpt lat="48.58664" lon="-2.82575"></trkpt>
      <trkpt lat="48.58673" lon="-2.82575"></trkpt>
      <trkpt lat="48.58697" lon="-2.82573"></trkpt>
      <trkpt lat="48.58721" lon="-2.82572"></trkpt>
      <trkpt lat="48.58773" lon="-2.82565"></trkpt>
      <trkpt lat="48.58818" lon="-2.82563"></trkpt>
      <trkpt lat="48.58838" lon="-2.82566"></trkpt>
      <trkpt lat="48.58889" lon="-2.82583"></trkpt>
      <trkpt lat="48.58931" lon="-2.8259"></trkpt>
      <trkpt lat="48.58963" lon="-2.8259"></trkpt>
      <trkpt lat="48.59008" lon="-2.82575"></trkpt>
      <trkpt lat="48.59036" lon="-2.82573"></trkpt>
      <trkpt lat="48.59079" lon="-2.82583"></trkpt>
      <trkpt lat="48.59124" lon="-2.82608"></trkpt>
      <trkpt lat="48.59184" lon="-2.82636"></trkpt>
      <trkpt lat="48.59225" lon="-2.82651"></trkpt>
      <trkpt lat="48.59276" lon="-2.82663"></trkpt>
      <trkpt lat="48.59319" lon="-2.82665"></trkpt>
      <trkpt lat="48.59326" lon="-2.82663"></trkpt>
      <trkpt lat="48.59332" lon="-2.82658"></trkpt>
      <trkpt lat="48.59356" lon="-2.8265"></trkpt>
      <trkpt lat="48.59374" lon="-2.82643"></trkpt>
      <trkpt lat="48.59383" lon="-2.82638"></trkpt>
      <trkpt lat="48.59414" lon="-2.8262"></trkpt>
      <trkpt lat="48.59462" lon="-2.82595"></trkpt>
      <trkpt lat="48.59484" lon="-2.82584"></trkpt>
      <trkpt lat="48.59492" lon="-2.82582"></trkpt>
      <trkpt lat="48.59503" lon="-2.82581"></trkpt>
      <trkpt lat="48.59531" lon="-2.82568"></trkpt>
      <trkpt lat="48.59565" lon="-2.82556"></trkpt>
      <trkpt lat="48.5963" lon="-2.82526"></trkpt>
      <trkpt lat="48.59654" lon="-2.82514"></trkpt>
      <trkpt lat="48.59674" lon="-2.82504"></trkpt>
      <trkpt lat="48.59733" lon="-2.82494"></trkpt>
      <trkpt lat="48.59746" lon="-2.82493"></trkpt>
      <trkpt lat="48.59757" lon="-2.82497"></trkpt>
      <trkpt lat="48.59841" lon="-2.82536"></trkpt>
      <trkpt lat="48.59888" lon="-2.82561"></trkpt>
      <trkpt lat="48.59944" lon="-2.82589"></trkpt>
      <trkpt lat="48.59969" lon="-2.82601"></trkpt>
      <trkpt lat="48.60011" lon="-2.82629"></trkpt>
      <trkpt lat="48.60021" lon="-2.82639"></trkpt>
      <trkpt lat="48.60023" lon="-2.82587"></trkpt>
      <trkpt lat="48.60023" lon="-2.82577"></trkpt>
      <trkpt lat="48.60021" lon="-2.82565"></trkpt>
      <trkpt lat="48.6002" lon="-2.82559"></trkpt>
      <trkpt lat="48.60017" lon="-2.82551"></trkpt>
      <trkpt lat="48.60014" lon="-2.82545"></trkpt>
      <trkpt lat="48.60014" lon="-2.82545"></trkpt>
      <trkpt lat="48.60008" lon="-2.82539"></trkpt>
      <trkpt lat="48.60007" lon="-2.82538"></trkpt>
      <trkpt lat="48.59995" lon="-2.82532"></trkpt>
      <trkpt lat="48.60012" lon="-2.82405"></trkpt>
      <trkpt lat="48.60051" lon="-2.82102"></trkpt>
      <trkpt lat="48.60063" lon="-2.81999"></trkpt>
      <trkpt lat="48.60068" lon="-2.81976"></trkpt>
      <trkpt lat="48.60075" lon="-2.81958"></trkpt>
      <trkpt lat="48.60089" lon="-2.81967"></trkpt>
      <trkpt lat="48.60104" lon="-2.81989"></trkpt>
      <trkpt lat="48.60111" lon="-2.81996"></trkpt>
      <trkpt lat="48.60122" lon="-2.82002"></trkpt>
      <trkpt lat="48.60129" lon="-2.82006"></trkpt>
      <trkpt lat="48.60142" lon="-2.82012"></trkpt>
      <trkpt lat="48.60142" lon="-2.82012"></trkpt>
      <trkpt lat="48.60152" lon="-2.82017"></trkpt>
      <trkpt lat="48.60142" lon="-2.82012"></trkpt>
      <trkpt lat="48.60129" lon="-2.82006"></trkpt>
      <trkpt lat="48.60122" lon="-2.82002"></trkpt>
      <trkpt lat="48.60111" lon="-2.81996"></trkpt>
      <trkpt lat="48.60104" lon="-2.81989"></trkpt>
      <trkpt lat="48.60089" lon="-2.81967"></trkpt>
      <trkpt lat="48.60075" lon="-2.81958"></trkpt>
      <trkpt lat="48.60068" lon="-2.81976"></trkpt>
      <trkpt lat="48.60063" lon="-2.81999"></trkpt>
      <trkpt lat="48.60051" lon="-2.82102"></trkpt>
      <trkpt lat="48.60012" lon="-2.82405"></trkpt>
      <trkpt lat="48.59995" lon="-2.82532"></trkpt>
      <trkpt lat="48.60007" lon="-2.82538"></trkpt>
      <trkpt lat="48.60008" lon="-2.82539"></trkpt>
      <trkpt lat="48.60014" lon="-2.82545"></trkpt>
      <trkpt lat="48.60014" lon="-2.82545"></trkpt>
      <trkpt lat="48.60017" lon="-2.82551"></trkpt>
      <trkpt lat="48.6002" lon="-2.82559"></trkpt>
      <trkpt lat="48.60021" lon="-2.82565"></trkpt>
      <trkpt lat="48.60023" lon="-2.82577"></trkpt>
      <trkpt lat="48.60023" lon="-2.82587"></trkpt>
      <trkpt lat="48.60021" lon="-2.82639"></trkpt>
      <trkpt lat="48.60042" lon="-2.82666"></trkpt>
      <trkpt lat="48.60049" lon="-2.82677"></trkpt>
      <trkpt lat="48.60055" lon="-2.82689"></trkpt>
      <trkpt lat="48.60061" lon="-2.82692"></trkpt>
      <trkpt lat="48.60065" lon="-2.82698"></trkpt>
      <trkpt lat="48.6007" lon="-2.82704"></trkpt>
      <trkpt lat="48.60087" lon="-2.82717"></trkpt>
      <trkpt lat="48.60102" lon="-2.82712"></trkpt>
      <trkpt lat="48.60109" lon="-2.8271"></trkpt>
      <trkpt lat="48.60117" lon="-2.82707"></trkpt>
      <trkpt lat="48.60117" lon="-2.82705"></trkpt>
      <trkpt lat="48.60118" lon="-2.82701"></trkpt>
      <trkpt lat="48.60118" lon="-2.827"></trkpt>
      <trkpt lat="48.60119" lon="-2.82698"></trkpt>
      <trkpt lat="48.6012" lon="-2.82698"></trkpt>
      <trkpt lat="48.60122" lon="-2.82697"></trkpt>
      <trkpt lat="48.60123" lon="-2.82698"></trkpt>
      <trkpt lat="48.60125" lon="-2.82688"></trkpt>
      <trkpt lat="48.60126" lon="-2.82682"></trkpt>
      <trkpt lat="48.60127" lon="-2.82668"></trkpt>
      <trkpt lat="48.60124" lon="-2.82651"></trkpt>
      <trkpt lat="48.60118" lon="-2.82623"></trkpt>
      <trkpt lat="48.60113" lon="-2.82592"></trkpt>
      <trkpt lat="48.60113" lon="-2.82531"></trkpt>
      <trkpt lat="48.60121" lon="-2.82479"></trkpt>
      <trkpt lat="48.60132" lon="-2.82457"></trkpt>
      <trkpt lat="48.6013" lon="-2.82455"></trkpt>
      <trkpt lat="48.60129" lon="-2.82453"></trkpt>
      <trkpt lat="48.60128" lon="-2.82451"></trkpt>
      <trkpt lat="48.60128" lon="-2.82448"></trkpt>
      <trkpt lat="48.60127" lon="-2.82446"></trkpt>
      <trkpt lat="48.60128" lon="-2.82443"></trkpt>
      <trkpt lat="48.60128" lon="-2.8244"></trkpt>
      <trkpt lat="48.60129" lon="-2.82438"></trkpt>
      <trkpt lat="48.6013" lon="-2.82436"></trkpt>
      <trkpt lat="48.60131" lon="-2.82434"></trkpt>
      <trkpt lat="48.60133" lon="-2.82433"></trkpt>
      <trkpt lat="48.60134" lon="-2.82433"></trkpt>
      <trkpt lat="48.60136" lon="-2.82432"></trkpt>
      <trkpt lat="48.60138" lon="-2.82432"></trkpt>
      <trkpt lat="48.6014" lon="-2.82433"></trkpt>
      <trkpt lat="48.60142" lon="-2.82434"></trkpt>
      <trkpt lat="48.60143" lon="-2.82436"></trkpt>
      <trkpt lat="48.60144" lon="-2.82438"></trkpt>
      <trkpt lat="48.60145" lon="-2.8244"></trkpt>
      <trkpt lat="48.60146" lon="-2.82443"></trkpt>
      <trkpt lat="48.60146" lon="-2.82446"></trkpt>
      <trkpt lat="48.60146" lon="-2.82448"></trkpt>
      <trkpt lat="48.60145" lon="-2.82451"></trkpt>
      <trkpt lat="48.60157" lon="-2.82455"></trkpt>
      <trkpt lat="48.6017" lon="-2.82458"></trkpt>
      <trkpt lat="48.6018" lon="-2.82462"></trkpt>
      <trkpt lat="48.60199" lon="-2.8247"></trkpt>
      <trkpt lat="48.60208" lon="-2.82473"></trkpt>
      <trkpt lat="48.6022" lon="-2.82479"></trkpt>
      <trkpt lat="48.60256" lon="-2.82495"></trkpt>
      <trkpt lat="48.6031" lon="-2.82507"></trkpt>
      <trkpt lat="48.60352" lon="-2.82512"></trkpt>
      <trkpt lat="48.60355" lon="-2.82513"></trkpt>
      <trkpt lat="48.60381" lon="-2.82531"></trkpt>
      <trkpt lat="48.60438" lon="-2.82583"></trkpt>
      <trkpt lat="48.60449" lon="-2.82594"></trkpt>
      <trkpt lat="48.60452" lon="-2.82598"></trkpt>
      <trkpt lat="48.60456" lon="-2.82602"></trkpt>
      <trkpt lat="48.60458" lon="-2.82606"></trkpt>
      <trkpt lat="48.60463" lon="-2.82623"></trkpt>
      <trkpt lat="48.60483" lon="-2.82675"></trkpt>
      <trkpt lat="48.60492" lon="-2.82697"></trkpt>
      <trkpt lat="48.60507" lon="-2.8272"></trkpt>
      <trkpt lat="48.60514" lon="-2.8273"></trkpt>
      <trkpt lat="48.60525" lon="-2.82741"></trkpt>
      <trkpt lat="48.60571" lon="-2.82781"></trkpt>
      <trkpt lat="48.60618" lon="-2.82819"></trkpt>
      <trkpt lat="48.60675" lon="-2.82861"></trkpt>
      <trkpt lat="48.60703" lon="-2.82883"></trkpt>
      <trkpt lat="48.60737" lon="-2.82916"></trkpt>
      <trkpt lat="48.60757" lon="-2.82936"></trkpt>
      <trkpt lat="48.60806" lon="-2.83003"></trkpt>
      <trkpt lat="48.60829" lon="-2.83043"></trkpt>
      <trkpt lat="48.6083" lon="-2.83041"></trkpt>
      <trkpt lat="48.60831" lon="-2.8304"></trkpt>
      <trkpt lat="48.60832" lon="-2.8304"></trkpt>
      <trkpt lat="48.60833" lon="-2.83039"></trkpt>
      <trkpt lat="48.60835" lon="-2.83039"></trkpt>
      <trkpt lat="48.60836" lon="-2.8304"></trkpt>
      <trkpt lat="48.60838" lon="-2.83041"></trkpt>
      <trkpt lat="48.60839" lon="-2.83043"></trkpt>
      <trkpt lat="48.60839" lon="-2.83044"></trkpt>
      <trkpt lat="48.6084" lon="-2.83047"></trkpt>
      <trkpt lat="48.60841" lon="-2.83049"></trkpt>
      <trkpt lat="48.60841" lon="-2.83052"></trkpt>
      <trkpt lat="48.6084" lon="-2.83053"></trkpt>
      <trkpt lat="48.6084" lon="-2.83055"></trkpt>
      <trkpt lat="48.60839" lon="-2.83056"></trkpt>
      <trkpt lat="48.60839" lon="-2.83057"></trkpt>
      <trkpt lat="48.6084" lon="-2.83058"></trkpt>
      <trkpt lat="48.60842" lon="-2.8306"></trkpt>
      <trkpt lat="48.609" lon="-2.83087"></trkpt>
      <trkpt lat="48.60915" lon="-2.83096"></trkpt>
      <trkpt lat="48.60929" lon="-2.83103"></trkpt>
      <trkpt lat="48.60959" lon="-2.83122"></trkpt>
      <trkpt lat="48.6099" lon="-2.83144"></trkpt>
      <trkpt lat="48.61001" lon="-2.83151"></trkpt>
      <trkpt lat="48.61005" lon="-2.83155"></trkpt>
      <trkpt lat="48.61032" lon="-2.83174"></trkpt>
      <trkpt lat="48.61038" lon="-2.83176"></trkpt>
      <trkpt lat="48.61048" lon="-2.83175"></trkpt>
      <trkpt lat="48.6105" lon="-2.83175"></trkpt>
      <trkpt lat="48.61051" lon="-2.83175"></trkpt>
      <trkpt lat="48.61056" lon="-2.83174"></trkpt>
      <trkpt lat="48.61058" lon="-2.83174"></trkpt>
      <trkpt lat="48.61061" lon="-2.83172"></trkpt>
      <trkpt lat="48.61068" lon="-2.83165"></trkpt>
      <trkpt lat="48.61069" lon="-2.83162"></trkpt>
      <trkpt lat="48.61071" lon="-2.83159"></trkpt>
      <trkpt lat="48.61075" lon="-2.8315"></trkpt>
      <trkpt lat="48.61083" lon="-2.83125"></trkpt>
      <trkpt lat="48.61095" lon="-2.831"></trkpt>
      <trkpt lat="48.61103" lon="-2.83078"></trkpt>
      <trkpt lat="48.61104" lon="-2.83073"></trkpt>
      <trkpt lat="48.61109" lon="-2.8307"></trkpt>
      <trkpt lat="48.61112" lon="-2.83068"></trkpt>
      <trkpt lat="48.61115" lon="-2.83067"></trkpt>
      <trkpt lat="48.6112" lon="-2.83066"></trkpt>
      <trkpt lat="48.61124" lon="-2.83066"></trkpt>
      <trkpt lat="48.61125" lon="-2.83067"></trkpt>
      <trkpt lat="48.61129" lon="-2.83069"></trkpt>
      <trkpt lat="48.61137" lon="-2.83074"></trkpt>
      <trkpt lat="48.61145" lon="-2.83065"></trkpt>
      <trkpt lat="48.6115" lon="-2.83062"></trkpt>
      <trkpt lat="48.61154" lon="-2.8306"></trkpt>
      <trkpt lat="48.61159" lon="-2.8306"></trkpt>
      <trkpt lat="48.61163" lon="-2.83061"></trkpt>
      <trkpt lat="48.61169" lon="-2.83063"></trkpt>
      <trkpt lat="48.61173" lon="-2.83067"></trkpt>
      <trkpt lat="48.61179" lon="-2.83076"></trkpt>
      <trkpt lat="48.61183" lon="-2.83084"></trkpt>
      <trkpt lat="48.61185" lon="-2.83093"></trkpt>
      <trkpt lat="48.61185" lon="-2.83103"></trkpt>
      <trkpt lat="48.61183" lon="-2.83114"></trkpt>
      <trkpt lat="48.6121" lon="-2.83129"></trkpt>
      <trkpt lat="48.61222" lon="-2.83138"></trkpt>
      <trkpt lat="48.61242" lon="-2.83145"></trkpt>
      <trkpt lat="48.61284" lon="-2.83157"></trkpt>
      <trkpt lat="48.61286" lon="-2.83151"></trkpt>
      <trkpt lat="48.6129" lon="-2.83146"></trkpt>
      <trkpt lat="48.61294" lon="-2.83142"></trkpt>
      <trkpt lat="48.61297" lon="-2.83141"></trkpt>
      <trkpt lat="48.61299" lon="-2.83141"></trkpt>
      <trkpt lat="48.61302" lon="-2.83142"></trkpt>
      <trkpt lat="48.61305" lon="-2.83144"></trkpt>
      <trkpt lat="48.61309" lon="-2.83149"></trkpt>
      <trkpt lat="48.61311" lon="-2.83153"></trkpt>
      <trkpt lat="48.61312" lon="-2.83161"></trkpt>
      <trkpt lat="48.61313" lon="-2.83167"></trkpt>
      <trkpt lat="48.61312" lon="-2.83172"></trkpt>
      <trkpt lat="48.61329" lon="-2.83185"></trkpt>
      <trkpt lat="48.61335" lon="-2.83189"></trkpt>
      <trkpt lat="48.6134" lon="-2.83192"></trkpt>
      <trkpt lat="48.61431" lon="-2.83231"></trkpt>
      <trkpt lat="48.61436" lon="-2.83233"></trkpt>
      <trkpt lat="48.61472" lon="-2.8324"></trkpt>
      <trkpt lat="48.61473" lon="-2.83236"></trkpt>
      <trkpt lat="48.61474" lon="-2.83232"></trkpt>
      <trkpt lat="48.61476" lon="-2.83229"></trkpt>
      <trkpt lat="48.61479" lon="-2.83226"></trkpt>
      <trkpt lat="48.61481" lon="-2.83225"></trkpt>
      <trkpt lat="48.61484" lon="-2.83224"></trkpt>
      <trkpt lat="48.61487" lon="-2.83225"></trkpt>
      <trkpt lat="48.6149" lon="-2.83226"></trkpt>
      <trkpt lat="48.61493" lon="-2.83229"></trkpt>
      <trkpt lat="48.61494" lon="-2.83232"></trkpt>
      <trkpt lat="48.61496" lon="-2.83236"></trkpt>
      <trkpt lat="48.61497" lon="-2.8324"></trkpt>
      <trkpt lat="48.61497" lon="-2.83245"></trkpt>
      <trkpt lat="48.61496" lon="-2.83249"></trkpt>
      <trkpt lat="48.61494" lon="-2.83253"></trkpt>
      <trkpt lat="48.61493" lon="-2.83257"></trkpt>
      <trkpt lat="48.61491" lon="-2.83259"></trkpt>
      <trkpt lat="48.61487" lon="-2.83261"></trkpt>
      <trkpt lat="48.61484" lon="-2.83262"></trkpt>
      <trkpt lat="48.61483" lon="-2.83261"></trkpt>
      <trkpt lat="48.61486" lon="-2.83298"></trkpt>
      <trkpt lat="48.61488" lon="-2.83312"></trkpt>
      <trkpt lat="48.61492" lon="-2.8333"></trkpt>
      <trkpt lat="48.61509" lon="-2.83414"></trkpt>
      <trkpt lat="48.61518" lon="-2.83447"></trkpt>
      <trkpt lat="48.61611" lon="-2.83799"></trkpt>
      <trkpt lat="48.61618" lon="-2.83826"></trkpt>
      <trkpt lat="48.6167" lon="-2.83988"></trkpt>
      <trkpt lat="48.61713" lon="-2.84122"></trkpt>
      <trkpt lat="48.61726" lon="-2.84171"></trkpt>
      <trkpt lat="48.61743" lon="-2.84238"></trkpt>
      <trkpt lat="48.6175" lon="-2.84289"></trkpt>
      <trkpt lat="48.61755" lon="-2.8434"></trkpt>
      <trkpt lat="48.61761" lon="-2.84386"></trkpt>
      <trkpt lat="48.61775" lon="-2.8446"></trkpt>
      <trkpt lat="48.61798" lon="-2.84518"></trkpt>
      <trkpt lat="48.61869" lon="-2.84744"></trkpt>
      <trkpt lat="48.61919" lon="-2.84908"></trkpt>
      <trkpt lat="48.61945" lon="-2.85045"></trkpt>
      <trkpt lat="48.61979" lon="-2.85189"></trkpt>
      <trkpt lat="48.61985" lon="-2.85214"></trkpt>
      <trkpt lat="48.61996" lon="-2.85247"></trkpt>
      <trkpt lat="48.62002" lon="-2.85259"></trkpt>
      <trkpt lat="48.62009" lon="-2.85271"></trkpt>
      <trkpt lat="48.62025" lon="-2.85289"></trkpt>
      <trkpt lat="48.62078" lon="-2.8533"></trkpt>
      <trkpt lat="48.62088" lon="-2.85341"></trkpt>
      <trkpt lat="48.62112" lon="-2.85371"></trkpt>
      <trkpt lat="48.62131" lon="-2.85408"></trkpt>
      <trkpt lat="48.62144" lon="-2.85428"></trkpt>
      <trkpt lat="48.62149" lon="-2.85436"></trkpt>
      <trkpt lat="48.62196" lon="-2.85532"></trkpt>
      <trkpt lat="48.62212" lon="-2.85591"></trkpt>
      <trkpt lat="48.62224" lon="-2.85645"></trkpt>
      <trkpt lat="48.62245" lon="-2.85745"></trkpt>
      <trkpt lat="48.62257" lon="-2.85774"></trkpt>
      <trkpt lat="48.62277" lon="-2.85819"></trkpt>
      <trkpt lat="48.62281" lon="-2.85828"></trkpt>
      <trkpt lat="48.62301" lon="-2.85871"></trkpt>
      <trkpt lat="48.62316" lon="-2.85911"></trkpt>
      <trkpt lat="48.62335" lon="-2.85952"></trkpt>
      <trkpt lat="48.62342" lon="-2.8597"></trkpt>
      <trkpt lat="48.6237" lon="-2.86013"></trkpt>
      <trkpt lat="48.6239" lon="-2.86035"></trkpt>
      <trkpt lat="48.62417" lon="-2.86062"></trkpt>
      <trkpt lat="48.62442" lon="-2.8608"></trkpt>
      <trkpt lat="48.62509" lon="-2.8612"></trkpt>
      <trkpt lat="48.62522" lon="-2.86126"></trkpt>
      <trkpt lat="48.62537" lon="-2.86133"></trkpt>
      <trkpt lat="48.62549" lon="-2.86144"></trkpt>
      <trkpt lat="48.62554" lon="-2.86148"></trkpt>
      <trkpt lat="48.62565" lon="-2.86165"></trkpt>
      <trkpt lat="48.62578" lon="-2.86188"></trkpt>
      <trkpt lat="48.62591" lon="-2.86222"></trkpt>
      <trkpt lat="48.62617" lon="-2.86277"></trkpt>
      <trkpt lat="48.62626" lon="-2.86296"></trkpt>
      <trkpt lat="48.62627" lon="-2.86301"></trkpt>
      <trkpt lat="48.62631" lon="-2.86312"></trkpt>
      <trkpt lat="48.62633" lon="-2.8632"></trkpt>
      <trkpt lat="48.62638" lon="-2.86341"></trkpt>
      <trkpt lat="48.62647" lon="-2.86388"></trkpt>
      <trkpt lat="48.62655" lon="-2.86421"></trkpt>
      <trkpt lat="48.62661" lon="-2.86439"></trkpt>
      <trkpt lat="48.62668" lon="-2.86452"></trkpt>
      <trkpt lat="48.62814" lon="-2.86673"></trkpt>
      <trkpt lat="48.62835" lon="-2.86713"></trkpt>
      <trkpt lat="48.62848" lon="-2.86736"></trkpt>
      <trkpt lat="48.62855" lon="-2.86743"></trkpt>
      <trkpt lat="48.6286" lon="-2.86751"></trkpt>
      <trkpt lat="48.6287" lon="-2.86771"></trkpt>
      <trkpt lat="48.6288" lon="-2.86788"></trkpt>
      <trkpt lat="48.62885" lon="-2.86799"></trkpt>
      <trkpt lat="48.62913" lon="-2.86849"></trkpt>
      <trkpt lat="48.62932" lon="-2.86878"></trkpt>
      <trkpt lat="48.62946" lon="-2.86898"></trkpt>
      <trkpt lat="48.62949" lon="-2.86906"></trkpt>
      <trkpt lat="48.62955" lon="-2.86915"></trkpt>
      <trkpt lat="48.62977" lon="-2.86947"></trkpt>
      <trkpt lat="48.62994" lon="-2.8697"></trkpt>
      <trkpt lat="48.63034" lon="-2.87031"></trkpt>
      <trkpt lat="48.6305" lon="-2.87053"></trkpt>
      <trkpt lat="48.63055" lon="-2.8706"></trkpt>
      <trkpt lat="48.63063" lon="-2.87072"></trkpt>
      <trkpt lat="48.63076" lon="-2.87091"></trkpt>
      <trkpt lat="48.63078" lon="-2.87101"></trkpt>
      <trkpt lat="48.63082" lon="-2.87161"></trkpt>
      <trkpt lat="48.63089" lon="-2.87207"></trkpt>
      <trkpt lat="48.63094" lon="-2.87233"></trkpt>
      <trkpt lat="48.63098" lon="-2.87257"></trkpt>
      <trkpt lat="48.6311" lon="-2.87315"></trkpt>
      <trkpt lat="48.63114" lon="-2.87332"></trkpt>
      <trkpt lat="48.63118" lon="-2.87345"></trkpt>
      <trkpt lat="48.63126" lon="-2.87362"></trkpt>
      <trkpt lat="48.63146" lon="-2.87397"></trkpt>
      <trkpt lat="48.63158" lon="-2.87412"></trkpt>
      <trkpt lat="48.63167" lon="-2.87419"></trkpt>
      <trkpt lat="48.63215" lon="-2.87456"></trkpt>
      <trkpt lat="48.63298" lon="-2.87505"></trkpt>
      <trkpt lat="48.63316" lon="-2.87518"></trkpt>
      <trkpt lat="48.63338" lon="-2.87538"></trkpt>
      <trkpt lat="48.6335" lon="-2.87551"></trkpt>
      <trkpt lat="48.63382" lon="-2.87593"></trkpt>
      <trkpt lat="48.63503" lon="-2.87738"></trkpt>
      <trkpt lat="48.63514" lon="-2.87751"></trkpt>
      <trkpt lat="48.63528" lon="-2.87773"></trkpt>
      <trkpt lat="48.63539" lon="-2.87792"></trkpt>
      <trkpt lat="48.63559" lon="-2.87842"></trkpt>
      <trkpt lat="48.63581" lon="-2.87897"></trkpt>
      <trkpt lat="48.63611" lon="-2.8798"></trkpt>
      <trkpt lat="48.6364" lon="-2.88049"></trkpt>
      <trkpt lat="48.63661" lon="-2.88104"></trkpt>
      <trkpt lat="48.63676" lon="-2.88142"></trkpt>
      <trkpt lat="48.63701" lon="-2.88214"></trkpt>
      <trkpt lat="48.63728" lon="-2.88275"></trkpt>
      <trkpt lat="48.63734" lon="-2.88292"></trkpt>
      <trkpt lat="48.63737" lon="-2.88302"></trkpt>
      <trkpt lat="48.63746" lon="-2.8834"></trkpt>
      <trkpt lat="48.63747" lon="-2.8835"></trkpt>
      <trkpt lat="48.63763" lon="-2.88441"></trkpt>
      <trkpt lat="48.6377" lon="-2.88482"></trkpt>
      <trkpt lat="48.63772" lon="-2.88514"></trkpt>
      <trkpt lat="48.63772" lon="-2.88546"></trkpt>
      <trkpt lat="48.63773" lon="-2.88602"></trkpt>
      <trkpt lat="48.63777" lon="-2.88639"></trkpt>
      <trkpt lat="48.6378" lon="-2.88651"></trkpt>
      <trkpt lat="48.63797" lon="-2.88688"></trkpt>
      <trkpt lat="48.63806" lon="-2.88702"></trkpt>
      <trkpt lat="48.63819" lon="-2.88715"></trkpt>
      <trkpt lat="48.63854" lon="-2.8874"></trkpt>
      <trkpt lat="48.63879" lon="-2.88759"></trkpt>
      <trkpt lat="48.63904" lon="-2.88783"></trkpt>
      <trkpt lat="48.63916" lon="-2.88797"></trkpt>
      <trkpt lat="48.63934" lon="-2.88818"></trkpt>
      <trkpt lat="48.63946" lon="-2.88834"></trkpt>
      <trkpt lat="48.6398" lon="-2.88888"></trkpt>
      <trkpt lat="48.64017" lon="-2.88938"></trkpt>
      <trkpt lat="48.64043" lon="-2.88964"></trkpt>
      <trkpt lat="48.64059" lon="-2.88977"></trkpt>
      <trkpt lat="48.6408" lon="-2.88994"></trkpt>
      <trkpt lat="48.64097" lon="-2.89014"></trkpt>
      <trkpt lat="48.64117" lon="-2.89046"></trkpt>
      <trkpt lat="48.64128" lon="-2.89064"></trkpt>
      <trkpt lat="48.64139" lon="-2.89092"></trkpt>
      <trkpt lat="48.64147" lon="-2.89109"></trkpt>
      <trkpt lat="48.6415" lon="-2.89105"></trkpt>
      <trkpt lat="48.64154" lon="-2.89102"></trkpt>
      <trkpt lat="48.64158" lon="-2.89102"></trkpt>
      <trkpt lat="48.64161" lon="-2.89102"></trkpt>
      <trkpt lat="48.64165" lon="-2.89104"></trkpt>
      <trkpt lat="48.64168" lon="-2.89107"></trkpt>
      <trkpt lat="48.64169" lon="-2.8911"></trkpt>
      <trkpt lat="48.6417" lon="-2.89117"></trkpt>
      <trkpt lat="48.6417" lon="-2.89125"></trkpt>
      <trkpt lat="48.64169" lon="-2.8913"></trkpt>
      <trkpt lat="48.64166" lon="-2.89135"></trkpt>
      <trkpt lat="48.6418" lon="-2.89154"></trkpt>
      <trkpt lat="48.64187" lon="-2.89167"></trkpt>
      <trkpt lat="48.64193" lon="-2.8918"></trkpt>
      <trkpt lat="48.64206" lon="-2.89222"></trkpt>
      <trkpt lat="48.64219" lon="-2.89275"></trkpt>
      <trkpt lat="48.64233" lon="-2.89336"></trkpt>
      <trkpt lat="48.6424" lon="-2.89356"></trkpt>
      <trkpt lat="48.64253" lon="-2.89391"></trkpt>
      <trkpt lat="48.64262" lon="-2.89415"></trkpt>
      <trkpt lat="48.64287" lon="-2.89495"></trkpt>
      <trkpt lat="48.64314" lon="-2.89597"></trkpt>
      <trkpt lat="48.64325" lon="-2.89629"></trkpt>
      <trkpt lat="48.64332" lon="-2.89644"></trkpt>
      <trkpt lat="48.6434" lon="-2.89658"></trkpt>
      <trkpt lat="48.64343" lon="-2.89663"></trkpt>
      <trkpt lat="48.64351" lon="-2.89671"></trkpt>
      <trkpt lat="48.64355" lon="-2.89675"></trkpt>
      <trkpt lat="48.64376" lon="-2.89692"></trkpt>
      <trkpt lat="48.64411" lon="-2.89717"></trkpt>
      <trkpt lat="48.64467" lon="-2.89748"></trkpt>
      <trkpt lat="48.64494" lon="-2.89768"></trkpt>
      <trkpt lat="48.64508" lon="-2.89789"></trkpt>
      <trkpt lat="48.64517" lon="-2.89807"></trkpt>
      <trkpt lat="48.64523" lon="-2.89822"></trkpt>
      <trkpt lat="48.6453" lon="-2.89838"></trkpt>
      <trkpt lat="48.64537" lon="-2.8986"></trkpt>
      <trkpt lat="48.64555" lon="-2.89939"></trkpt>
      <trkpt lat="48.64578" lon="-2.90018"></trkpt>
      <trkpt lat="48.64585" lon="-2.90039"></trkpt>
      <trkpt lat="48.64596" lon="-2.90069"></trkpt>
      <trkpt lat="48.64618" lon="-2.90118"></trkpt>
      <trkpt lat="48.6464" lon="-2.90169"></trkpt>
      <trkpt lat="48.6466" lon="-2.90213"></trkpt>
      <trkpt lat="48.64681" lon="-2.90259"></trkpt>
      <trkpt lat="48.64703" lon="-2.90303"></trkpt>
      <trkpt lat="48.64706" lon="-2.90307"></trkpt>
      <trkpt lat="48.64733" lon="-2.9035"></trkpt>
      <trkpt lat="48.64746" lon="-2.90368"></trkpt>
      <trkpt lat="48.64752" lon="-2.90377"></trkpt>
      <trkpt lat="48.64788" lon="-2.90437"></trkpt>
      <trkpt lat="48.64824" lon="-2.9049"></trkpt>
      <trkpt lat="48.64834" lon="-2.90502"></trkpt>
      <trkpt lat="48.64854" lon="-2.90524"></trkpt>
      <trkpt lat="48.64891" lon="-2.90556"></trkpt>
      <trkpt lat="48.64909" lon="-2.90569"></trkpt>
      <trkpt lat="48.64923" lon="-2.90578"></trkpt>
      <trkpt lat="48.64983" lon="-2.9062"></trkpt>
      <trkpt lat="48.65004" lon="-2.90641"></trkpt>
      <trkpt lat="48.6504" lon="-2.90698"></trkpt>
      <trkpt lat="48.65058" lon="-2.90731"></trkpt>
      <trkpt lat="48.65079" lon="-2.90761"></trkpt>
      <trkpt lat="48.65091" lon="-2.90777"></trkpt>
      <trkpt lat="48.65114" lon="-2.90815"></trkpt>
      <trkpt lat="48.65126" lon="-2.90843"></trkpt>
      <trkpt lat="48.65142" lon="-2.909"></trkpt>
      <trkpt lat="48.65149" lon="-2.90935"></trkpt>
      <trkpt lat="48.65161" lon="-2.90965"></trkpt>
      <trkpt lat="48.65174" lon="-2.90987"></trkpt>
      <trkpt lat="48.65193" lon="-2.91011"></trkpt>
      <trkpt lat="48.65219" lon="-2.91038"></trkpt>
      <trkpt lat="48.65233" lon="-2.91053"></trkpt>
      <trkpt lat="48.65237" lon="-2.91056"></trkpt>
      <trkpt lat="48.65268" lon="-2.9108"></trkpt>
      <trkpt lat="48.65312" lon="-2.91116"></trkpt>
      <trkpt lat="48.65331" lon="-2.91134"></trkpt>
      <trkpt lat="48.65368" lon="-2.91179"></trkpt>
      <trkpt lat="48.65406" lon="-2.9122"></trkpt>
      <trkpt lat="48.65421" lon="-2.9123"></trkpt>
      <trkpt lat="48.65429" lon="-2.91233"></trkpt>
      <trkpt lat="48.65438" lon="-2.91234"></trkpt>
      <trkpt lat="48.6546" lon="-2.91234"></trkpt>
      <trkpt lat="48.65472" lon="-2.91235"></trkpt>
      <trkpt lat="48.65477" lon="-2.91236"></trkpt>
      <trkpt lat="48.65485" lon="-2.9124"></trkpt>
      <trkpt lat="48.65493" lon="-2.91246"></trkpt>
      <trkpt lat="48.65526" lon="-2.91279"></trkpt>
      <trkpt lat="48.65544" lon="-2.91293"></trkpt>
      <trkpt lat="48.65592" lon="-2.91311"></trkpt>
      <trkpt lat="48.65629" lon="-2.91322"></trkpt>
      <trkpt lat="48.65641" lon="-2.91328"></trkpt>
      <trkpt lat="48.65648" lon="-2.91333"></trkpt>
      <trkpt lat="48.65687" lon="-2.91364"></trkpt>
      <trkpt lat="48.65696" lon="-2.91373"></trkpt>
      <trkpt lat="48.65711" lon="-2.91392"></trkpt>
      <trkpt lat="48.65731" lon="-2.91425"></trkpt>
      <trkpt lat="48.65766" lon="-2.91469"></trkpt>
      <trkpt lat="48.65786" lon="-2.91486"></trkpt>
      <trkpt lat="48.65808" lon="-2.91502"></trkpt>
      <trkpt lat="48.65814" lon="-2.91507"></trkpt>
      <trkpt lat="48.65826" lon="-2.91518"></trkpt>
      <trkpt lat="48.65842" lon="-2.9154"></trkpt>
      <trkpt lat="48.6586" lon="-2.91579"></trkpt>
      <trkpt lat="48.65873" lon="-2.91601"></trkpt>
      <trkpt lat="48.65899" lon="-2.9164"></trkpt>
      <trkpt lat="48.65914" lon="-2.91657"></trkpt>
      <trkpt lat="48.6594" lon="-2.91674"></trkpt>
      <trkpt lat="48.65996" lon="-2.9171"></trkpt>
      <trkpt lat="48.66014" lon="-2.9171"></trkpt>
      <trkpt lat="48.66056" lon="-2.91715"></trkpt>
      <trkpt lat="48.66081" lon="-2.91714"></trkpt>
      <trkpt lat="48.66111" lon="-2.91718"></trkpt>
      <trkpt lat="48.66172" lon="-2.91752"></trkpt>
      <trkpt lat="48.6618" lon="-2.91757"></trkpt>
      <trkpt lat="48.66191" lon="-2.91764"></trkpt>
      <trkpt lat="48.66203" lon="-2.91772"></trkpt>
      <trkpt lat="48.66213" lon="-2.9178"></trkpt>
      <trkpt lat="48.66228" lon="-2.91795"></trkpt>
      <trkpt lat="48.66234" lon="-2.91804"></trkpt>
      <trkpt lat="48.66238" lon="-2.91812"></trkpt>
      <trkpt lat="48.6625" lon="-2.91836"></trkpt>
      <trkpt lat="48.66268" lon="-2.91863"></trkpt>
      <trkpt lat="48.66287" lon="-2.91896"></trkpt>
      <trkpt lat="48.66319" lon="-2.91946"></trkpt>
      <trkpt lat="48.6633" lon="-2.91971"></trkpt>
      <trkpt lat="48.66359" lon="-2.9201"></trkpt>
      <trkpt lat="48.66406" lon="-2.92046"></trkpt>
      <trkpt lat="48.66414" lon="-2.92052"></trkpt>
      <trkpt lat="48.66469" lon="-2.92094"></trkpt>
      <trkpt lat="48.66477" lon="-2.92098"></trkpt>
      <trkpt lat="48.66488" lon="-2.92102"></trkpt>
      <trkpt lat="48.66513" lon="-2.92105"></trkpt>
      <trkpt lat="48.66569" lon="-2.92101"></trkpt>
      <trkpt lat="48.66609" lon="-2.92098"></trkpt>
      <trkpt lat="48.6663" lon="-2.92098"></trkpt>
      <trkpt lat="48.66646" lon="-2.92104"></trkpt>
      <trkpt lat="48.66698" lon="-2.92137"></trkpt>
      <trkpt lat="48.66716" lon="-2.92147"></trkpt>
      <trkpt lat="48.66751" lon="-2.92163"></trkpt>
      <trkpt lat="48.66765" lon="-2.92168"></trkpt>
      <trkpt lat="48.66773" lon="-2.92169"></trkpt>
      <trkpt lat="48.66858" lon="-2.92176"></trkpt>
      <trkpt lat="48.66877" lon="-2.9218"></trkpt>
      <trkpt lat="48.66881" lon="-2.92174"></trkpt>
      <trkpt lat="48.66887" lon="-2.92169"></trkpt>
      <trkpt lat="48.66893" lon="-2.92168"></trkpt>
      <trkpt lat="48.669" lon="-2.9217"></trkpt>
      <trkpt lat="48.66906" lon="-2.92178"></trkpt>
      <trkpt lat="48.66909" lon="-2.92187"></trkpt>
      <trkpt lat="48.66909" lon="-2.922"></trkpt>
      <trkpt lat="48.66914" lon="-2.922"></trkpt>
      <trkpt lat="48.66923" lon="-2.92205"></trkpt>
      <trkpt lat="48.66937" lon="-2.92217"></trkpt>
      <trkpt lat="48.66943" lon="-2.92225"></trkpt>
      <trkpt lat="48.66951" lon="-2.92236"></trkpt>
      <trkpt lat="48.67005" lon="-2.92307"></trkpt>
      <trkpt lat="48.67043" lon="-2.92374"></trkpt>
      <trkpt lat="48.67063" lon="-2.92392"></trkpt>
      <trkpt lat="48.6712" lon="-2.92444"></trkpt>
      <trkpt lat="48.67174" lon="-2.92495"></trkpt>
      <trkpt lat="48.67211" lon="-2.92535"></trkpt>
      <trkpt lat="48.67227" lon="-2.92555"></trkpt>
      <trkpt lat="48.67249" lon="-2.92588"></trkpt>
      <trkpt lat="48.67265" lon="-2.92606"></trkpt>
      <trkpt lat="48.67272" lon="-2.92612"></trkpt>
      <trkpt lat="48.67282" lon="-2.92624"></trkpt>
      <trkpt lat="48.67297" lon="-2.92634"></trkpt>
      <trkpt lat="48.67314" lon="-2.92639"></trkpt>
      <trkpt lat="48.67357" lon="-2.92663"></trkpt>
      <trkpt lat="48.67388" lon="-2.92681"></trkpt>
      <trkpt lat="48.67454" lon="-2.92717"></trkpt>
      <trkpt lat="48.67471" lon="-2.92724"></trkpt>
      <trkpt lat="48.67485" lon="-2.92732"></trkpt>
      <trkpt lat="48.67521" lon="-2.92753"></trkpt>
      <trkpt lat="48.6761" lon="-2.92801"></trkpt>
      <trkpt lat="48.67611" lon="-2.92798"></trkpt>
      <trkpt lat="48.67613" lon="-2.92796"></trkpt>
      <trkpt lat="48.67614" lon="-2.92793"></trkpt>
      <trkpt lat="48.67617" lon="-2.92792"></trkpt>
      <trkpt lat="48.67619" lon="-2.9279"></trkpt>
      <trkpt lat="48.67629" lon="-2.92791"></trkpt>
      <trkpt lat="48.6763" lon="-2.92791"></trkpt>
      <trkpt lat="48.67636" lon="-2.92792"></trkpt>
      <trkpt lat="48.67646" lon="-2.92797"></trkpt>
      <trkpt lat="48.67658" lon="-2.92803"></trkpt>
      <trkpt lat="48.67659" lon="-2.92804"></trkpt>
      <trkpt lat="48.6766" lon="-2.92806"></trkpt>
      <trkpt lat="48.6766" lon="-2.92807"></trkpt>
      <trkpt lat="48.6766" lon="-2.92809"></trkpt>
      <trkpt lat="48.6766" lon="-2.92811"></trkpt>
      <trkpt lat="48.67657" lon="-2.92836"></trkpt>
      <trkpt lat="48.67639" lon="-2.9291"></trkpt>
      <trkpt lat="48.67637" lon="-2.92913"></trkpt>
      <trkpt lat="48.67635" lon="-2.92915"></trkpt>
      <trkpt lat="48.67631" lon="-2.92917"></trkpt>
      <trkpt lat="48.67626" lon="-2.92917"></trkpt>
      <trkpt lat="48.67616" lon="-2.92916"></trkpt>
      <trkpt lat="48.67614" lon="-2.9293"></trkpt>
      <trkpt lat="48.67605" lon="-2.92958"></trkpt>
      <trkpt lat="48.67599" lon="-2.92977"></trkpt>
      <trkpt lat="48.67597" lon="-2.92985"></trkpt>
      <trkpt lat="48.67601" lon="-2.92991"></trkpt>
      <trkpt lat="48.67589" lon="-2.93053"></trkpt>
      <trkpt lat="48.67586" lon="-2.93069"></trkpt>
      <trkpt lat="48.67578" lon="-2.93115"></trkpt>
      <trkpt lat="48.6758" lon="-2.93121"></trkpt>
      <trkpt lat="48.6758" lon="-2.93126"></trkpt>
      <trkpt lat="48.67579" lon="-2.93131"></trkpt>
      <trkpt lat="48.67578" lon="-2.93134"></trkpt>
      <trkpt lat="48.67576" lon="-2.93137"></trkpt>
      <trkpt lat="48.67573" lon="-2.93139"></trkpt>
      <trkpt lat="48.67572" lon="-2.93162"></trkpt>
      <trkpt lat="48.67556" lon="-2.93258"></trkpt>
      <trkpt lat="48.67551" lon="-2.93311"></trkpt>
      <trkpt lat="48.67541" lon="-2.93422"></trkpt>
      <trkpt lat="48.67537" lon="-2.93465"></trkpt>
      <trkpt lat="48.67579" lon="-2.93527"></trkpt>
      <trkpt lat="48.67591" lon="-2.93552"></trkpt>
      <trkpt lat="48.67601" lon="-2.93574"></trkpt>
      <trkpt lat="48.67613" lon="-2.93612"></trkpt>
      <trkpt lat="48.67624" lon="-2.93676"></trkpt>
      <trkpt lat="48.67641" lon="-2.93736"></trkpt>
      <trkpt lat="48.67647" lon="-2.93751"></trkpt>
      <trkpt lat="48.67706" lon="-2.93927"></trkpt>
      <trkpt lat="48.67723" lon="-2.94019"></trkpt>
      <trkpt lat="48.67729" lon="-2.94107"></trkpt>
      <trkpt lat="48.67735" lon="-2.9414"></trkpt>
      <trkpt lat="48.67743" lon="-2.94175"></trkpt>
      <trkpt lat="48.6777" lon="-2.9426"></trkpt>
      <trkpt lat="48.67795" lon="-2.94328"></trkpt>
      <trkpt lat="48.67818" lon="-2.94399"></trkpt>
      <trkpt lat="48.67828" lon="-2.94427"></trkpt>
      <trkpt lat="48.67831" lon="-2.94434"></trkpt>
      <trkpt lat="48.67873" lon="-2.94545"></trkpt>
      <trkpt lat="48.6791" lon="-2.94666"></trkpt>
      <trkpt lat="48.67936" lon="-2.94768"></trkpt>
      <trkpt lat="48.67943" lon="-2.94797"></trkpt>
      <trkpt lat="48.67948" lon="-2.94825"></trkpt>
      <trkpt lat="48.67949" lon="-2.94838"></trkpt>
      <trkpt lat="48.67959" lon="-2.94909"></trkpt>
      <trkpt lat="48.67981" lon="-2.94985"></trkpt>
      <trkpt lat="48.67986" lon="-2.94998"></trkpt>
      <trkpt lat="48.68006" lon="-2.9503"></trkpt>
      <trkpt lat="48.6802" lon="-2.95061"></trkpt>
      <trkpt lat="48.68027" lon="-2.95084"></trkpt>
      <trkpt lat="48.68036" lon="-2.95127"></trkpt>
      <trkpt lat="48.68041" lon="-2.95162"></trkpt>
      <trkpt lat="48.6805" lon="-2.95229"></trkpt>
      <trkpt lat="48.68056" lon="-2.95256"></trkpt>
      <trkpt lat="48.68069" lon="-2.95314"></trkpt>
      <trkpt lat="48.68073" lon="-2.95338"></trkpt>
      <trkpt lat="48.68074" lon="-2.95372"></trkpt>
      <trkpt lat="48.68058" lon="-2.9552"></trkpt>
      <trkpt lat="48.68056" lon="-2.95576"></trkpt>
      <trkpt lat="48.68064" lon="-2.95624"></trkpt>
      <trkpt lat="48.68069" lon="-2.95663"></trkpt>
      <trkpt lat="48.68071" lon="-2.95822"></trkpt>
      <trkpt lat="48.68067" lon="-2.95888"></trkpt>
      <trkpt lat="48.68065" lon="-2.95908"></trkpt>
      <trkpt lat="48.68069" lon="-2.95945"></trkpt>
      <trkpt lat="48.68087" lon="-2.96034"></trkpt>
      <trkpt lat="48.68094" lon="-2.96079"></trkpt>
      <trkpt lat="48.68095" lon="-2.96087"></trkpt>
      <trkpt lat="48.68101" lon="-2.96152"></trkpt>
      <trkpt lat="48.68106" lon="-2.96195"></trkpt>
      <trkpt lat="48.68114" lon="-2.96242"></trkpt>
      <trkpt lat="48.6812" lon="-2.96263"></trkpt>
      <trkpt lat="48.68133" lon="-2.96298"></trkpt>
      <trkpt lat="48.68187" lon="-2.96408"></trkpt>
      <trkpt lat="48.68211" lon="-2.96459"></trkpt>
      <trkpt lat="48.68261" lon="-2.96604"></trkpt>
      <trkpt lat="48.68271" lon="-2.96631"></trkpt>
      <trkpt lat="48.68305" lon="-2.96723"></trkpt>
      <trkpt lat="48.68331" lon="-2.9679"></trkpt>
      <trkpt lat="48.68352" lon="-2.96839"></trkpt>
      <trkpt lat="48.68376" lon="-2.96897"></trkpt>
      <trkpt lat="48.68383" lon="-2.9692"></trkpt>
      <trkpt lat="48.68402" lon="-2.97003"></trkpt>
      <trkpt lat="48.68414" lon="-2.97045"></trkpt>
      <trkpt lat="48.68425" lon="-2.97085"></trkpt>
      <trkpt lat="48.68473" lon="-2.97228"></trkpt>
      <trkpt lat="48.68485" lon="-2.9728"></trkpt>
      <trkpt lat="48.68492" lon="-2.97388"></trkpt>
      <trkpt lat="48.68492" lon="-2.97457"></trkpt>
      <trkpt lat="48.68487" lon="-2.97499"></trkpt>
      <trkpt lat="48.68479" lon="-2.97565"></trkpt>
      <trkpt lat="48.68475" lon="-2.97622"></trkpt>
      <trkpt lat="48.68472" lon="-2.97638"></trkpt>
      <trkpt lat="48.6846" lon="-2.97674"></trkpt>
      <trkpt lat="48.68455" lon="-2.97692"></trkpt>
      <trkpt lat="48.68453" lon="-2.97705"></trkpt>
      <trkpt lat="48.68454" lon="-2.97731"></trkpt>
      <trkpt lat="48.68463" lon="-2.97774"></trkpt>
      <trkpt lat="48.68481" lon="-2.97832"></trkpt>
      <trkpt lat="48.68488" lon="-2.97854"></trkpt>
      <trkpt lat="48.68495" lon="-2.97875"></trkpt>
      <trkpt lat="48.68512" lon="-2.97947"></trkpt>
      <trkpt lat="48.68518" lon="-2.9799"></trkpt>
      <trkpt lat="48.68527" lon="-2.98074"></trkpt>
      <trkpt lat="48.68533" lon="-2.98141"></trkpt>
      <trkpt lat="48.68541" lon="-2.98188"></trkpt>
      <trkpt lat="48.68547" lon="-2.98207"></trkpt>
      <trkpt lat="48.68548" lon="-2.98211"></trkpt>
      <trkpt lat="48.68555" lon="-2.98223"></trkpt>
      <trkpt lat="48.68574" lon="-2.98247"></trkpt>
      <trkpt lat="48.6861" lon="-2.98281"></trkpt>
      <trkpt lat="48.68629" lon="-2.98306"></trkpt>
      <trkpt lat="48.6864" lon="-2.98322"></trkpt>
      <trkpt lat="48.68649" lon="-2.98345"></trkpt>
      <trkpt lat="48.68659" lon="-2.98379"></trkpt>
      <trkpt lat="48.68663" lon="-2.98404"></trkpt>
      <trkpt lat="48.68662" lon="-2.98426"></trkpt>
      <trkpt lat="48.68657" lon="-2.98454"></trkpt>
      <trkpt lat="48.68652" lon="-2.98467"></trkpt>
      <trkpt lat="48.68638" lon="-2.98495"></trkpt>
      <trkpt lat="48.68628" lon="-2.98511"></trkpt>
      <trkpt lat="48.68615" lon="-2.9853"></trkpt>
      <trkpt lat="48.68612" lon="-2.98538"></trkpt>
      <trkpt lat="48.68609" lon="-2.98556"></trkpt>
      <trkpt lat="48.68608" lon="-2.98579"></trkpt>
      <trkpt lat="48.6861" lon="-2.98589"></trkpt>
      <trkpt lat="48.68613" lon="-2.98599"></trkpt>
      <trkpt lat="48.68617" lon="-2.98611"></trkpt>
      <trkpt lat="48.68627" lon="-2.98644"></trkpt>
      <trkpt lat="48.6863" lon="-2.98652"></trkpt>
      <trkpt lat="48.68636" lon="-2.98665"></trkpt>
      <trkpt lat="48.68644" lon="-2.98681"></trkpt>
      <trkpt lat="48.68662" lon="-2.98708"></trkpt>
      <trkpt lat="48.68672" lon="-2.98728"></trkpt>
      <trkpt lat="48.68675" lon="-2.9875"></trkpt>
      <trkpt lat="48.68673" lon="-2.98772"></trkpt>
      <trkpt lat="48.68662" lon="-2.98817"></trkpt>
      <trkpt lat="48.68659" lon="-2.98828"></trkpt>
      <trkpt lat="48.6865" lon="-2.98855"></trkpt>
      <trkpt lat="48.68634" lon="-2.98901"></trkpt>
      <trkpt lat="48.686" lon="-2.98979"></trkpt>
      <trkpt lat="48.68547" lon="-2.99092"></trkpt>
      <trkpt lat="48.68531" lon="-2.99131"></trkpt>
      <trkpt lat="48.68526" lon="-2.99162"></trkpt>
      <trkpt lat="48.6852" lon="-2.99222"></trkpt>
      <trkpt lat="48.68514" lon="-2.9927"></trkpt>
      <trkpt lat="48.68509" lon="-2.99339"></trkpt>
      <trkpt lat="48.68507" lon="-2.99367"></trkpt>
      <trkpt lat="48.68497" lon="-2.99481"></trkpt>
      <trkpt lat="48.68497" lon="-2.99525"></trkpt>
      <trkpt lat="48.68501" lon="-2.9956"></trkpt>
      <trkpt lat="48.68506" lon="-2.99589"></trkpt>
      <trkpt lat="48.68518" lon="-2.99644"></trkpt>
      <trkpt lat="48.68526" lon="-2.99675"></trkpt>
      <trkpt lat="48.68533" lon="-2.997"></trkpt>
      <trkpt lat="48.68547" lon="-2.99746"></trkpt>
      <trkpt lat="48.68583" lon="-2.99868"></trkpt>
      <trkpt lat="48.68593" lon="-2.99903"></trkpt>
      <trkpt lat="48.68595" lon="-2.99914"></trkpt>
      <trkpt lat="48.68602" lon="-2.99946"></trkpt>
      <trkpt lat="48.68604" lon="-2.99986"></trkpt>
      <trkpt lat="48.68603" lon="-3.0001"></trkpt>
      <trkpt lat="48.68602" lon="-3.00051"></trkpt>
      <trkpt lat="48.68601" lon="-3.0009"></trkpt>
      <trkpt lat="48.68599" lon="-3.00121"></trkpt>
      <trkpt lat="48.68601" lon="-3.00139"></trkpt>
      <trkpt lat="48.68606" lon="-3.00168"></trkpt>
      <trkpt lat="48.68616" lon="-3.00214"></trkpt>
      <trkpt lat="48.68645" lon="-3.00296"></trkpt>
      <trkpt lat="48.68656" lon="-3.00324"></trkpt>
      <trkpt lat="48.68661" lon="-3.00334"></trkpt>
      <trkpt lat="48.68688" lon="-3.00386"></trkpt>
      <trkpt lat="48.68708" lon="-3.00418"></trkpt>
      <trkpt lat="48.68723" lon="-3.00435"></trkpt>
      <trkpt lat="48.68739" lon="-3.00449"></trkpt>
      <trkpt lat="48.68744" lon="-3.00451"></trkpt>
      <trkpt lat="48.68807" lon="-3.00482"></trkpt>
      <trkpt lat="48.68832" lon="-3.00489"></trkpt>
      <trkpt lat="48.68855" lon="-3.00492"></trkpt>
      <trkpt lat="48.68878" lon="-3.00497"></trkpt>
      <trkpt lat="48.68909" lon="-3.00505"></trkpt>
      <trkpt lat="48.68968" lon="-3.0052"></trkpt>
      <trkpt lat="48.69051" lon="-3.00553"></trkpt>
      <trkpt lat="48.69057" lon="-3.00555"></trkpt>
      <trkpt lat="48.69063" lon="-3.00557"></trkpt>
      <trkpt lat="48.6907" lon="-3.00558"></trkpt>
      <trkpt lat="48.69078" lon="-3.00557"></trkpt>
      <trkpt lat="48.6909" lon="-3.00554"></trkpt>
      <trkpt lat="48.69103" lon="-3.00547"></trkpt>
      <trkpt lat="48.69133" lon="-3.00528"></trkpt>
      <trkpt lat="48.69141" lon="-3.00525"></trkpt>
      <trkpt lat="48.69145" lon="-3.00524"></trkpt>
      <trkpt lat="48.69151" lon="-3.00522"></trkpt>
      <trkpt lat="48.69158" lon="-3.00521"></trkpt>
      <trkpt lat="48.69163" lon="-3.00521"></trkpt>
      <trkpt lat="48.69167" lon="-3.00521"></trkpt>
      <trkpt lat="48.69174" lon="-3.00523"></trkpt>
      <trkpt lat="48.69182" lon="-3.00527"></trkpt>
      <trkpt lat="48.69195" lon="-3.00536"></trkpt>
      <trkpt lat="48.69239" lon="-3.00584"></trkpt>
      <trkpt lat="48.69256" lon="-3.00601"></trkpt>
      <trkpt lat="48.69274" lon="-3.00616"></trkpt>
      <trkpt lat="48.69295" lon="-3.00632"></trkpt>
      <trkpt lat="48.69316" lon="-3.00641"></trkpt>
      <trkpt lat="48.6937" lon="-3.00653"></trkpt>
      <trkpt lat="48.69394" lon="-3.00664"></trkpt>
      <trkpt lat="48.69425" lon="-3.00682"></trkpt>
      <trkpt lat="48.69434" lon="-3.00687"></trkpt>
      <trkpt lat="48.69467" lon="-3.00706"></trkpt>
      <trkpt lat="48.69482" lon="-3.00714"></trkpt>
      <trkpt lat="48.69517" lon="-3.00733"></trkpt>
      <trkpt lat="48.69543" lon="-3.0075"></trkpt>
      <trkpt lat="48.6959" lon="-3.00781"></trkpt>
      <trkpt lat="48.69619" lon="-3.00806"></trkpt>
      <trkpt lat="48.6965" lon="-3.00874"></trkpt>
      <trkpt lat="48.69657" lon="-3.00886"></trkpt>
      <trkpt lat="48.69659" lon="-3.00889"></trkpt>
      <trkpt lat="48.69684" lon="-3.00918"></trkpt>
      <trkpt lat="48.69695" lon="-3.00927"></trkpt>
      <trkpt lat="48.69741" lon="-3.00959"></trkpt>
      <trkpt lat="48.69749" lon="-3.00964"></trkpt>
      <trkpt lat="48.69836" lon="-3.01016"></trkpt>
      <trkpt lat="48.69853" lon="-3.01025"></trkpt>
      <trkpt lat="48.69864" lon="-3.01032"></trkpt>
      <trkpt lat="48.69909" lon="-3.01058"></trkpt>
      <trkpt lat="48.69948" lon="-3.01084"></trkpt>
      <trkpt lat="48.69966" lon="-3.01093"></trkpt>
      <trkpt lat="48.69988" lon="-3.01098"></trkpt>
      <trkpt lat="48.70011" lon="-3.01104"></trkpt>
      <trkpt lat="48.70106" lon="-3.01127"></trkpt>
      <trkpt lat="48.70118" lon="-3.01131"></trkpt>
      <trkpt lat="48.70153" lon="-3.01155"></trkpt>
      <trkpt lat="48.70219" lon="-3.01207"></trkpt>
      <trkpt lat="48.70248" lon="-3.01235"></trkpt>
      <trkpt lat="48.70269" lon="-3.01256"></trkpt>
      <trkpt lat="48.70284" lon="-3.01269"></trkpt>
      <trkpt lat="48.70296" lon="-3.01276"></trkpt>
      <trkpt lat="48.70307" lon="-3.0128"></trkpt>
      <trkpt lat="48.70326" lon="-3.01282"></trkpt>
      <trkpt lat="48.70338" lon="-3.01286"></trkpt>
      <trkpt lat="48.70348" lon="-3.01289"></trkpt>
      <trkpt lat="48.70365" lon="-3.01297"></trkpt>
      <trkpt lat="48.70427" lon="-3.0135"></trkpt>
      <trkpt lat="48.7046" lon="-3.01372"></trkpt>
      <trkpt lat="48.7049" lon="-3.01383"></trkpt>
      <trkpt lat="48.70515" lon="-3.01388"></trkpt>
      <trkpt lat="48.70548" lon="-3.01398"></trkpt>
      <trkpt lat="48.7058" lon="-3.0141"></trkpt>
      <trkpt lat="48.70631" lon="-3.01444"></trkpt>
      <trkpt lat="48.70691" lon="-3.01482"></trkpt>
      <trkpt lat="48.70746" lon="-3.01528"></trkpt>
      <trkpt lat="48.70789" lon="-3.01561"></trkpt>
      <trkpt lat="48.70865" lon="-3.01622"></trkpt>
      <trkpt lat="48.70961" lon="-3.0171"></trkpt>
      <trkpt lat="48.70994" lon="-3.01746"></trkpt>
      <trkpt lat="48.71019" lon="-3.01775"></trkpt>
      <trkpt lat="48.71062" lon="-3.01839"></trkpt>
      <trkpt lat="48.71092" lon="-3.01891"></trkpt>
      <trkpt lat="48.7115" lon="-3.01975"></trkpt>
      <trkpt lat="48.71164" lon="-3.01994"></trkpt>
      <trkpt lat="48.71184" lon="-3.02009"></trkpt>
      <trkpt lat="48.71199" lon="-3.02018"></trkpt>
      <trkpt lat="48.71247" lon="-3.02042"></trkpt>
      <trkpt lat="48.71286" lon="-3.02063"></trkpt>
      <trkpt lat="48.71301" lon="-3.02078"></trkpt>
      <trkpt lat="48.71318" lon="-3.02103"></trkpt>
      <trkpt lat="48.71333" lon="-3.02129"></trkpt>
      <trkpt lat="48.71338" lon="-3.02139"></trkpt>
      <trkpt lat="48.71345" lon="-3.02156"></trkpt>
      <trkpt lat="48.71347" lon="-3.02175"></trkpt>
      <trkpt lat="48.71346" lon="-3.02208"></trkpt>
      <trkpt lat="48.71349" lon="-3.02209"></trkpt>
      <trkpt lat="48.71353" lon="-3.0221"></trkpt>
      <trkpt lat="48.71356" lon="-3.02213"></trkpt>
      <trkpt lat="48.71359" lon="-3.02216"></trkpt>
      <trkpt lat="48.71361" lon="-3.0222"></trkpt>
      <trkpt lat="48.71363" lon="-3.02225"></trkpt>
      <trkpt lat="48.71364" lon="-3.0223"></trkpt>
      <trkpt lat="48.71365" lon="-3.02235"></trkpt>
      <trkpt lat="48.71365" lon="-3.0224"></trkpt>
      <trkpt lat="48.71364" lon="-3.02245"></trkpt>
      <trkpt lat="48.71363" lon="-3.0225"></trkpt>
      <trkpt lat="48.71361" lon="-3.02255"></trkpt>
      <trkpt lat="48.71359" lon="-3.02259"></trkpt>
      <trkpt lat="48.71356" lon="-3.02262"></trkpt>
      <trkpt lat="48.71353" lon="-3.02265"></trkpt>
      <trkpt lat="48.7135" lon="-3.02267"></trkpt>
      <trkpt lat="48.71347" lon="-3.02268"></trkpt>
      <trkpt lat="48.71343" lon="-3.02268"></trkpt>
      <trkpt lat="48.7134" lon="-3.02268"></trkpt>
      <trkpt lat="48.71338" lon="-3.02318"></trkpt>
      <trkpt lat="48.71336" lon="-3.0236"></trkpt>
      <trkpt lat="48.71335" lon="-3.02378"></trkpt>
      <trkpt lat="48.71334" lon="-3.02445"></trkpt>
      <trkpt lat="48.71337" lon="-3.02445"></trkpt>
      <trkpt lat="48.71338" lon="-3.02446"></trkpt>
      <trkpt lat="48.7134" lon="-3.02447"></trkpt>
      <trkpt lat="48.71344" lon="-3.0245"></trkpt>
      <trkpt lat="48.71346" lon="-3.02453"></trkpt>
      <trkpt lat="48.71348" lon="-3.02457"></trkpt>
      <trkpt lat="48.7135" lon="-3.02461"></trkpt>
      <trkpt lat="48.71351" lon="-3.02466"></trkpt>
      <trkpt lat="48.71352" lon="-3.02471"></trkpt>
      <trkpt lat="48.71352" lon="-3.02476"></trkpt>
      <trkpt lat="48.71361" lon="-3.02486"></trkpt>
      <trkpt lat="48.7137" lon="-3.02489"></trkpt>
      <trkpt lat="48.71376" lon="-3.02487"></trkpt>
      <trkpt lat="48.71383" lon="-3.02479"></trkpt>
      <trkpt lat="48.7139" lon="-3.02465"></trkpt>
      <trkpt lat="48.71392" lon="-3.02461"></trkpt>
      <trkpt lat="48.71409" lon="-3.02442"></trkpt>
      <trkpt lat="48.71437" lon="-3.02419"></trkpt>
      <trkpt lat="48.71462" lon="-3.02407"></trkpt>
      <trkpt lat="48.71503" lon="-3.02403"></trkpt>
      <trkpt lat="48.71558" lon="-3.02402"></trkpt>
      <trkpt lat="48.71609" lon="-3.02397"></trkpt>
      <trkpt lat="48.71622" lon="-3.02399"></trkpt>
      <trkpt lat="48.7163" lon="-3.02406"></trkpt>
      <trkpt lat="48.71633" lon="-3.02415"></trkpt>
      <trkpt lat="48.71634" lon="-3.02429"></trkpt>
      <trkpt lat="48.71622" lon="-3.02481"></trkpt>
      <trkpt lat="48.71582" lon="-3.02584"></trkpt>
      <trkpt lat="48.71564" lon="-3.02643"></trkpt>
      <trkpt lat="48.71553" lon="-3.02705"></trkpt>
      <trkpt lat="48.7155" lon="-3.02743"></trkpt>
      <trkpt lat="48.71547" lon="-3.02784"></trkpt>
      <trkpt lat="48.71539" lon="-3.02841"></trkpt>
      <trkpt lat="48.71527" lon="-3.02928"></trkpt>
      <trkpt lat="48.71509" lon="-3.03028"></trkpt>
      <trkpt lat="48.71497" lon="-3.0312"></trkpt>
      <trkpt lat="48.71497" lon="-3.03146"></trkpt>
      <trkpt lat="48.71504" lon="-3.03192"></trkpt>
      <trkpt lat="48.7151" lon="-3.03223"></trkpt>
      <trkpt lat="48.71552" lon="-3.03467"></trkpt>
      <trkpt lat="48.71573" lon="-3.036"></trkpt>
      <trkpt lat="48.71644" lon="-3.04009"></trkpt>
      <trkpt lat="48.71653" lon="-3.04069"></trkpt>
      <trkpt lat="48.71658" lon="-3.04098"></trkpt>
      <trkpt lat="48.71664" lon="-3.04195"></trkpt>
      <trkpt lat="48.71665" lon="-3.04217"></trkpt>
      <trkpt lat="48.71662" lon="-3.04323"></trkpt>
      <trkpt lat="48.71661" lon="-3.04365"></trkpt>
      <trkpt lat="48.71657" lon="-3.04398"></trkpt>
      <trkpt lat="48.71639" lon="-3.04471"></trkpt>
      <trkpt lat="48.71613" lon="-3.04556"></trkpt>
      <trkpt lat="48.71608" lon="-3.04572"></trkpt>
      <trkpt lat="48.71604" lon="-3.04585"></trkpt>
      <trkpt lat="48.71588" lon="-3.04641"></trkpt>
      <trkpt lat="48.71586" lon="-3.04662"></trkpt>
      <trkpt lat="48.71586" lon="-3.04669"></trkpt>
      <trkpt lat="48.71589" lon="-3.04694"></trkpt>
      <trkpt lat="48.71606" lon="-3.04793"></trkpt>
      <trkpt lat="48.71611" lon="-3.04828"></trkpt>
      <trkpt lat="48.71625" lon="-3.04913"></trkpt>
      <trkpt lat="48.71629" lon="-3.04956"></trkpt>
      <trkpt lat="48.71629" lon="-3.04975"></trkpt>
      <trkpt lat="48.71627" lon="-3.04997"></trkpt>
      <trkpt lat="48.71622" lon="-3.0502"></trkpt>
      <trkpt lat="48.71619" lon="-3.05029"></trkpt>
      <trkpt lat="48.71615" lon="-3.05037"></trkpt>
      <trkpt lat="48.71586" lon="-3.05085"></trkpt>
      <trkpt lat="48.71525" lon="-3.05182"></trkpt>
      <trkpt lat="48.71516" lon="-3.05202"></trkpt>
      <trkpt lat="48.71517" lon="-3.05212"></trkpt>
      <trkpt lat="48.71521" lon="-3.05217"></trkpt>
      <trkpt lat="48.71525" lon="-3.05221"></trkpt>
      <trkpt lat="48.71536" lon="-3.05224"></trkpt>
      <trkpt lat="48.71563" lon="-3.05229"></trkpt>
      <trkpt lat="48.7158" lon="-3.05235"></trkpt>
      <trkpt lat="48.716" lon="-3.05247"></trkpt>
      <trkpt lat="48.71631" lon="-3.0528"></trkpt>
      <trkpt lat="48.71649" lon="-3.05301"></trkpt>
      <trkpt lat="48.71662" lon="-3.05317"></trkpt>
      <trkpt lat="48.71693" lon="-3.05353"></trkpt>
      <trkpt lat="48.71708" lon="-3.05374"></trkpt>
      <trkpt lat="48.71746" lon="-3.05419"></trkpt>
      <trkpt lat="48.71746" lon="-3.0542"></trkpt>
      <trkpt lat="48.71787" lon="-3.05469"></trkpt>
      <trkpt lat="48.71807" lon="-3.05489"></trkpt>
      <trkpt lat="48.71819" lon="-3.05498"></trkpt>
      <trkpt lat="48.71842" lon="-3.0551"></trkpt>
      <trkpt lat="48.71861" lon="-3.05515"></trkpt>
      <trkpt lat="48.71979" lon="-3.05513"></trkpt>
      <trkpt lat="48.72044" lon="-3.05513"></trkpt>
      <trkpt lat="48.72061" lon="-3.05517"></trkpt>
      <trkpt lat="48.72094" lon="-3.05536"></trkpt>
      <trkpt lat="48.72097" lon="-3.05538"></trkpt>
      <trkpt lat="48.72163" lon="-3.05591"></trkpt>
      <trkpt lat="48.72231" lon="-3.05647"></trkpt>
      <trkpt lat="48.723" lon="-3.05701"></trkpt>
      <trkpt lat="48.72315" lon="-3.0571"></trkpt>
      <trkpt lat="48.72344" lon="-3.05737"></trkpt>
      <trkpt lat="48.72387" lon="-3.05767"></trkpt>
      <trkpt lat="48.72466" lon="-3.05826"></trkpt>
      <trkpt lat="48.7253" lon="-3.05863"></trkpt>
      <trkpt lat="48.7259" lon="-3.05904"></trkpt>
      <trkpt lat="48.72618" lon="-3.05928"></trkpt>
      <trkpt lat="48.7264" lon="-3.05949"></trkpt>
      <trkpt lat="48.72716" lon="-3.06038"></trkpt>
      <trkpt lat="48.72752" lon="-3.06079"></trkpt>
      <trkpt lat="48.72789" lon="-3.06117"></trkpt>
      <trkpt lat="48.72811" lon="-3.06136"></trkpt>
      <trkpt lat="48.72842" lon="-3.06158"></trkpt>
      <trkpt lat="48.72864" lon="-3.06175"></trkpt>
      <trkpt lat="48.72879" lon="-3.0619"></trkpt>
      <trkpt lat="48.72895" lon="-3.06211"></trkpt>
      <trkpt lat="48.72916" lon="-3.06239"></trkpt>
      <trkpt lat="48.72968" lon="-3.0633"></trkpt>
      <trkpt lat="48.72984" lon="-3.06355"></trkpt>
      <trkpt lat="48.73" lon="-3.06374"></trkpt>
      <trkpt lat="48.7301" lon="-3.06385"></trkpt>
      <trkpt lat="48.73026" lon="-3.064"></trkpt>
      <trkpt lat="48.73059" lon="-3.06421"></trkpt>
      <trkpt lat="48.73089" lon="-3.06435"></trkpt>
      <trkpt lat="48.73136" lon="-3.06454"></trkpt>
      <trkpt lat="48.73175" lon="-3.06467"></trkpt>
      <trkpt lat="48.73215" lon="-3.06472"></trkpt>
      <trkpt lat="48.73233" lon="-3.06471"></trkpt>
      <trkpt lat="48.73284" lon="-3.06458"></trkpt>
      <trkpt lat="48.73339" lon="-3.06441"></trkpt>
      <trkpt lat="48.7337" lon="-3.06434"></trkpt>
      <trkpt lat="48.73398" lon="-3.06434"></trkpt>
      <trkpt lat="48.73438" lon="-3.06439"></trkpt>
      <trkpt lat="48.73457" lon="-3.06443"></trkpt>
      <trkpt lat="48.73535" lon="-3.06484"></trkpt>
      <trkpt lat="48.73535" lon="-3.06484"></trkpt>
      <trkpt lat="48.73685" lon="-3.06575"></trkpt>
      <trkpt lat="48.73711" lon="-3.06591"></trkpt>
      <trkpt lat="48.73832" lon="-3.06689"></trkpt>
      <trkpt lat="48.73859" lon="-3.06721"></trkpt>
      <trkpt lat="48.73888" lon="-3.06749"></trkpt>
      <trkpt lat="48.73918" lon="-3.06773"></trkpt>
      <trkpt lat="48.73934" lon="-3.06781"></trkpt>
      <trkpt lat="48.73944" lon="-3.06783"></trkpt>
      <trkpt lat="48.73982" lon="-3.06786"></trkpt>
      <trkpt lat="48.74042" lon="-3.06785"></trkpt>
      <trkpt lat="48.74065" lon="-3.06784"></trkpt>
      <trkpt lat="48.74113" lon="-3.06789"></trkpt>
      <trkpt lat="48.74151" lon="-3.06796"></trkpt>
      <trkpt lat="48.74184" lon="-3.06804"></trkpt>
      <trkpt lat="48.74206" lon="-3.0681"></trkpt>
      <trkpt lat="48.74233" lon="-3.06823"></trkpt>
      <trkpt lat="48.74273" lon="-3.06848"></trkpt>
      <trkpt lat="48.74316" lon="-3.06878"></trkpt>
      <trkpt lat="48.74421" lon="-3.0695"></trkpt>
      <trkpt lat="48.74437" lon="-3.0697"></trkpt>
      <trkpt lat="48.74459" lon="-3.07004"></trkpt>
      <trkpt lat="48.74466" lon="-3.06999"></trkpt>
      <trkpt lat="48.74496" lon="-3.06983"></trkpt>
      <trkpt lat="48.74559" lon="-3.06957"></trkpt>
      <trkpt lat="48.74566" lon="-3.06955"></trkpt>
      <trkpt lat="48.7457" lon="-3.06957"></trkpt>
      <trkpt lat="48.74575" lon="-3.06959"></trkpt>
      <trkpt lat="48.74586" lon="-3.06981"></trkpt>
      <trkpt lat="48.74594" lon="-3.06991"></trkpt>
      <trkpt lat="48.74603" lon="-3.06975"></trkpt>
      <trkpt lat="48.74611" lon="-3.06961"></trkpt>
      <trkpt lat="48.74645" lon="-3.06907"></trkpt>
      <trkpt lat="48.74657" lon="-3.06891"></trkpt>
      <trkpt lat="48.74665" lon="-3.06882"></trkpt>
      <trkpt lat="48.74669" lon="-3.06877"></trkpt>
      <trkpt lat="48.74691" lon="-3.06859"></trkpt>
      <trkpt lat="48.74727" lon="-3.06822"></trkpt>
      <trkpt lat="48.7478" lon="-3.0678"></trkpt>
      <trkpt lat="48.74796" lon="-3.06769"></trkpt>
      <trkpt lat="48.74823" lon="-3.06745"></trkpt>
      <trkpt lat="48.74836" lon="-3.06734"></trkpt>
      <trkpt lat="48.74872" lon="-3.06696"></trkpt>
      <trkpt lat="48.74886" lon="-3.06679"></trkpt>
      <trkpt lat="48.74942" lon="-3.06623"></trkpt>
      <trkpt lat="48.74958" lon="-3.06612"></trkpt>
      <trkpt lat="48.75019" lon="-3.0659"></trkpt>
      <trkpt lat="48.75061" lon="-3.06574"></trkpt>
      <trkpt lat="48.75092" lon="-3.06568"></trkpt>
      <trkpt lat="48.75266" lon="-3.06565"></trkpt>
      <trkpt lat="48.75302" lon="-3.06557"></trkpt>
      <trkpt lat="48.75347" lon="-3.06539"></trkpt>
      <trkpt lat="48.75383" lon="-3.06514"></trkpt>
      <trkpt lat="48.75399" lon="-3.06503"></trkpt>
      <trkpt lat="48.75449" lon="-3.06468"></trkpt>
      <trkpt lat="48.75477" lon="-3.0645"></trkpt>
      <trkpt lat="48.75494" lon="-3.06438"></trkpt>
      <trkpt lat="48.75497" lon="-3.06436"></trkpt>
      <trkpt lat="48.75502" lon="-3.06433"></trkpt>
      <trkpt lat="48.75517" lon="-3.06425"></trkpt>
      <trkpt lat="48.75538" lon="-3.0642"></trkpt>
      <trkpt lat="48.75543" lon="-3.06419"></trkpt>
      <trkpt lat="48.75544" lon="-3.06418"></trkpt>
      <trkpt lat="48.75604" lon="-3.06412"></trkpt>
      <trkpt lat="48.75621" lon="-3.06411"></trkpt>
      <trkpt lat="48.75638" lon="-3.06408"></trkpt>
      <trkpt lat="48.75654" lon="-3.06401"></trkpt>
      <trkpt lat="48.75669" lon="-3.06391"></trkpt>
      <trkpt lat="48.75686" lon="-3.06377"></trkpt>
      <trkpt lat="48.75705" lon="-3.06359"></trkpt>
      <trkpt lat="48.75732" lon="-3.0632"></trkpt>
      <trkpt lat="48.75741" lon="-3.06308"></trkpt>
      <trkpt lat="48.75753" lon="-3.06287"></trkpt>
      <trkpt lat="48.75818" lon="-3.06163"></trkpt>
      <trkpt lat="48.75878" lon="-3.06073"></trkpt>
      <trkpt lat="48.75898" lon="-3.0604"></trkpt>
      <trkpt lat="48.75921" lon="-3.05996"></trkpt>
      <trkpt lat="48.75966" lon="-3.05886"></trkpt>
      <trkpt lat="48.75988" lon="-3.0584"></trkpt>
      <trkpt lat="48.76004" lon="-3.05811"></trkpt>
      <trkpt lat="48.76034" lon="-3.05759"></trkpt>
      <trkpt lat="48.76062" lon="-3.05717"></trkpt>
      <trkpt lat="48.76084" lon="-3.05687"></trkpt>
      <trkpt lat="48.76142" lon="-3.05625"></trkpt>
      <trkpt lat="48.76152" lon="-3.05615"></trkpt>
      <trkpt lat="48.76187" lon="-3.05574"></trkpt>
      <trkpt lat="48.76203" lon="-3.05559"></trkpt>
      <trkpt lat="48.76224" lon="-3.05543"></trkpt>
      <trkpt lat="48.76316" lon="-3.05481"></trkpt>
      <trkpt lat="48.76332" lon="-3.0547"></trkpt>
      <trkpt lat="48.76364" lon="-3.05451"></trkpt>
      <trkpt lat="48.76382" lon="-3.05443"></trkpt>
      <trkpt lat="48.76388" lon="-3.05441"></trkpt>
      <trkpt lat="48.76399" lon="-3.05441"></trkpt>
      <trkpt lat="48.76409" lon="-3.05443"></trkpt>
      <trkpt lat="48.76427" lon="-3.05451"></trkpt>
      <trkpt lat="48.76438" lon="-3.05459"></trkpt>
      <trkpt lat="48.76452" lon="-3.05472"></trkpt>
      <trkpt lat="48.7646" lon="-3.05485"></trkpt>
      <trkpt lat="48.76476" lon="-3.05523"></trkpt>
      <trkpt lat="48.7652" lon="-3.05636"></trkpt>
      <trkpt lat="48.76554" lon="-3.05715"></trkpt>
      <trkpt lat="48.76562" lon="-3.05727"></trkpt>
      <trkpt lat="48.76597" lon="-3.05758"></trkpt>
      <trkpt lat="48.76599" lon="-3.0575"></trkpt>
      <trkpt lat="48.76602" lon="-3.05743"></trkpt>
      <trkpt lat="48.76609" lon="-3.05734"></trkpt>
      <trkpt lat="48.76612" lon="-3.05731"></trkpt>
      <trkpt lat="48.76617" lon="-3.05729"></trkpt>
      <trkpt lat="48.76623" lon="-3.05727"></trkpt>
      <trkpt lat="48.7663" lon="-3.05727"></trkpt>
      <trkpt lat="48.76638" lon="-3.05731"></trkpt>
      <trkpt lat="48.76643" lon="-3.05733"></trkpt>
      <trkpt lat="48.76647" lon="-3.05738"></trkpt>
      <trkpt lat="48.7665" lon="-3.05743"></trkpt>
      <trkpt lat="48.76668" lon="-3.05745"></trkpt>
      <trkpt lat="48.76696" lon="-3.05743"></trkpt>
      <trkpt lat="48.7671" lon="-3.05734"></trkpt>
      <trkpt lat="48.76713" lon="-3.05731"></trkpt>
      <trkpt lat="48.76729" lon="-3.05714"></trkpt>
      <trkpt lat="48.76753" lon="-3.05691"></trkpt>
      <trkpt lat="48.7676" lon="-3.05689"></trkpt>
      <trkpt lat="48.76773" lon="-3.05678"></trkpt>
      <trkpt lat="48.76799" lon="-3.05654"></trkpt>
      <trkpt lat="48.76838" lon="-3.05617"></trkpt>
      <trkpt lat="48.76845" lon="-3.05611"></trkpt>
      <trkpt lat="48.76851" lon="-3.05606"></trkpt>
      <trkpt lat="48.76859" lon="-3.05598"></trkpt>
      <trkpt lat="48.7687" lon="-3.05588"></trkpt>
      <trkpt lat="48.76884" lon="-3.05573"></trkpt>
      <trkpt lat="48.76897" lon="-3.05558"></trkpt>
      <trkpt lat="48.76909" lon="-3.05546"></trkpt>
      <trkpt lat="48.76931" lon="-3.05522"></trkpt>
      <trkpt lat="48.76956" lon="-3.05499"></trkpt>
      <trkpt lat="48.77015" lon="-3.05437"></trkpt>
      <trkpt lat="48.77021" lon="-3.05431"></trkpt>
      <trkpt lat="48.77032" lon="-3.0542"></trkpt>
      <trkpt lat="48.77061" lon="-3.05391"></trkpt>
      <trkpt lat="48.77075" lon="-3.0538"></trkpt>
      <trkpt lat="48.77086" lon="-3.05374"></trkpt>
      <trkpt lat="48.77118" lon="-3.05358"></trkpt>
      <trkpt lat="48.77142" lon="-3.05341"></trkpt>
      <trkpt lat="48.77149" lon="-3.05335"></trkpt>
      <trkpt lat="48.77166" lon="-3.05321"></trkpt>
      <trkpt lat="48.77186" lon="-3.05302"></trkpt>
      <trkpt lat="48.77214" lon="-3.05274"></trkpt>
      <trkpt lat="48.77229" lon="-3.05257"></trkpt>
      <trkpt lat="48.77254" lon="-3.0523"></trkpt>
      <trkpt lat="48.77277" lon="-3.05207"></trkpt>
      <trkpt lat="48.77305" lon="-3.0518"></trkpt>
      <trkpt lat="48.77322" lon="-3.05161"></trkpt>
      <trkpt lat="48.77346" lon="-3.05136"></trkpt>
      <trkpt lat="48.77375" lon="-3.05106"></trkpt>
      <trkpt lat="48.77444" lon="-3.05036"></trkpt>
      <trkpt lat="48.77453" lon="-3.05024"></trkpt>
      <trkpt lat="48.77458" lon="-3.05012"></trkpt>
      <trkpt lat="48.77515" lon="-3.04883"></trkpt>
      <trkpt lat="48.77513" lon="-3.04881"></trkpt>
      <trkpt lat="48.77513" lon="-3.04879"></trkpt>
      <trkpt lat="48.77511" lon="-3.04876"></trkpt>
      <trkpt lat="48.7751" lon="-3.04872"></trkpt>
      <trkpt lat="48.7751" lon="-3.04866"></trkpt>
      <trkpt lat="48.77511" lon="-3.04863"></trkpt>
      <trkpt lat="48.77512" lon="-3.04859"></trkpt>
      <trkpt lat="48.77513" lon="-3.04856"></trkpt>
      <trkpt lat="48.77515" lon="-3.04855"></trkpt>
      <trkpt lat="48.77516" lon="-3.04853"></trkpt>
      <trkpt lat="48.77521" lon="-3.04852"></trkpt>
      <trkpt lat="48.77523" lon="-3.04852"></trkpt>
      <trkpt lat="48.77525" lon="-3.04853"></trkpt>
      <trkpt lat="48.77527" lon="-3.04854"></trkpt>
      <trkpt lat="48.77528" lon="-3.04855"></trkpt>
      <trkpt lat="48.77529" lon="-3.04857"></trkpt>
      <trkpt lat="48.7753" lon="-3.04858"></trkpt>
      <trkpt lat="48.7753" lon="-3.04859"></trkpt>
      <trkpt lat="48.77531" lon="-3.0486"></trkpt>
      <trkpt lat="48.77531" lon="-3.04863"></trkpt>
      <trkpt lat="48.77531" lon="-3.04867"></trkpt>
      <trkpt lat="48.77531" lon="-3.0487"></trkpt>
      <trkpt lat="48.77531" lon="-3.04872"></trkpt>
      <trkpt lat="48.77531" lon="-3.04873"></trkpt>
      <trkpt lat="48.7753" lon="-3.04875"></trkpt>
      <trkpt lat="48.77558" lon="-3.04903"></trkpt>
      <trkpt lat="48.77579" lon="-3.04923"></trkpt>
      <trkpt lat="48.77589" lon="-3.0493"></trkpt>
      <trkpt lat="48.77596" lon="-3.04932"></trkpt>
      <trkpt lat="48.77597" lon="-3.0493"></trkpt>
      <trkpt lat="48.77598" lon="-3.04929"></trkpt>
      <trkpt lat="48.776" lon="-3.04928"></trkpt>
      <trkpt lat="48.77602" lon="-3.04928"></trkpt>
      <trkpt lat="48.77604" lon="-3.04929"></trkpt>
      <trkpt lat="48.77606" lon="-3.0493"></trkpt>
      <trkpt lat="48.77608" lon="-3.04933"></trkpt>
      <trkpt lat="48.77609" lon="-3.04935"></trkpt>
      <trkpt lat="48.77609" lon="-3.04938"></trkpt>
      <trkpt lat="48.77608" lon="-3.04941"></trkpt>
      <trkpt lat="48.77617" lon="-3.0495"></trkpt>
      <trkpt lat="48.77625" lon="-3.04954"></trkpt>
      <trkpt lat="48.7763" lon="-3.04955"></trkpt>
      <trkpt lat="48.77638" lon="-3.04954"></trkpt>
      <trkpt lat="48.77691" lon="-3.04952"></trkpt>
      <trkpt lat="48.77762" lon="-3.04941"></trkpt>
      <trkpt lat="48.77767" lon="-3.0494"></trkpt>
      <trkpt lat="48.77796" lon="-3.04937"></trkpt>
      <trkpt lat="48.77808" lon="-3.04936"></trkpt>
      <trkpt lat="48.77815" lon="-3.04931"></trkpt>
      <trkpt lat="48.77827" lon="-3.0493"></trkpt>
      <trkpt lat="48.77838" lon="-3.04929"></trkpt>
      <trkpt lat="48.77859" lon="-3.04928"></trkpt>
      <trkpt lat="48.77864" lon="-3.04928"></trkpt>
      <trkpt lat="48.77873" lon="-3.04931"></trkpt>
      <trkpt lat="48.77893" lon="-3.04932"></trkpt>
      <trkpt lat="48.77899" lon="-3.04934"></trkpt>
      <trkpt lat="48.77901" lon="-3.04935"></trkpt>
      <trkpt lat="48.77902" lon="-3.04936"></trkpt>
      <trkpt lat="48.77903" lon="-3.04937"></trkpt>
      <trkpt lat="48.77904" lon="-3.04939"></trkpt>
      <trkpt lat="48.77905" lon="-3.04936"></trkpt>
      <trkpt lat="48.77905" lon="-3.04934"></trkpt>
      <trkpt lat="48.77906" lon="-3.04933"></trkpt>
      <trkpt lat="48.77907" lon="-3.04932"></trkpt>
      <trkpt lat="48.77908" lon="-3.04931"></trkpt>
      <trkpt lat="48.77911" lon="-3.04931"></trkpt>
      <trkpt lat="48.77913" lon="-3.04932"></trkpt>
      <trkpt lat="48.77914" lon="-3.04933"></trkpt>
      <trkpt lat="48.77917" lon="-3.04931"></trkpt>
      <trkpt lat="48.77921" lon="-3.0493"></trkpt>
      <trkpt lat="48.77925" lon="-3.04929"></trkpt>
      <trkpt lat="48.7793" lon="-3.04929"></trkpt>
      <trkpt lat="48.77935" lon="-3.04928"></trkpt>
      <trkpt lat="48.77965" lon="-3.0493"></trkpt>
      <trkpt lat="48.77997" lon="-3.04934"></trkpt>
      <trkpt lat="48.78069" lon="-3.04941"></trkpt>
      <trkpt lat="48.78084" lon="-3.04941"></trkpt>
      <trkpt lat="48.78118" lon="-3.0494"></trkpt>
      <trkpt lat="48.7813" lon="-3.04938"></trkpt>
      <trkpt lat="48.78154" lon="-3.04931"></trkpt>
      <trkpt lat="48.78185" lon="-3.04915"></trkpt>
      <trkpt lat="48.78206" lon="-3.04901"></trkpt>
      <trkpt lat="48.78225" lon="-3.04885"></trkpt>
      <trkpt lat="48.7825" lon="-3.04862"></trkpt>
      <trkpt lat="48.78257" lon="-3.04855"></trkpt>
      <trkpt lat="48.7827" lon="-3.04834"></trkpt>
      <trkpt lat="48.78264" lon="-3.04825"></trkpt>
      <trkpt lat="48.78263" lon="-3.04819"></trkpt>
      <trkpt lat="48.78262" lon="-3.04812"></trkpt>
      <trkpt lat="48.78262" lon="-3.04801"></trkpt>
      <trkpt lat="48.78264" lon="-3.04791"></trkpt>
      <trkpt lat="48.78267" lon="-3.04786"></trkpt>
      <trkpt lat="48.78272" lon="-3.04782"></trkpt>
      <trkpt lat="48.78277" lon="-3.0478"></trkpt>
      <trkpt lat="48.78283" lon="-3.04779"></trkpt>
      <trkpt lat="48.78291" lon="-3.04782"></trkpt>
      <trkpt lat="48.78301" lon="-3.04791"></trkpt>
      <trkpt lat="48.78304" lon="-3.04798"></trkpt>
      <trkpt lat="48.78305" lon="-3.04806"></trkpt>
      <trkpt lat="48.78329" lon="-3.04833"></trkpt>
      <trkpt lat="48.78384" lon="-3.04852"></trkpt>
      <trkpt lat="48.78394" lon="-3.04855"></trkpt>
      <trkpt lat="48.78444" lon="-3.04867"></trkpt>
      <trkpt lat="48.78506" lon="-3.04875"></trkpt>
      <trkpt lat="48.78586" lon="-3.04888"></trkpt>
      <trkpt lat="48.78596" lon="-3.04888"></trkpt>
      <trkpt lat="48.78602" lon="-3.04881"></trkpt>
      <trkpt lat="48.78623" lon="-3.0488"></trkpt>
      <trkpt lat="48.7863" lon="-3.0488"></trkpt>
      <trkpt lat="48.78668" lon="-3.04878"></trkpt>
      <trkpt lat="48.78683" lon="-3.04878"></trkpt>
      <trkpt lat="48.78692" lon="-3.04878"></trkpt>
      <trkpt lat="48.78711" lon="-3.04878"></trkpt>
      <trkpt lat="48.78735" lon="-3.04882"></trkpt>
      <trkpt lat="48.78772" lon="-3.04888"></trkpt>
      <trkpt lat="48.78807" lon="-3.04896"></trkpt>
      <trkpt lat="48.78849" lon="-3.04908"></trkpt>
      <trkpt lat="48.78878" lon="-3.04914"></trkpt>
      <trkpt lat="48.78906" lon="-3.04925"></trkpt>
      <trkpt lat="48.78914" lon="-3.04926"></trkpt>
      <trkpt lat="48.7892" lon="-3.04927"></trkpt>
      <trkpt lat="48.78943" lon="-3.04923"></trkpt>
      <trkpt lat="48.78976" lon="-3.04915"></trkpt>
      <trkpt lat="48.78984" lon="-3.04911"></trkpt>
      <trkpt lat="48.79001" lon="-3.04892"></trkpt>
      <trkpt lat="48.79003" lon="-3.04887"></trkpt>
      <trkpt lat="48.79004" lon="-3.04884"></trkpt>
      <trkpt lat="48.79006" lon="-3.04881"></trkpt>
      <trkpt lat="48.79009" lon="-3.04879"></trkpt>
      <trkpt lat="48.79011" lon="-3.04879"></trkpt>
      <trkpt lat="48.79013" lon="-3.04878"></trkpt>
      <trkpt lat="48.79015" lon="-3.04879"></trkpt>
      <trkpt lat="48.79018" lon="-3.04881"></trkpt>
      <trkpt lat="48.79027" lon="-3.04878"></trkpt>
      <trkpt lat="48.79036" lon="-3.04869"></trkpt>
      <trkpt lat="48.79042" lon="-3.04862"></trkpt>
      <trkpt lat="48.79056" lon="-3.04842"></trkpt>
      <trkpt lat="48.79078" lon="-3.04805"></trkpt>
      <trkpt lat="48.79079" lon="-3.04802"></trkpt>
      <trkpt lat="48.79084" lon="-3.04793"></trkpt>
      <trkpt lat="48.79099" lon="-3.04757"></trkpt>
      <trkpt lat="48.79102" lon="-3.04746"></trkpt>
      <trkpt lat="48.79105" lon="-3.04739"></trkpt>
      <trkpt lat="48.79119" lon="-3.04693"></trkpt>
      <trkpt lat="48.79122" lon="-3.04679"></trkpt>
      <trkpt lat="48.79132" lon="-3.04642"></trkpt>
      <trkpt lat="48.79136" lon="-3.04631"></trkpt>
      <trkpt lat="48.79147" lon="-3.04591"></trkpt>
      <trkpt lat="48.79192" lon="-3.04422"></trkpt>
      <trkpt lat="48.79223" lon="-3.04309"></trkpt>
      <trkpt lat="48.79237" lon="-3.04257"></trkpt>
      <trkpt lat="48.79239" lon="-3.04249"></trkpt>
      <trkpt lat="48.79257" lon="-3.04162"></trkpt>
      <trkpt lat="48.79264" lon="-3.04116"></trkpt>
      <trkpt lat="48.79265" lon="-3.04089"></trkpt>
      <trkpt lat="48.79265" lon="-3.04064"></trkpt>
      <trkpt lat="48.79264" lon="-3.04009"></trkpt>
      <trkpt lat="48.79259" lon="-3.03969"></trkpt>
      <trkpt lat="48.79251" lon="-3.03918"></trkpt>
      <trkpt lat="48.79244" lon="-3.03856"></trkpt>
      <trkpt lat="48.79242" lon="-3.03832"></trkpt>
      <trkpt lat="48.79242" lon="-3.03798"></trkpt>
      <trkpt lat="48.79237" lon="-3.03707"></trkpt>
      <trkpt lat="48.79237" lon="-3.03683"></trkpt>
      <trkpt lat="48.79238" lon="-3.03664"></trkpt>
      <trkpt lat="48.79243" lon="-3.0364"></trkpt>
      <trkpt lat="48.79254" lon="-3.0361"></trkpt>
      <trkpt lat="48.79262" lon="-3.03594"></trkpt>
      <trkpt lat="48.79269" lon="-3.03581"></trkpt>
      <trkpt lat="48.79283" lon="-3.03563"></trkpt>
      <trkpt lat="48.79291" lon="-3.03556"></trkpt>
      <trkpt lat="48.79332" lon="-3.03532"></trkpt>
      <trkpt lat="48.79338" lon="-3.03529"></trkpt>
      <trkpt lat="48.79368" lon="-3.03518"></trkpt>
      <trkpt lat="48.79386" lon="-3.03512"></trkpt>
      <trkpt lat="48.79399" lon="-3.03509"></trkpt>
      <trkpt lat="48.79409" lon="-3.03509"></trkpt>
      <trkpt lat="48.79444" lon="-3.03508"></trkpt>
      <trkpt lat="48.79468" lon="-3.03507"></trkpt>
      <trkpt lat="48.79493" lon="-3.03508"></trkpt>
      <trkpt lat="48.79525" lon="-3.0351"></trkpt>
      <trkpt lat="48.79553" lon="-3.03506"></trkpt>
      <trkpt lat="48.79567" lon="-3.03502"></trkpt>
      <trkpt lat="48.7961" lon="-3.03484"></trkpt>
      <trkpt lat="48.79644" lon="-3.0347"></trkpt>
      <trkpt lat="48.7967" lon="-3.03459"></trkpt>
      <trkpt lat="48.79692" lon="-3.03447"></trkpt>
      <trkpt lat="48.79732" lon="-3.0342"></trkpt>
      <trkpt lat="48.79738" lon="-3.03414"></trkpt>
      <trkpt lat="48.79746" lon="-3.03411"></trkpt>
      <trkpt lat="48.79753" lon="-3.03405"></trkpt>
      <trkpt lat="48.79792" lon="-3.03381"></trkpt>
      <trkpt lat="48.79816" lon="-3.03369"></trkpt>
      <trkpt lat="48.79864" lon="-3.03355"></trkpt>
      <trkpt lat="48.7987" lon="-3.03353"></trkpt>
      <trkpt lat="48.79875" lon="-3.03346"></trkpt>
      <trkpt lat="48.7989" lon="-3.0334"></trkpt>
      <trkpt lat="48.79899" lon="-3.03336"></trkpt>
      <trkpt lat="48.79906" lon="-3.03332"></trkpt>
      <trkpt lat="48.79923" lon="-3.03324"></trkpt>
      <trkpt lat="48.79935" lon="-3.03317"></trkpt>
      <trkpt lat="48.79958" lon="-3.03298"></trkpt>
      <trkpt lat="48.79967" lon="-3.03286"></trkpt>
      <trkpt lat="48.79983" lon="-3.03262"></trkpt>
      <trkpt lat="48.7999" lon="-3.03249"></trkpt>
      <trkpt lat="48.79994" lon="-3.03241"></trkpt>
      <trkpt lat="48.8001" lon="-3.03223"></trkpt>
      <trkpt lat="48.80024" lon="-3.03207"></trkpt>
      <trkpt lat="48.80056" lon="-3.03175"></trkpt>
      <trkpt lat="48.80064" lon="-3.03167"></trkpt>
      <trkpt lat="48.80085" lon="-3.0314"></trkpt>
      <trkpt lat="48.8009" lon="-3.0313"></trkpt>
      <trkpt lat="48.80096" lon="-3.03119"></trkpt>
      <trkpt lat="48.80102" lon="-3.03111"></trkpt>
      <trkpt lat="48.80108" lon="-3.03103"></trkpt>
      <trkpt lat="48.80116" lon="-3.0309"></trkpt>
      <trkpt lat="48.80127" lon="-3.03077"></trkpt>
      <trkpt lat="48.80174" lon="-3.03017"></trkpt>
      <trkpt lat="48.80197" lon="-3.02987"></trkpt>
      <trkpt lat="48.80245" lon="-3.02928"></trkpt>
      <trkpt lat="48.80263" lon="-3.02908"></trkpt>
      <trkpt lat="48.80276" lon="-3.02893"></trkpt>
      <trkpt lat="48.80313" lon="-3.02853"></trkpt>
      <trkpt lat="48.80321" lon="-3.02845"></trkpt>
      <trkpt lat="48.80348" lon="-3.0282"></trkpt>
      <trkpt lat="48.80357" lon="-3.02811"></trkpt>
      <trkpt lat="48.80368" lon="-3.028"></trkpt>
      <trkpt lat="48.80381" lon="-3.02787"></trkpt>
      <trkpt lat="48.8041" lon="-3.02756"></trkpt>
      <trkpt lat="48.80423" lon="-3.02741"></trkpt>
      <trkpt lat="48.80448" lon="-3.02718"></trkpt>
      <trkpt lat="48.80458" lon="-3.02709"></trkpt>
      <trkpt lat="48.80467" lon="-3.02701"></trkpt>
      <trkpt lat="48.80512" lon="-3.02662"></trkpt>
      <trkpt lat="48.80532" lon="-3.02649"></trkpt>
      <trkpt lat="48.80556" lon="-3.02635"></trkpt>
      <trkpt lat="48.80588" lon="-3.02623"></trkpt>
      <trkpt lat="48.80619" lon="-3.02616"></trkpt>
      <trkpt lat="48.80643" lon="-3.02612"></trkpt>
      <trkpt lat="48.80714" lon="-3.02605"></trkpt>
      <trkpt lat="48.80745" lon="-3.02609"></trkpt>
      <trkpt lat="48.80763" lon="-3.02611"></trkpt>
      <trkpt lat="48.80773" lon="-3.0261"></trkpt>
      <trkpt lat="48.80782" lon="-3.02607"></trkpt>
      <trkpt lat="48.80799" lon="-3.02601"></trkpt>
      <trkpt lat="48.80885" lon="-3.02563"></trkpt>
      <trkpt lat="48.80946" lon="-3.0253"></trkpt>
      <trkpt lat="48.80984" lon="-3.025"></trkpt>
      <trkpt lat="48.80998" lon="-3.02485"></trkpt>
      <trkpt lat="48.81039" lon="-3.02439"></trkpt>
      <trkpt lat="48.81067" lon="-3.02407"></trkpt>
      <trkpt lat="48.81104" lon="-3.02367"></trkpt>
      <trkpt lat="48.8111" lon="-3.02359"></trkpt>
      <trkpt lat="48.8113" lon="-3.0234"></trkpt>
      <trkpt lat="48.81157" lon="-3.02311"></trkpt>
      <trkpt lat="48.8117" lon="-3.02294"></trkpt>
      <trkpt lat="48.81193" lon="-3.02268"></trkpt>
      <trkpt lat="48.81235" lon="-3.02221"></trkpt>
      <trkpt lat="48.8124" lon="-3.02215"></trkpt>
      <trkpt lat="48.8127" lon="-3.02172"></trkpt>
      <trkpt lat="48.81313" lon="-3.02139"></trkpt>
      <trkpt lat="48.81353" lon="-3.02109"></trkpt>
      <trkpt lat="48.81439" lon="-3.02046"></trkpt>
      <trkpt lat="48.81521" lon="-3.01986"></trkpt>
      <trkpt lat="48.81592" lon="-3.01938"></trkpt>
      <trkpt lat="48.81625" lon="-3.01917"></trkpt>
      <trkpt lat="48.81646" lon="-3.01905"></trkpt>
      <trkpt lat="48.81663" lon="-3.01899"></trkpt>
      <trkpt lat="48.81687" lon="-3.01896"></trkpt>
      <trkpt lat="48.81713" lon="-3.01899"></trkpt>
      <trkpt lat="48.81717" lon="-3.01899"></trkpt>
      <trkpt lat="48.81739" lon="-3.01906"></trkpt>
      <trkpt lat="48.81809" lon="-3.0193"></trkpt>
      <trkpt lat="48.8182" lon="-3.01933"></trkpt>
      <trkpt lat="48.81832" lon="-3.01931"></trkpt>
      <trkpt lat="48.81845" lon="-3.01926"></trkpt>
      <trkpt lat="48.81853" lon="-3.01922"></trkpt>
      <trkpt lat="48.81868" lon="-3.01914"></trkpt>
      <trkpt lat="48.81881" lon="-3.01907"></trkpt>
      <trkpt lat="48.819" lon="-3.01899"></trkpt>
      <trkpt lat="48.81907" lon="-3.01898"></trkpt>
      <trkpt lat="48.81915" lon="-3.01901"></trkpt>
      <trkpt lat="48.81923" lon="-3.01905"></trkpt>
      <trkpt lat="48.81935" lon="-3.01914"></trkpt>
      <trkpt lat="48.81954" lon="-3.01933"></trkpt>
      <trkpt lat="48.8196" lon="-3.01936"></trkpt>
      <trkpt lat="48.81967" lon="-3.01937"></trkpt>
      <trkpt lat="48.81969" lon="-3.01936"></trkpt>
      <trkpt lat="48.81972" lon="-3.01935"></trkpt>
      <trkpt lat="48.81978" lon="-3.01931"></trkpt>
      <trkpt lat="48.82005" lon="-3.01922"></trkpt>
      <trkpt lat="48.82021" lon="-3.01913"></trkpt>
      <trkpt lat="48.82035" lon="-3.01901"></trkpt>
      <trkpt lat="48.82042" lon="-3.01892"></trkpt>
      <trkpt lat="48.82049" lon="-3.01881"></trkpt>
      <trkpt lat="48.82069" lon="-3.01845"></trkpt>
      <trkpt lat="48.82091" lon="-3.01811"></trkpt>
      <trkpt lat="48.82106" lon="-3.0178"></trkpt>
      <trkpt lat="48.82113" lon="-3.01756"></trkpt>
      <trkpt lat="48.82117" lon="-3.01741"></trkpt>
      <trkpt lat="48.82123" lon="-3.01711"></trkpt>
      <trkpt lat="48.82122" lon="-3.01749"></trkpt>
      <trkpt lat="48.82122" lon="-3.01758"></trkpt>
      <trkpt lat="48.82117" lon="-3.01797"></trkpt>
      <trkpt lat="48.82088" lon="-3.01886"></trkpt>
      <trkpt lat="48.82064" lon="-3.01953"></trkpt>
      <trkpt lat="48.82064" lon="-3.01963"></trkpt>
      <trkpt lat="48.82082" lon="-3.0193"></trkpt>
      <trkpt lat="48.82106" lon="-3.01859"></trkpt>
      <trkpt lat="48.82126" lon="-3.01807"></trkpt>
      <trkpt lat="48.82127" lon="-3.018"></trkpt>
      <trkpt lat="48.82127" lon="-3.018"></trkpt>
      <trkpt lat="48.82133" lon="-3.01744"></trkpt>
      <trkpt lat="48.82126" lon="-3.01807"></trkpt>
      <trkpt lat="48.82106" lon="-3.01859"></trkpt>
      <trkpt lat="48.82082" lon="-3.0193"></trkpt>
      <trkpt lat="48.82064" lon="-3.01963"></trkpt>
      <trkpt lat="48.82064" lon="-3.01953"></trkpt>
      <trkpt lat="48.82054" lon="-3.01971"></trkpt>
      <trkpt lat="48.82045" lon="-3.01984"></trkpt>
      <trkpt lat="48.82026" lon="-3.02008"></trkpt>
      <trkpt lat="48.82002" lon="-3.02023"></trkpt>
      <trkpt lat="48.81951" lon="-3.0205"></trkpt>
      <trkpt lat="48.81946" lon="-3.02046"></trkpt>
      <trkpt lat="48.81903" lon="-3.02008"></trkpt>
      <trkpt lat="48.81887" lon="-3.01991"></trkpt>
      <trkpt lat="48.81845" lon="-3.01944"></trkpt>
      <trkpt lat="48.81841" lon="-3.01943"></trkpt>
      <trkpt lat="48.81839" lon="-3.01944"></trkpt>
      <trkpt lat="48.8183" lon="-3.0195"></trkpt>
      <trkpt lat="48.81822" lon="-3.01952"></trkpt>
      <trkpt lat="48.8182" lon="-3.01933"></trkpt>
      <trkpt lat="48.81809" lon="-3.0193"></trkpt>
      <trkpt lat="48.81739" lon="-3.01906"></trkpt>
      <trkpt lat="48.81717" lon="-3.01899"></trkpt>
      <trkpt lat="48.81713" lon="-3.01899"></trkpt>
      <trkpt lat="48.81687" lon="-3.01896"></trkpt>
      <trkpt lat="48.81663" lon="-3.01899"></trkpt>
      <trkpt lat="48.81646" lon="-3.01905"></trkpt>
      <trkpt lat="48.81625" lon="-3.01917"></trkpt>
      <trkpt lat="48.81592" lon="-3.01938"></trkpt>
      <trkpt lat="48.81521" lon="-3.01986"></trkpt>
      <trkpt lat="48.81439" lon="-3.02046"></trkpt>
      <trkpt lat="48.81353" lon="-3.02109"></trkpt>
      <trkpt lat="48.81313" lon="-3.02139"></trkpt>
      <trkpt lat="48.8127" lon="-3.02172"></trkpt>
      <trkpt lat="48.8124" lon="-3.02215"></trkpt>
      <trkpt lat="48.81235" lon="-3.02221"></trkpt>
      <trkpt lat="48.81193" lon="-3.02268"></trkpt>
      <trkpt lat="48.8117" lon="-3.02294"></trkpt>
      <trkpt lat="48.81157" lon="-3.02311"></trkpt>
      <trkpt lat="48.8113" lon="-3.0234"></trkpt>
      <trkpt lat="48.8111" lon="-3.02359"></trkpt>
      <trkpt lat="48.81104" lon="-3.02367"></trkpt>
      <trkpt lat="48.81067" lon="-3.02407"></trkpt>
      <trkpt lat="48.81039" lon="-3.02439"></trkpt>
      <trkpt lat="48.80998" lon="-3.02485"></trkpt>
      <trkpt lat="48.80984" lon="-3.025"></trkpt>
      <trkpt lat="48.80946" lon="-3.0253"></trkpt>
      <trkpt lat="48.80885" lon="-3.02563"></trkpt>
      <trkpt lat="48.80799" lon="-3.02601"></trkpt>
      <trkpt lat="48.80782" lon="-3.02607"></trkpt>
      <trkpt lat="48.80773" lon="-3.0261"></trkpt>
      <trkpt lat="48.80763" lon="-3.02611"></trkpt>
      <trkpt lat="48.80745" lon="-3.02609"></trkpt>
      <trkpt lat="48.80714" lon="-3.02605"></trkpt>
      <trkpt lat="48.80643" lon="-3.02612"></trkpt>
      <trkpt lat="48.80619" lon="-3.02616"></trkpt>
      <trkpt lat="48.80588" lon="-3.02623"></trkpt>
      <trkpt lat="48.80556" lon="-3.02635"></trkpt>
      <trkpt lat="48.80532" lon="-3.02649"></trkpt>
      <trkpt lat="48.80512" lon="-3.02662"></trkpt>
      <trkpt lat="48.80467" lon="-3.02701"></trkpt>
      <trkpt lat="48.80458" lon="-3.02709"></trkpt>
      <trkpt lat="48.80448" lon="-3.02718"></trkpt>
      <trkpt lat="48.80423" lon="-3.02741"></trkpt>
      <trkpt lat="48.8041" lon="-3.02756"></trkpt>
      <trkpt lat="48.80381" lon="-3.02787"></trkpt>
      <trkpt lat="48.80368" lon="-3.028"></trkpt>
      <trkpt lat="48.80357" lon="-3.02811"></trkpt>
      <trkpt lat="48.80348" lon="-3.0282"></trkpt>
      <trkpt lat="48.80321" lon="-3.02845"></trkpt>
      <trkpt lat="48.80313" lon="-3.02853"></trkpt>
      <trkpt lat="48.80276" lon="-3.02893"></trkpt>
      <trkpt lat="48.80263" lon="-3.02908"></trkpt>
      <trkpt lat="48.80245" lon="-3.02928"></trkpt>
      <trkpt lat="48.80197" lon="-3.02987"></trkpt>
      <trkpt lat="48.80174" lon="-3.03017"></trkpt>
      <trkpt lat="48.80178" lon="-3.03032"></trkpt>
      <trkpt lat="48.80187" lon="-3.03069"></trkpt>
      <trkpt lat="48.80189" lon="-3.03082"></trkpt>
      <trkpt lat="48.80189" lon="-3.031"></trkpt>
      <trkpt lat="48.80187" lon="-3.03108"></trkpt>
      <trkpt lat="48.80184" lon="-3.03119"></trkpt>
      <trkpt lat="48.80172" lon="-3.03148"></trkpt>
      <trkpt lat="48.80163" lon="-3.03177"></trkpt>
      <trkpt lat="48.80153" lon="-3.03204"></trkpt>
      <trkpt lat="48.80151" lon="-3.03208"></trkpt>
      <trkpt lat="48.80147" lon="-3.0322"></trkpt>
      <trkpt lat="48.80146" lon="-3.03223"></trkpt>
      <trkpt lat="48.80143" lon="-3.0323"></trkpt>
      <trkpt lat="48.80136" lon="-3.0324"></trkpt>
      <trkpt lat="48.80134" lon="-3.03244"></trkpt>
      <trkpt lat="48.80127" lon="-3.03252"></trkpt>
      <trkpt lat="48.80124" lon="-3.03255"></trkpt>
      <trkpt lat="48.80108" lon="-3.03269"></trkpt>
      <trkpt lat="48.8009" lon="-3.03279"></trkpt>
      <trkpt lat="48.80053" lon="-3.03287"></trkpt>
      <trkpt lat="48.80037" lon="-3.03291"></trkpt>
      <trkpt lat="48.80001" lon="-3.03297"></trkpt>
      <trkpt lat="48.79985" lon="-3.03296"></trkpt>
      <trkpt lat="48.79978" lon="-3.03297"></trkpt>
      <trkpt lat="48.79969" lon="-3.033"></trkpt>
      <trkpt lat="48.79964" lon="-3.03303"></trkpt>
      <trkpt lat="48.79924" lon="-3.03333"></trkpt>
      <trkpt lat="48.7991" lon="-3.03342"></trkpt>
      <trkpt lat="48.79887" lon="-3.03351"></trkpt>
      <trkpt lat="48.79875" lon="-3.03357"></trkpt>
      <trkpt lat="48.7987" lon="-3.03353"></trkpt>
      <trkpt lat="48.79864" lon="-3.03355"></trkpt>
      <trkpt lat="48.79816" lon="-3.03369"></trkpt>
      <trkpt lat="48.79792" lon="-3.03381"></trkpt>
      <trkpt lat="48.79753" lon="-3.03405"></trkpt>
      <trkpt lat="48.79746" lon="-3.03411"></trkpt>
      <trkpt lat="48.79738" lon="-3.03414"></trkpt>
      <trkpt lat="48.79732" lon="-3.0342"></trkpt>
      <trkpt lat="48.79692" lon="-3.03447"></trkpt>
      <trkpt lat="48.7967" lon="-3.03459"></trkpt>
      <trkpt lat="48.79644" lon="-3.0347"></trkpt>
      <trkpt lat="48.7961" lon="-3.03484"></trkpt>
      <trkpt lat="48.79567" lon="-3.03502"></trkpt>
      <trkpt lat="48.79553" lon="-3.03506"></trkpt>
      <trkpt lat="48.79525" lon="-3.0351"></trkpt>
      <trkpt lat="48.79493" lon="-3.03508"></trkpt>
      <trkpt lat="48.79468" lon="-3.03507"></trkpt>
      <trkpt lat="48.79444" lon="-3.03508"></trkpt>
      <trkpt lat="48.79409" lon="-3.03509"></trkpt>
      <trkpt lat="48.79399" lon="-3.03509"></trkpt>
      <trkpt lat="48.79386" lon="-3.03512"></trkpt>
      <trkpt lat="48.79368" lon="-3.03518"></trkpt>
      <trkpt lat="48.79338" lon="-3.03529"></trkpt>
      <trkpt lat="48.79332" lon="-3.03532"></trkpt>
      <trkpt lat="48.79291" lon="-3.03556"></trkpt>
      <trkpt lat="48.79283" lon="-3.03563"></trkpt>
      <trkpt lat="48.79269" lon="-3.03581"></trkpt>
      <trkpt lat="48.79262" lon="-3.03594"></trkpt>
      <trkpt lat="48.79254" lon="-3.0361"></trkpt>
      <trkpt lat="48.79243" lon="-3.0364"></trkpt>
      <trkpt lat="48.79238" lon="-3.03664"></trkpt>
      <trkpt lat="48.79237" lon="-3.03683"></trkpt>
      <trkpt lat="48.79237" lon="-3.03707"></trkpt>
      <trkpt lat="48.79242" lon="-3.03798"></trkpt>
      <trkpt lat="48.79242" lon="-3.03832"></trkpt>
      <trkpt lat="48.79244" lon="-3.03856"></trkpt>
      <trkpt lat="48.79251" lon="-3.03918"></trkpt>
      <trkpt lat="48.79259" lon="-3.03969"></trkpt>
      <trkpt lat="48.79264" lon="-3.04009"></trkpt>
      <trkpt lat="48.79265" lon="-3.04064"></trkpt>
      <trkpt lat="48.79265" lon="-3.04089"></trkpt>
      <trkpt lat="48.79264" lon="-3.04116"></trkpt>
      <trkpt lat="48.79257" lon="-3.04162"></trkpt>
      <trkpt lat="48.79239" lon="-3.04249"></trkpt>
      <trkpt lat="48.79237" lon="-3.04257"></trkpt>
      <trkpt lat="48.79223" lon="-3.04309"></trkpt>
      <trkpt lat="48.79192" lon="-3.04422"></trkpt>
      <trkpt lat="48.79147" lon="-3.04591"></trkpt>
      <trkpt lat="48.79136" lon="-3.04631"></trkpt>
      <trkpt lat="48.79132" lon="-3.04642"></trkpt>
      <trkpt lat="48.79122" lon="-3.04679"></trkpt>
      <trkpt lat="48.79119" lon="-3.04693"></trkpt>
      <trkpt lat="48.79105" lon="-3.04739"></trkpt>
      <trkpt lat="48.79105" lon="-3.04748"></trkpt>
      <trkpt lat="48.79101" lon="-3.04761"></trkpt>
      <trkpt lat="48.79099" lon="-3.04768"></trkpt>
      <trkpt lat="48.79086" lon="-3.04798"></trkpt>
      <trkpt lat="48.79077" lon="-3.04815"></trkpt>
      <trkpt lat="48.79051" lon="-3.04859"></trkpt>
      <trkpt lat="48.79021" lon="-3.04898"></trkpt>
      <trkpt lat="48.79019" lon="-3.04903"></trkpt>
      <trkpt lat="48.79018" lon="-3.04905"></trkpt>
      <trkpt lat="48.79016" lon="-3.04907"></trkpt>
      <trkpt lat="48.79013" lon="-3.04908"></trkpt>
      <trkpt lat="48.79011" lon="-3.04909"></trkpt>
      <trkpt lat="48.79008" lon="-3.04908"></trkpt>
      <trkpt lat="48.79007" lon="-3.04907"></trkpt>
      <trkpt lat="48.79006" lon="-3.04907"></trkpt>
      <trkpt lat="48.78978" lon="-3.04921"></trkpt>
      <trkpt lat="48.78949" lon="-3.04929"></trkpt>
      <trkpt lat="48.78914" lon="-3.04934"></trkpt>
      <trkpt lat="48.78906" lon="-3.04933"></trkpt>
      <trkpt lat="48.78893" lon="-3.04927"></trkpt>
      <trkpt lat="48.78847" lon="-3.0492"></trkpt>
      <trkpt lat="48.78772" lon="-3.04901"></trkpt>
      <trkpt lat="48.78743" lon="-3.04896"></trkpt>
      <trkpt lat="48.78711" lon="-3.04892"></trkpt>
      <trkpt lat="48.78689" lon="-3.0489"></trkpt>
      <trkpt lat="48.78679" lon="-3.0489"></trkpt>
      <trkpt lat="48.7867" lon="-3.0489"></trkpt>
      <trkpt lat="48.78631" lon="-3.0489"></trkpt>
      <trkpt lat="48.78621" lon="-3.0489"></trkpt>
      <trkpt lat="48.78603" lon="-3.04892"></trkpt>
      <trkpt lat="48.78596" lon="-3.04888"></trkpt>
      <trkpt lat="48.78586" lon="-3.04888"></trkpt>
      <trkpt lat="48.78506" lon="-3.04875"></trkpt>
      <trkpt lat="48.78444" lon="-3.04867"></trkpt>
      <trkpt lat="48.78394" lon="-3.04855"></trkpt>
      <trkpt lat="48.78384" lon="-3.04852"></trkpt>
      <trkpt lat="48.78329" lon="-3.04833"></trkpt>
      <trkpt lat="48.78302" lon="-3.04831"></trkpt>
      <trkpt lat="48.78289" lon="-3.04839"></trkpt>
      <trkpt lat="48.78282" lon="-3.0484"></trkpt>
      <trkpt lat="48.78276" lon="-3.04838"></trkpt>
      <trkpt lat="48.7827" lon="-3.04834"></trkpt>
      <trkpt lat="48.78257" lon="-3.04855"></trkpt>
      <trkpt lat="48.7825" lon="-3.04862"></trkpt>
      <trkpt lat="48.78225" lon="-3.04885"></trkpt>
      <trkpt lat="48.78206" lon="-3.04901"></trkpt>
      <trkpt lat="48.78185" lon="-3.04915"></trkpt>
      <trkpt lat="48.78154" lon="-3.04931"></trkpt>
      <trkpt lat="48.7813" lon="-3.04938"></trkpt>
      <trkpt lat="48.78118" lon="-3.0494"></trkpt>
      <trkpt lat="48.78084" lon="-3.04941"></trkpt>
      <trkpt lat="48.78069" lon="-3.04941"></trkpt>
      <trkpt lat="48.77997" lon="-3.04934"></trkpt>
      <trkpt lat="48.77965" lon="-3.0493"></trkpt>
      <trkpt lat="48.77935" lon="-3.04928"></trkpt>
      <trkpt lat="48.7793" lon="-3.04929"></trkpt>
      <trkpt lat="48.77925" lon="-3.04929"></trkpt>
      <trkpt lat="48.77921" lon="-3.0493"></trkpt>
      <trkpt lat="48.77917" lon="-3.04931"></trkpt>
      <trkpt lat="48.77914" lon="-3.04933"></trkpt>
      <trkpt lat="48.77915" lon="-3.04935"></trkpt>
      <trkpt lat="48.77915" lon="-3.04939"></trkpt>
      <trkpt lat="48.77915" lon="-3.04941"></trkpt>
      <trkpt lat="48.77914" lon="-3.04944"></trkpt>
      <trkpt lat="48.77913" lon="-3.04946"></trkpt>
      <trkpt lat="48.7791" lon="-3.04947"></trkpt>
      <trkpt lat="48.77909" lon="-3.04979"></trkpt>
      <trkpt lat="48.77907" lon="-3.0504"></trkpt>
      <trkpt lat="48.77896" lon="-3.05108"></trkpt>
      <trkpt lat="48.77882" lon="-3.05177"></trkpt>
      <trkpt lat="48.77885" lon="-3.0523"></trkpt>
      <trkpt lat="48.77892" lon="-3.0529"></trkpt>
      <trkpt lat="48.77899" lon="-3.0532"></trkpt>
      <trkpt lat="48.77895" lon="-3.05354"></trkpt>
      <trkpt lat="48.77889" lon="-3.05375"></trkpt>
      <trkpt lat="48.77882" lon="-3.05394"></trkpt>
      <trkpt lat="48.77876" lon="-3.0542"></trkpt>
      <trkpt lat="48.77873" lon="-3.0543"></trkpt>
      <trkpt lat="48.77869" lon="-3.05453"></trkpt>
      <trkpt lat="48.77867" lon="-3.05467"></trkpt>
      <trkpt lat="48.77866" lon="-3.05482"></trkpt>
      <trkpt lat="48.77861" lon="-3.05529"></trkpt>
      <trkpt lat="48.77859" lon="-3.05546"></trkpt>
      <trkpt lat="48.77856" lon="-3.05586"></trkpt>
      <trkpt lat="48.77846" lon="-3.05686"></trkpt>
      <trkpt lat="48.77845" lon="-3.05703"></trkpt>
      <trkpt lat="48.77847" lon="-3.05704"></trkpt>
      <trkpt lat="48.77849" lon="-3.05705"></trkpt>
      <trkpt lat="48.7785" lon="-3.05708"></trkpt>
      <trkpt lat="48.77851" lon="-3.05711"></trkpt>
      <trkpt lat="48.77851" lon="-3.05713"></trkpt>
      <trkpt lat="48.77851" lon="-3.05714"></trkpt>
      <trkpt lat="48.77851" lon="-3.05717"></trkpt>
      <trkpt lat="48.77849" lon="-3.0572"></trkpt>
      <trkpt lat="48.77848" lon="-3.05722"></trkpt>
      <trkpt lat="48.77846" lon="-3.05723"></trkpt>
      <trkpt lat="48.77844" lon="-3.05723"></trkpt>
      <trkpt lat="48.77843" lon="-3.05722"></trkpt>
      <trkpt lat="48.77837" lon="-3.05774"></trkpt>
      <trkpt lat="48.77832" lon="-3.05844"></trkpt>
      <trkpt lat="48.77829" lon="-3.0586"></trkpt>
      <trkpt lat="48.77824" lon="-3.05899"></trkpt>
      <trkpt lat="48.77822" lon="-3.0593"></trkpt>
      <trkpt lat="48.77815" lon="-3.05998"></trkpt>
      <trkpt lat="48.77812" lon="-3.06031"></trkpt>
      <trkpt lat="48.77811" lon="-3.06045"></trkpt>
      <trkpt lat="48.778" lon="-3.06128"></trkpt>
      <trkpt lat="48.77799" lon="-3.06137"></trkpt>
      <trkpt lat="48.77787" lon="-3.06192"></trkpt>
      <trkpt lat="48.77786" lon="-3.06206"></trkpt>
      <trkpt lat="48.77786" lon="-3.06233"></trkpt>
      <trkpt lat="48.77794" lon="-3.06323"></trkpt>
      <trkpt lat="48.77796" lon="-3.06346"></trkpt>
      <trkpt lat="48.77797" lon="-3.06387"></trkpt>
      <trkpt lat="48.77796" lon="-3.06414"></trkpt>
      <trkpt lat="48.77795" lon="-3.06473"></trkpt>
      <trkpt lat="48.77794" lon="-3.06507"></trkpt>
      <trkpt lat="48.77793" lon="-3.06539"></trkpt>
      <trkpt lat="48.77793" lon="-3.06589"></trkpt>
      <trkpt lat="48.77793" lon="-3.06606"></trkpt>
      <trkpt lat="48.77793" lon="-3.06627"></trkpt>
      <trkpt lat="48.77794" lon="-3.06638"></trkpt>
      <trkpt lat="48.77805" lon="-3.0669"></trkpt>
      <trkpt lat="48.77808" lon="-3.06711"></trkpt>
      <trkpt lat="48.7781" lon="-3.06732"></trkpt>
      <trkpt lat="48.77808" lon="-3.06762"></trkpt>
      <trkpt lat="48.778" lon="-3.06825"></trkpt>
      <trkpt lat="48.77793" lon="-3.06903"></trkpt>
      <trkpt lat="48.77794" lon="-3.06924"></trkpt>
      <trkpt lat="48.77795" lon="-3.06934"></trkpt>
      <trkpt lat="48.77796" lon="-3.06947"></trkpt>
      <trkpt lat="48.77804" lon="-3.06976"></trkpt>
      <trkpt lat="48.7781" lon="-3.06992"></trkpt>
      <trkpt lat="48.77823" lon="-3.07017"></trkpt>
      <trkpt lat="48.77854" lon="-3.07055"></trkpt>
      <trkpt lat="48.77869" lon="-3.07079"></trkpt>
      <trkpt lat="48.77874" lon="-3.07089"></trkpt>
      <trkpt lat="48.77882" lon="-3.07104"></trkpt>
      <trkpt lat="48.77887" lon="-3.07118"></trkpt>
      <trkpt lat="48.779" lon="-3.0716"></trkpt>
      <trkpt lat="48.77907" lon="-3.07203"></trkpt>
      <trkpt lat="48.77919" lon="-3.07371"></trkpt>
      <trkpt lat="48.7792" lon="-3.07445"></trkpt>
      <trkpt lat="48.77917" lon="-3.07478"></trkpt>
      <trkpt lat="48.77915" lon="-3.07502"></trkpt>
      <trkpt lat="48.77906" lon="-3.07554"></trkpt>
      <trkpt lat="48.77902" lon="-3.07577"></trkpt>
      <trkpt lat="48.77901" lon="-3.07583"></trkpt>
      <trkpt lat="48.77899" lon="-3.07602"></trkpt>
      <trkpt lat="48.779" lon="-3.07617"></trkpt>
      <trkpt lat="48.779" lon="-3.07639"></trkpt>
      <trkpt lat="48.7791" lon="-3.07752"></trkpt>
      <trkpt lat="48.77911" lon="-3.07767"></trkpt>
      <trkpt lat="48.77912" lon="-3.07782"></trkpt>
      <trkpt lat="48.77915" lon="-3.07814"></trkpt>
      <trkpt lat="48.77919" lon="-3.07843"></trkpt>
      <trkpt lat="48.77921" lon="-3.07886"></trkpt>
      <trkpt lat="48.77921" lon="-3.07933"></trkpt>
      <trkpt lat="48.77919" lon="-3.07965"></trkpt>
      <trkpt lat="48.77918" lon="-3.07974"></trkpt>
      <trkpt lat="48.77913" lon="-3.08004"></trkpt>
      <trkpt lat="48.77897" lon="-3.08087"></trkpt>
      <trkpt lat="48.77887" lon="-3.08166"></trkpt>
      <trkpt lat="48.77885" lon="-3.08197"></trkpt>
      <trkpt lat="48.77885" lon="-3.08231"></trkpt>
      <trkpt lat="48.77894" lon="-3.08317"></trkpt>
      <trkpt lat="48.77907" lon="-3.08487"></trkpt>
      <trkpt lat="48.77913" lon="-3.08538"></trkpt>
      <trkpt lat="48.77922" lon="-3.08605"></trkpt>
      <trkpt lat="48.77926" lon="-3.08628"></trkpt>
      <trkpt lat="48.7793" lon="-3.0865"></trkpt>
      <trkpt lat="48.77935" lon="-3.08684"></trkpt>
      <trkpt lat="48.77941" lon="-3.08728"></trkpt>
      <trkpt lat="48.77945" lon="-3.08753"></trkpt>
      <trkpt lat="48.77947" lon="-3.0879"></trkpt>
      <trkpt lat="48.7795" lon="-3.08864"></trkpt>
      <trkpt lat="48.7795" lon="-3.08884"></trkpt>
      <trkpt lat="48.77956" lon="-3.08952"></trkpt>
      <trkpt lat="48.77961" lon="-3.08983"></trkpt>
      <trkpt lat="48.77962" lon="-3.09016"></trkpt>
      <trkpt lat="48.77961" lon="-3.09031"></trkpt>
      <trkpt lat="48.77957" lon="-3.09075"></trkpt>
      <trkpt lat="48.77951" lon="-3.09128"></trkpt>
      <trkpt lat="48.77944" lon="-3.09166"></trkpt>
      <trkpt lat="48.7794" lon="-3.09181"></trkpt>
      <trkpt lat="48.77934" lon="-3.092"></trkpt>
      <trkpt lat="48.7793" lon="-3.09211"></trkpt>
      <trkpt lat="48.77926" lon="-3.09219"></trkpt>
      <trkpt lat="48.77916" lon="-3.09239"></trkpt>
      <trkpt lat="48.77885" lon="-3.09286"></trkpt>
      <trkpt lat="48.77862" lon="-3.09334"></trkpt>
      <trkpt lat="48.77847" lon="-3.09387"></trkpt>
      <trkpt lat="48.77844" lon="-3.09418"></trkpt>
      <trkpt lat="48.77843" lon="-3.0945"></trkpt>
      <trkpt lat="48.77843" lon="-3.09463"></trkpt>
      <trkpt lat="48.77847" lon="-3.09508"></trkpt>
      <trkpt lat="48.77847" lon="-3.0952"></trkpt>
      <trkpt lat="48.77849" lon="-3.09637"></trkpt>
      <trkpt lat="48.7785" lon="-3.09677"></trkpt>
      <trkpt lat="48.77852" lon="-3.09698"></trkpt>
      <trkpt lat="48.77854" lon="-3.09709"></trkpt>
      <trkpt lat="48.77858" lon="-3.09735"></trkpt>
      <trkpt lat="48.77875" lon="-3.09814"></trkpt>
      <trkpt lat="48.7788" lon="-3.09836"></trkpt>
      <trkpt lat="48.77891" lon="-3.09886"></trkpt>
      <trkpt lat="48.77911" lon="-3.09965"></trkpt>
      <trkpt lat="48.7793" lon="-3.10017"></trkpt>
      <trkpt lat="48.77934" lon="-3.1003"></trkpt>
      <trkpt lat="48.77944" lon="-3.10055"></trkpt>
      <trkpt lat="48.77947" lon="-3.10063"></trkpt>
      <trkpt lat="48.77962" lon="-3.1012"></trkpt>
      <trkpt lat="48.77966" lon="-3.10145"></trkpt>
      <trkpt lat="48.7797" lon="-3.1023"></trkpt>
      <trkpt lat="48.7797" lon="-3.10235"></trkpt>
      <trkpt lat="48.77974" lon="-3.10263"></trkpt>
      <trkpt lat="48.77974" lon="-3.10278"></trkpt>
      <trkpt lat="48.77974" lon="-3.10286"></trkpt>
      <trkpt lat="48.77975" lon="-3.10294"></trkpt>
      <trkpt lat="48.77974" lon="-3.10303"></trkpt>
      <trkpt lat="48.77972" lon="-3.10309"></trkpt>
      <trkpt lat="48.77957" lon="-3.10334"></trkpt>
      <trkpt lat="48.77968" lon="-3.1037"></trkpt>
      <trkpt lat="48.77976" lon="-3.10401"></trkpt>
      <trkpt lat="48.7798" lon="-3.10428"></trkpt>
      <trkpt lat="48.77982" lon="-3.10446"></trkpt>
      <trkpt lat="48.77985" lon="-3.10458"></trkpt>
      <trkpt lat="48.78009" lon="-3.10513"></trkpt>
      <trkpt lat="48.78038" lon="-3.10566"></trkpt>
      <trkpt lat="48.78064" lon="-3.10612"></trkpt>
      <trkpt lat="48.78115" lon="-3.107"></trkpt>
      <trkpt lat="48.78134" lon="-3.10732"></trkpt>
      <trkpt lat="48.78159" lon="-3.10775"></trkpt>
      <trkpt lat="48.78172" lon="-3.10798"></trkpt>
      <trkpt lat="48.78181" lon="-3.10817"></trkpt>
      <trkpt lat="48.78201" lon="-3.10865"></trkpt>
      <trkpt lat="48.78212" lon="-3.10894"></trkpt>
      <trkpt lat="48.78221" lon="-3.10924"></trkpt>
      <trkpt lat="48.78227" lon="-3.10946"></trkpt>
      <trkpt lat="48.78228" lon="-3.10959"></trkpt>
      <trkpt lat="48.78232" lon="-3.10964"></trkpt>
      <trkpt lat="48.78244" lon="-3.11015"></trkpt>
      <trkpt lat="48.78247" lon="-3.11042"></trkpt>
      <trkpt lat="48.78263" lon="-3.11135"></trkpt>
      <trkpt lat="48.78265" lon="-3.11136"></trkpt>
      <trkpt lat="48.78267" lon="-3.11137"></trkpt>
      <trkpt lat="48.78268" lon="-3.11139"></trkpt>
      <trkpt lat="48.78269" lon="-3.11142"></trkpt>
      <trkpt lat="48.7827" lon="-3.11145"></trkpt>
      <trkpt lat="48.7827" lon="-3.11148"></trkpt>
      <trkpt lat="48.7827" lon="-3.11151"></trkpt>
      <trkpt lat="48.7827" lon="-3.11155"></trkpt>
      <trkpt lat="48.78269" lon="-3.11159"></trkpt>
      <trkpt lat="48.78268" lon="-3.11161"></trkpt>
      <trkpt lat="48.78264" lon="-3.11165"></trkpt>
      <trkpt lat="48.78261" lon="-3.11166"></trkpt>
      <trkpt lat="48.78258" lon="-3.11165"></trkpt>
      <trkpt lat="48.78255" lon="-3.11162"></trkpt>
      <trkpt lat="48.78253" lon="-3.11159"></trkpt>
      <trkpt lat="48.78252" lon="-3.11155"></trkpt>
      <trkpt lat="48.78207" lon="-3.11183"></trkpt>
      <trkpt lat="48.78196" lon="-3.11194"></trkpt>
      <trkpt lat="48.7819" lon="-3.112"></trkpt>
      <trkpt lat="48.78177" lon="-3.11221"></trkpt>
      <trkpt lat="48.78172" lon="-3.11233"></trkpt>
      <trkpt lat="48.78166" lon="-3.11249"></trkpt>
      <trkpt lat="48.78157" lon="-3.11282"></trkpt>
      <trkpt lat="48.78149" lon="-3.11317"></trkpt>
      <trkpt lat="48.7814" lon="-3.11364"></trkpt>
      <trkpt lat="48.78136" lon="-3.11405"></trkpt>
      <trkpt lat="48.78132" lon="-3.1143"></trkpt>
      <trkpt lat="48.78124" lon="-3.11481"></trkpt>
      <trkpt lat="48.78119" lon="-3.11503"></trkpt>
      <trkpt lat="48.78109" lon="-3.11527"></trkpt>
      <trkpt lat="48.781" lon="-3.11548"></trkpt>
      <trkpt lat="48.78086" lon="-3.11572"></trkpt>
      <trkpt lat="48.78083" lon="-3.11574"></trkpt>
      <trkpt lat="48.78068" lon="-3.11597"></trkpt>
      <trkpt lat="48.78057" lon="-3.11612"></trkpt>
      <trkpt lat="48.78053" lon="-3.11617"></trkpt>
      <trkpt lat="48.78047" lon="-3.11629"></trkpt>
      <trkpt lat="48.78043" lon="-3.11634"></trkpt>
      <trkpt lat="48.7802" lon="-3.11667"></trkpt>
      <trkpt lat="48.77998" lon="-3.11698"></trkpt>
      <trkpt lat="48.7795" lon="-3.11775"></trkpt>
      <trkpt lat="48.77932" lon="-3.11793"></trkpt>
      <trkpt lat="48.7793" lon="-3.11795"></trkpt>
      <trkpt lat="48.77909" lon="-3.11809"></trkpt>
      <trkpt lat="48.77891" lon="-3.11819"></trkpt>
      <trkpt lat="48.77849" lon="-3.11847"></trkpt>
      <trkpt lat="48.77836" lon="-3.11859"></trkpt>
      <trkpt lat="48.77831" lon="-3.11864"></trkpt>
      <trkpt lat="48.77816" lon="-3.11888"></trkpt>
      <trkpt lat="48.7781" lon="-3.11899"></trkpt>
      <trkpt lat="48.77796" lon="-3.11934"></trkpt>
      <trkpt lat="48.77773" lon="-3.12012"></trkpt>
      <trkpt lat="48.77767" lon="-3.12029"></trkpt>
      <trkpt lat="48.77748" lon="-3.12094"></trkpt>
      <trkpt lat="48.77727" lon="-3.12177"></trkpt>
      <trkpt lat="48.77707" lon="-3.12245"></trkpt>
      <trkpt lat="48.77685" lon="-3.12312"></trkpt>
      <trkpt lat="48.77662" lon="-3.12368"></trkpt>
      <trkpt lat="48.77636" lon="-3.12415"></trkpt>
      <trkpt lat="48.77615" lon="-3.12437"></trkpt>
      <trkpt lat="48.77576" lon="-3.12474"></trkpt>
      <trkpt lat="48.77564" lon="-3.1249"></trkpt>
      <trkpt lat="48.77558" lon="-3.12499"></trkpt>
      <trkpt lat="48.77548" lon="-3.12524"></trkpt>
      <trkpt lat="48.77537" lon="-3.12568"></trkpt>
      <trkpt lat="48.77531" lon="-3.12622"></trkpt>
      <trkpt lat="48.77528" lon="-3.12666"></trkpt>
      <trkpt lat="48.77524" lon="-3.12708"></trkpt>
      <trkpt lat="48.77524" lon="-3.12718"></trkpt>
      <trkpt lat="48.77512" lon="-3.12769"></trkpt>
      <trkpt lat="48.775" lon="-3.12808"></trkpt>
      <trkpt lat="48.77487" lon="-3.12847"></trkpt>
      <trkpt lat="48.77476" lon="-3.12869"></trkpt>
      <trkpt lat="48.77474" lon="-3.12871"></trkpt>
      <trkpt lat="48.77461" lon="-3.12889"></trkpt>
      <trkpt lat="48.77446" lon="-3.12902"></trkpt>
      <trkpt lat="48.77443" lon="-3.12905"></trkpt>
      <trkpt lat="48.77412" lon="-3.12926"></trkpt>
      <trkpt lat="48.77394" lon="-3.12942"></trkpt>
      <trkpt lat="48.77382" lon="-3.12957"></trkpt>
      <trkpt lat="48.77366" lon="-3.12983"></trkpt>
      <trkpt lat="48.77351" lon="-3.13013"></trkpt>
      <trkpt lat="48.77337" lon="-3.13046"></trkpt>
      <trkpt lat="48.7733" lon="-3.13066"></trkpt>
      <trkpt lat="48.77321" lon="-3.13095"></trkpt>
      <trkpt lat="48.77313" lon="-3.13119"></trkpt>
      <trkpt lat="48.77302" lon="-3.1319"></trkpt>
      <trkpt lat="48.77297" lon="-3.13291"></trkpt>
      <trkpt lat="48.77296" lon="-3.13301"></trkpt>
      <trkpt lat="48.77291" lon="-3.13313"></trkpt>
      <trkpt lat="48.77267" lon="-3.13354"></trkpt>
      <trkpt lat="48.77265" lon="-3.13361"></trkpt>
      <trkpt lat="48.77259" lon="-3.1338"></trkpt>
      <trkpt lat="48.77248" lon="-3.13428"></trkpt>
      <trkpt lat="48.77235" lon="-3.13475"></trkpt>
      <trkpt lat="48.7722" lon="-3.13515"></trkpt>
      <trkpt lat="48.77203" lon="-3.13547"></trkpt>
      <trkpt lat="48.77187" lon="-3.13571"></trkpt>
      <trkpt lat="48.77133" lon="-3.13634"></trkpt>
      <trkpt lat="48.77119" lon="-3.13653"></trkpt>
      <trkpt lat="48.77103" lon="-3.13671"></trkpt>
      <trkpt lat="48.77083" lon="-3.13717"></trkpt>
      <trkpt lat="48.7707" lon="-3.13746"></trkpt>
      <trkpt lat="48.77056" lon="-3.13773"></trkpt>
      <trkpt lat="48.77044" lon="-3.13793"></trkpt>
      <trkpt lat="48.77026" lon="-3.1382"></trkpt>
      <trkpt lat="48.76978" lon="-3.13872"></trkpt>
      <trkpt lat="48.76956" lon="-3.13893"></trkpt>
      <trkpt lat="48.76936" lon="-3.13923"></trkpt>
      <trkpt lat="48.7693" lon="-3.13938"></trkpt>
      <trkpt lat="48.76923" lon="-3.13963"></trkpt>
      <trkpt lat="48.76911" lon="-3.14012"></trkpt>
      <trkpt lat="48.76904" lon="-3.14034"></trkpt>
      <trkpt lat="48.76888" lon="-3.14084"></trkpt>
      <trkpt lat="48.76879" lon="-3.14122"></trkpt>
      <trkpt lat="48.76877" lon="-3.14128"></trkpt>
      <trkpt lat="48.76865" lon="-3.14168"></trkpt>
      <trkpt lat="48.76837" lon="-3.14206"></trkpt>
      <trkpt lat="48.76837" lon="-3.14209"></trkpt>
      <trkpt lat="48.76833" lon="-3.14245"></trkpt>
      <trkpt lat="48.76854" lon="-3.14262"></trkpt>
      <trkpt lat="48.76855" lon="-3.14289"></trkpt>
      <trkpt lat="48.76858" lon="-3.14317"></trkpt>
      <trkpt lat="48.76872" lon="-3.14377"></trkpt>
      <trkpt lat="48.76881" lon="-3.14423"></trkpt>
      <trkpt lat="48.76886" lon="-3.14452"></trkpt>
      <trkpt lat="48.76887" lon="-3.14476"></trkpt>
      <trkpt lat="48.76886" lon="-3.14491"></trkpt>
      <trkpt lat="48.76884" lon="-3.14515"></trkpt>
      <trkpt lat="48.76862" lon="-3.14612"></trkpt>
      <trkpt lat="48.76811" lon="-3.14927"></trkpt>
      <trkpt lat="48.76806" lon="-3.14971"></trkpt>
      <trkpt lat="48.76804" lon="-3.15001"></trkpt>
      <trkpt lat="48.76803" lon="-3.15011"></trkpt>
      <trkpt lat="48.76805" lon="-3.1536"></trkpt>
      <trkpt lat="48.76807" lon="-3.15373"></trkpt>
      <trkpt lat="48.76809" lon="-3.15377"></trkpt>
      <trkpt lat="48.76813" lon="-3.15383"></trkpt>
      <trkpt lat="48.76816" lon="-3.15386"></trkpt>
      <trkpt lat="48.76821" lon="-3.15388"></trkpt>
      <trkpt lat="48.76849" lon="-3.154"></trkpt>
      <trkpt lat="48.76853" lon="-3.15403"></trkpt>
      <trkpt lat="48.76857" lon="-3.15407"></trkpt>
      <trkpt lat="48.76862" lon="-3.15421"></trkpt>
      <trkpt lat="48.76864" lon="-3.15428"></trkpt>
      <trkpt lat="48.76866" lon="-3.15442"></trkpt>
      <trkpt lat="48.76866" lon="-3.15521"></trkpt>
      <trkpt lat="48.76867" lon="-3.15541"></trkpt>
      <trkpt lat="48.7687" lon="-3.15567"></trkpt>
      <trkpt lat="48.76873" lon="-3.15589"></trkpt>
      <trkpt lat="48.76874" lon="-3.15595"></trkpt>
      <trkpt lat="48.76877" lon="-3.15602"></trkpt>
      <trkpt lat="48.76881" lon="-3.15612"></trkpt>
      <trkpt lat="48.76894" lon="-3.15629"></trkpt>
      <trkpt lat="48.76909" lon="-3.15647"></trkpt>
      <trkpt lat="48.76914" lon="-3.15658"></trkpt>
      <trkpt lat="48.76915" lon="-3.15664"></trkpt>
      <trkpt lat="48.76916" lon="-3.15669"></trkpt>
      <trkpt lat="48.76917" lon="-3.15678"></trkpt>
      <trkpt lat="48.76916" lon="-3.15689"></trkpt>
      <trkpt lat="48.769" lon="-3.15853"></trkpt>
      <trkpt lat="48.76896" lon="-3.15881"></trkpt>
      <trkpt lat="48.76892" lon="-3.15894"></trkpt>
      <trkpt lat="48.76866" lon="-3.15954"></trkpt>
      <trkpt lat="48.7686" lon="-3.15973"></trkpt>
      <trkpt lat="48.76858" lon="-3.1598"></trkpt>
      <trkpt lat="48.76857" lon="-3.15987"></trkpt>
      <trkpt lat="48.76856" lon="-3.15993"></trkpt>
      <trkpt lat="48.76857" lon="-3.16003"></trkpt>
      <trkpt lat="48.76858" lon="-3.16012"></trkpt>
      <trkpt lat="48.76873" lon="-3.16034"></trkpt>
      <trkpt lat="48.76889" lon="-3.16054"></trkpt>
      <trkpt lat="48.76912" lon="-3.16091"></trkpt>
      <trkpt lat="48.76916" lon="-3.16096"></trkpt>
      <trkpt lat="48.7693" lon="-3.16125"></trkpt>
      <trkpt lat="48.76939" lon="-3.16146"></trkpt>
      <trkpt lat="48.7694" lon="-3.16163"></trkpt>
      <trkpt lat="48.7694" lon="-3.16185"></trkpt>
      <trkpt lat="48.76938" lon="-3.16201"></trkpt>
      <trkpt lat="48.76934" lon="-3.16222"></trkpt>
      <trkpt lat="48.76924" lon="-3.1626"></trkpt>
      <trkpt lat="48.7691" lon="-3.16303"></trkpt>
      <trkpt lat="48.76906" lon="-3.16329"></trkpt>
      <trkpt lat="48.76909" lon="-3.16345"></trkpt>
      <trkpt lat="48.7692" lon="-3.16368"></trkpt>
      <trkpt lat="48.76947" lon="-3.16387"></trkpt>
      <trkpt lat="48.76958" lon="-3.16398"></trkpt>
      <trkpt lat="48.76963" lon="-3.16406"></trkpt>
      <trkpt lat="48.76965" lon="-3.1641"></trkpt>
      <trkpt lat="48.76969" lon="-3.16418"></trkpt>
      <trkpt lat="48.76978" lon="-3.16462"></trkpt>
      <trkpt lat="48.76988" lon="-3.16538"></trkpt>
      <trkpt lat="48.76989" lon="-3.16587"></trkpt>
      <trkpt lat="48.77006" lon="-3.16884"></trkpt>
      <trkpt lat="48.77019" lon="-3.16977"></trkpt>
      <trkpt lat="48.7702" lon="-3.17018"></trkpt>
      <trkpt lat="48.77018" lon="-3.1708"></trkpt>
      <trkpt lat="48.77013" lon="-3.17108"></trkpt>
      <trkpt lat="48.77012" lon="-3.17131"></trkpt>
      <trkpt lat="48.77013" lon="-3.1715"></trkpt>
      <trkpt lat="48.77013" lon="-3.17169"></trkpt>
      <trkpt lat="48.77027" lon="-3.17219"></trkpt>
      <trkpt lat="48.77048" lon="-3.17308"></trkpt>
      <trkpt lat="48.77049" lon="-3.17347"></trkpt>
      <trkpt lat="48.77046" lon="-3.17377"></trkpt>
      <trkpt lat="48.77042" lon="-3.1739"></trkpt>
      <trkpt lat="48.77026" lon="-3.17447"></trkpt>
      <trkpt lat="48.77022" lon="-3.17475"></trkpt>
      <trkpt lat="48.77025" lon="-3.17563"></trkpt>
      <trkpt lat="48.77022" lon="-3.1761"></trkpt>
      <trkpt lat="48.7701" lon="-3.17691"></trkpt>
      <trkpt lat="48.76986" lon="-3.17792"></trkpt>
      <trkpt lat="48.76979" lon="-3.17829"></trkpt>
      <trkpt lat="48.76981" lon="-3.17848"></trkpt>
      <trkpt lat="48.76983" lon="-3.17861"></trkpt>
      <trkpt lat="48.76989" lon="-3.17875"></trkpt>
      <trkpt lat="48.77008" lon="-3.17915"></trkpt>
      <trkpt lat="48.77012" lon="-3.17927"></trkpt>
      <trkpt lat="48.77015" lon="-3.17945"></trkpt>
      <trkpt lat="48.77014" lon="-3.17955"></trkpt>
      <trkpt lat="48.77013" lon="-3.17964"></trkpt>
      <trkpt lat="48.76995" lon="-3.18023"></trkpt>
      <trkpt lat="48.76984" lon="-3.18087"></trkpt>
      <trkpt lat="48.76981" lon="-3.18122"></trkpt>
      <trkpt lat="48.76972" lon="-3.182"></trkpt>
      <trkpt lat="48.76967" lon="-3.18236"></trkpt>
      <trkpt lat="48.76961" lon="-3.18257"></trkpt>
      <trkpt lat="48.7696" lon="-3.18262"></trkpt>
      <trkpt lat="48.76951" lon="-3.18285"></trkpt>
      <trkpt lat="48.7694" lon="-3.18306"></trkpt>
      <trkpt lat="48.76922" lon="-3.1833"></trkpt>
      <trkpt lat="48.76881" lon="-3.18375"></trkpt>
      <trkpt lat="48.76867" lon="-3.18391"></trkpt>
      <trkpt lat="48.76852" lon="-3.18407"></trkpt>
      <trkpt lat="48.76846" lon="-3.18415"></trkpt>
      <trkpt lat="48.76832" lon="-3.18438"></trkpt>
      <trkpt lat="48.76822" lon="-3.18458"></trkpt>
      <trkpt lat="48.76811" lon="-3.18487"></trkpt>
      <trkpt lat="48.76807" lon="-3.18499"></trkpt>
      <trkpt lat="48.76776" lon="-3.18561"></trkpt>
      <trkpt lat="48.76761" lon="-3.18604"></trkpt>
      <trkpt lat="48.76758" lon="-3.18612"></trkpt>
      <trkpt lat="48.76741" lon="-3.18672"></trkpt>
      <trkpt lat="48.76736" lon="-3.18695"></trkpt>
      <trkpt lat="48.76734" lon="-3.18706"></trkpt>
      <trkpt lat="48.76724" lon="-3.18778"></trkpt>
      <trkpt lat="48.76706" lon="-3.1885"></trkpt>
      <trkpt lat="48.76701" lon="-3.18897"></trkpt>
      <trkpt lat="48.76695" lon="-3.18952"></trkpt>
      <trkpt lat="48.76686" lon="-3.19006"></trkpt>
      <trkpt lat="48.76673" lon="-3.19109"></trkpt>
      <trkpt lat="48.76671" lon="-3.19137"></trkpt>
      <trkpt lat="48.76673" lon="-3.19157"></trkpt>
      <trkpt lat="48.76681" lon="-3.19197"></trkpt>
      <trkpt lat="48.76684" lon="-3.19227"></trkpt>
      <trkpt lat="48.76684" lon="-3.19274"></trkpt>
      <trkpt lat="48.76682" lon="-3.19303"></trkpt>
      <trkpt lat="48.76678" lon="-3.19323"></trkpt>
      <trkpt lat="48.76652" lon="-3.19433"></trkpt>
      <trkpt lat="48.76646" lon="-3.19464"></trkpt>
      <trkpt lat="48.76636" lon="-3.19521"></trkpt>
      <trkpt lat="48.76625" lon="-3.19614"></trkpt>
      <trkpt lat="48.76622" lon="-3.19652"></trkpt>
      <trkpt lat="48.76619" lon="-3.1969"></trkpt>
      <trkpt lat="48.76615" lon="-3.19735"></trkpt>
      <trkpt lat="48.76605" lon="-3.19814"></trkpt>
      <trkpt lat="48.76592" lon="-3.19916"></trkpt>
      <trkpt lat="48.76563" lon="-3.19917"></trkpt>
      <trkpt lat="48.76513" lon="-3.19915"></trkpt>
      <trkpt lat="48.76496" lon="-3.1991"></trkpt>
      <trkpt lat="48.76469" lon="-3.19898"></trkpt>
      <trkpt lat="48.76435" lon="-3.19876"></trkpt>
      <trkpt lat="48.76423" lon="-3.19907"></trkpt>
      <trkpt lat="48.76412" lon="-3.19932"></trkpt>
      <trkpt lat="48.76402" lon="-3.19956"></trkpt>
      <trkpt lat="48.76396" lon="-3.19974"></trkpt>
      <trkpt lat="48.76387" lon="-3.19993"></trkpt>
      <trkpt lat="48.76381" lon="-3.20003"></trkpt>
      <trkpt lat="48.76371" lon="-3.20018"></trkpt>
      <trkpt lat="48.76353" lon="-3.20058"></trkpt>
      <trkpt lat="48.76351" lon="-3.20067"></trkpt>
      <trkpt lat="48.7635" lon="-3.20073"></trkpt>
      <trkpt lat="48.76351" lon="-3.20084"></trkpt>
      <trkpt lat="48.76353" lon="-3.20095"></trkpt>
      <trkpt lat="48.76357" lon="-3.2011"></trkpt>
      <trkpt lat="48.76371" lon="-3.20163"></trkpt>
      <trkpt lat="48.76374" lon="-3.20176"></trkpt>
      <trkpt lat="48.76382" lon="-3.20214"></trkpt>
      <trkpt lat="48.7639" lon="-3.20247"></trkpt>
      <trkpt lat="48.76399" lon="-3.20283"></trkpt>
      <trkpt lat="48.76404" lon="-3.20315"></trkpt>
      <trkpt lat="48.76405" lon="-3.20345"></trkpt>
      <trkpt lat="48.76405" lon="-3.20364"></trkpt>
      <trkpt lat="48.76404" lon="-3.20382"></trkpt>
      <trkpt lat="48.76396" lon="-3.20423"></trkpt>
      <trkpt lat="48.76365" lon="-3.20529"></trkpt>
      <trkpt lat="48.76325" lon="-3.20643"></trkpt>
      <trkpt lat="48.76294" lon="-3.20742"></trkpt>
      <trkpt lat="48.76276" lon="-3.20801"></trkpt>
      <trkpt lat="48.76269" lon="-3.20826"></trkpt>
      <trkpt lat="48.76268" lon="-3.20827"></trkpt>
      <trkpt lat="48.76257" lon="-3.20874"></trkpt>
      <trkpt lat="48.76254" lon="-3.20892"></trkpt>
      <trkpt lat="48.7625" lon="-3.20913"></trkpt>
      <trkpt lat="48.76236" lon="-3.20992"></trkpt>
      <trkpt lat="48.76224" lon="-3.21037"></trkpt>
      <trkpt lat="48.76214" lon="-3.21067"></trkpt>
      <trkpt lat="48.76203" lon="-3.21098"></trkpt>
      <trkpt lat="48.7619" lon="-3.21127"></trkpt>
      <trkpt lat="48.76161" lon="-3.21175"></trkpt>
      <trkpt lat="48.76106" lon="-3.21258"></trkpt>
      <trkpt lat="48.76079" lon="-3.21302"></trkpt>
      <trkpt lat="48.76061" lon="-3.2134"></trkpt>
      <trkpt lat="48.75995" lon="-3.21499"></trkpt>
      <trkpt lat="48.75927" lon="-3.21673"></trkpt>
      <trkpt lat="48.75916" lon="-3.21711"></trkpt>
      <trkpt lat="48.75888" lon="-3.2186"></trkpt>
      <trkpt lat="48.75877" lon="-3.21934"></trkpt>
      <trkpt lat="48.75873" lon="-3.21975"></trkpt>
      <trkpt lat="48.75863" lon="-3.2215"></trkpt>
      <trkpt lat="48.75859" lon="-3.22183"></trkpt>
      <trkpt lat="48.75849" lon="-3.22224"></trkpt>
      <trkpt lat="48.75829" lon="-3.22281"></trkpt>
      <trkpt lat="48.75779" lon="-3.22402"></trkpt>
      <trkpt lat="48.75759" lon="-3.22439"></trkpt>
      <trkpt lat="48.75747" lon="-3.22465"></trkpt>
      <trkpt lat="48.75736" lon="-3.22509"></trkpt>
      <trkpt lat="48.75732" lon="-3.22519"></trkpt>
      <trkpt lat="48.75701" lon="-3.22621"></trkpt>
      <trkpt lat="48.75689" lon="-3.22649"></trkpt>
      <trkpt lat="48.75675" lon="-3.22672"></trkpt>
      <trkpt lat="48.75672" lon="-3.22675"></trkpt>
      <trkpt lat="48.75647" lon="-3.22708"></trkpt>
      <trkpt lat="48.75633" lon="-3.22725"></trkpt>
      <trkpt lat="48.75615" lon="-3.2275"></trkpt>
      <trkpt lat="48.75603" lon="-3.22767"></trkpt>
      <trkpt lat="48.75596" lon="-3.22779"></trkpt>
      <trkpt lat="48.75578" lon="-3.22809"></trkpt>
      <trkpt lat="48.75571" lon="-3.22825"></trkpt>
      <trkpt lat="48.75568" lon="-3.22831"></trkpt>
      <trkpt lat="48.75544" lon="-3.22901"></trkpt>
      <trkpt lat="48.75538" lon="-3.22921"></trkpt>
      <trkpt lat="48.75528" lon="-3.22962"></trkpt>
      <trkpt lat="48.75521" lon="-3.22998"></trkpt>
      <trkpt lat="48.75515" lon="-3.23028"></trkpt>
      <trkpt lat="48.75501" lon="-3.23124"></trkpt>
      <trkpt lat="48.75495" lon="-3.23168"></trkpt>
      <trkpt lat="48.75482" lon="-3.23244"></trkpt>
      <trkpt lat="48.75478" lon="-3.2327"></trkpt>
      <trkpt lat="48.75472" lon="-3.23309"></trkpt>
      <trkpt lat="48.75459" lon="-3.23392"></trkpt>
      <trkpt lat="48.75428" lon="-3.23614"></trkpt>
      <trkpt lat="48.75422" lon="-3.23646"></trkpt>
      <trkpt lat="48.75421" lon="-3.23651"></trkpt>
      <trkpt lat="48.75413" lon="-3.23685"></trkpt>
      <trkpt lat="48.75384" lon="-3.23778"></trkpt>
      <trkpt lat="48.75375" lon="-3.2382"></trkpt>
      <trkpt lat="48.7536" lon="-3.23894"></trkpt>
      <trkpt lat="48.75351" lon="-3.23922"></trkpt>
      <trkpt lat="48.75342" lon="-3.23942"></trkpt>
      <trkpt lat="48.75326" lon="-3.23967"></trkpt>
      <trkpt lat="48.75306" lon="-3.23995"></trkpt>
      <trkpt lat="48.75279" lon="-3.24032"></trkpt>
      <trkpt lat="48.75258" lon="-3.24065"></trkpt>
      <trkpt lat="48.75256" lon="-3.24069"></trkpt>
      <trkpt lat="48.75238" lon="-3.24104"></trkpt>
      <trkpt lat="48.75223" lon="-3.24128"></trkpt>
      <trkpt lat="48.75208" lon="-3.24148"></trkpt>
      <trkpt lat="48.75206" lon="-3.2415"></trkpt>
      <trkpt lat="48.75184" lon="-3.24187"></trkpt>
      <trkpt lat="48.75168" lon="-3.24225"></trkpt>
      <trkpt lat="48.75166" lon="-3.24235"></trkpt>
      <trkpt lat="48.75163" lon="-3.24251"></trkpt>
      <trkpt lat="48.75161" lon="-3.24259"></trkpt>
      <trkpt lat="48.75159" lon="-3.2428"></trkpt>
      <trkpt lat="48.75155" lon="-3.24325"></trkpt>
      <trkpt lat="48.75153" lon="-3.24367"></trkpt>
      <trkpt lat="48.75146" lon="-3.24487"></trkpt>
      <trkpt lat="48.75143" lon="-3.24514"></trkpt>
      <trkpt lat="48.75142" lon="-3.24524"></trkpt>
      <trkpt lat="48.75136" lon="-3.24546"></trkpt>
      <trkpt lat="48.75135" lon="-3.24549"></trkpt>
      <trkpt lat="48.75118" lon="-3.24597"></trkpt>
      <trkpt lat="48.7511" lon="-3.24618"></trkpt>
      <trkpt lat="48.75094" lon="-3.24651"></trkpt>
      <trkpt lat="48.75026" lon="-3.24788"></trkpt>
      <trkpt lat="48.74972" lon="-3.24879"></trkpt>
      <trkpt lat="48.74965" lon="-3.24892"></trkpt>
      <trkpt lat="48.74958" lon="-3.24906"></trkpt>
      <trkpt lat="48.74953" lon="-3.2492"></trkpt>
      <trkpt lat="48.7495" lon="-3.24931"></trkpt>
      <trkpt lat="48.74926" lon="-3.24979"></trkpt>
      <trkpt lat="48.74905" lon="-3.25008"></trkpt>
      <trkpt lat="48.74874" lon="-3.25054"></trkpt>
      <trkpt lat="48.74864" lon="-3.25067"></trkpt>
      <trkpt lat="48.74848" lon="-3.25104"></trkpt>
      <trkpt lat="48.74842" lon="-3.25125"></trkpt>
      <trkpt lat="48.74837" lon="-3.25152"></trkpt>
      <trkpt lat="48.74833" lon="-3.25177"></trkpt>
      <trkpt lat="48.74838" lon="-3.25178"></trkpt>
      <trkpt lat="48.74848" lon="-3.25185"></trkpt>
      <trkpt lat="48.74853" lon="-3.25192"></trkpt>
      <trkpt lat="48.74855" lon="-3.25195"></trkpt>
      <trkpt lat="48.74857" lon="-3.25201"></trkpt>
      <trkpt lat="48.74861" lon="-3.25214"></trkpt>
      <trkpt lat="48.74862" lon="-3.25219"></trkpt>
      <trkpt lat="48.74863" lon="-3.2523"></trkpt>
      <trkpt lat="48.74863" lon="-3.25239"></trkpt>
      <trkpt lat="48.74862" lon="-3.25246"></trkpt>
      <trkpt lat="48.74867" lon="-3.25259"></trkpt>
      <trkpt lat="48.74871" lon="-3.25267"></trkpt>
      <trkpt lat="48.74916" lon="-3.25323"></trkpt>
      <trkpt lat="48.74921" lon="-3.25337"></trkpt>
      <trkpt lat="48.74961" lon="-3.254"></trkpt>
      <trkpt lat="48.74979" lon="-3.25433"></trkpt>
      <trkpt lat="48.75012" lon="-3.25501"></trkpt>
      <trkpt lat="48.75077" lon="-3.25652"></trkpt>
      <trkpt lat="48.7509" lon="-3.25677"></trkpt>
      <trkpt lat="48.75099" lon="-3.25699"></trkpt>
      <trkpt lat="48.75111" lon="-3.25729"></trkpt>
      <trkpt lat="48.75135" lon="-3.25788"></trkpt>
      <trkpt lat="48.75149" lon="-3.25827"></trkpt>
      <trkpt lat="48.75174" lon="-3.25913"></trkpt>
      <trkpt lat="48.75189" lon="-3.25966"></trkpt>
      <trkpt lat="48.75202" lon="-3.25987"></trkpt>
      <trkpt lat="48.75256" lon="-3.26124"></trkpt>
      <trkpt lat="48.75263" lon="-3.26123"></trkpt>
      <trkpt lat="48.75266" lon="-3.26123"></trkpt>
      <trkpt lat="48.7527" lon="-3.26125"></trkpt>
      <trkpt lat="48.75274" lon="-3.26127"></trkpt>
      <trkpt lat="48.75279" lon="-3.26133"></trkpt>
      <trkpt lat="48.75282" lon="-3.26139"></trkpt>
      <trkpt lat="48.75284" lon="-3.26144"></trkpt>
      <trkpt lat="48.75285" lon="-3.26149"></trkpt>
      <trkpt lat="48.75285" lon="-3.26159"></trkpt>
      <trkpt lat="48.75284" lon="-3.26169"></trkpt>
      <trkpt lat="48.7528" lon="-3.26177"></trkpt>
      <trkpt lat="48.7528" lon="-3.26186"></trkpt>
      <trkpt lat="48.7528" lon="-3.26194"></trkpt>
      <trkpt lat="48.75283" lon="-3.26205"></trkpt>
      <trkpt lat="48.75374" lon="-3.26439"></trkpt>
      <trkpt lat="48.75377" lon="-3.26451"></trkpt>
      <trkpt lat="48.75408" lon="-3.26525"></trkpt>
      <trkpt lat="48.75452" lon="-3.26632"></trkpt>
      <trkpt lat="48.75466" lon="-3.26677"></trkpt>
      <trkpt lat="48.75528" lon="-3.26826"></trkpt>
      <trkpt lat="48.75646" lon="-3.27116"></trkpt>
      <trkpt lat="48.75663" lon="-3.27164"></trkpt>
      <trkpt lat="48.75696" lon="-3.27275"></trkpt>
      <trkpt lat="48.75713" lon="-3.27357"></trkpt>
      <trkpt lat="48.75719" lon="-3.27393"></trkpt>
      <trkpt lat="48.75721" lon="-3.27404"></trkpt>
      <trkpt lat="48.75732" lon="-3.27504"></trkpt>
      <trkpt lat="48.75732" lon="-3.27507"></trkpt>
      <trkpt lat="48.75736" lon="-3.27565"></trkpt>
      <trkpt lat="48.75738" lon="-3.27662"></trkpt>
      <trkpt lat="48.75736" lon="-3.27709"></trkpt>
      <trkpt lat="48.75732" lon="-3.27761"></trkpt>
      <trkpt lat="48.75732" lon="-3.27764"></trkpt>
      <trkpt lat="48.75719" lon="-3.27883"></trkpt>
      <trkpt lat="48.75732" lon="-3.27883"></trkpt>
      <trkpt lat="48.75738" lon="-3.27883"></trkpt>
      <trkpt lat="48.75768" lon="-3.27878"></trkpt>
      <trkpt lat="48.75943" lon="-3.2786"></trkpt>
      <trkpt lat="48.75975" lon="-3.27852"></trkpt>
      <trkpt lat="48.75991" lon="-3.27845"></trkpt>
      <trkpt lat="48.76005" lon="-3.27842"></trkpt>
      <trkpt lat="48.76018" lon="-3.27843"></trkpt>
      <trkpt lat="48.76027" lon="-3.27846"></trkpt>
      <trkpt lat="48.76049" lon="-3.27856"></trkpt>
      <trkpt lat="48.76065" lon="-3.27863"></trkpt>
      <trkpt lat="48.76123" lon="-3.27904"></trkpt>
      <trkpt lat="48.76134" lon="-3.27907"></trkpt>
      <trkpt lat="48.7615" lon="-3.27907"></trkpt>
      <trkpt lat="48.76212" lon="-3.27882"></trkpt>
      <trkpt lat="48.76238" lon="-3.27881"></trkpt>
      <trkpt lat="48.76256" lon="-3.27876"></trkpt>
      <trkpt lat="48.76267" lon="-3.27866"></trkpt>
      <trkpt lat="48.7629" lon="-3.27842"></trkpt>
      <trkpt lat="48.76305" lon="-3.27828"></trkpt>
      <trkpt lat="48.76314" lon="-3.27823"></trkpt>
      <trkpt lat="48.76326" lon="-3.27819"></trkpt>
      <trkpt lat="48.76335" lon="-3.27819"></trkpt>
      <trkpt lat="48.76348" lon="-3.27823"></trkpt>
      <trkpt lat="48.76363" lon="-3.27832"></trkpt>
      <trkpt lat="48.76373" lon="-3.27841"></trkpt>
      <trkpt lat="48.76389" lon="-3.27853"></trkpt>
      <trkpt lat="48.76427" lon="-3.2786"></trkpt>
      <trkpt lat="48.76494" lon="-3.27867"></trkpt>
      <trkpt lat="48.76544" lon="-3.27863"></trkpt>
      <trkpt lat="48.76634" lon="-3.27879"></trkpt>
      <trkpt lat="48.76697" lon="-3.27911"></trkpt>
      <trkpt lat="48.76711" lon="-3.27916"></trkpt>
      <trkpt lat="48.76727" lon="-3.27919"></trkpt>
      <trkpt lat="48.76756" lon="-3.27919"></trkpt>
      <trkpt lat="48.7677" lon="-3.27916"></trkpt>
      <trkpt lat="48.7681" lon="-3.27907"></trkpt>
      <trkpt lat="48.76825" lon="-3.27901"></trkpt>
      <trkpt lat="48.76839" lon="-3.27892"></trkpt>
      <trkpt lat="48.76855" lon="-3.27876"></trkpt>
      <trkpt lat="48.76867" lon="-3.27868"></trkpt>
      <trkpt lat="48.76884" lon="-3.27864"></trkpt>
      <trkpt lat="48.76939" lon="-3.27862"></trkpt>
      <trkpt lat="48.76957" lon="-3.27865"></trkpt>
      <trkpt lat="48.76965" lon="-3.27868"></trkpt>
      <trkpt lat="48.76981" lon="-3.27879"></trkpt>
      <trkpt lat="48.76992" lon="-3.27889"></trkpt>
      <trkpt lat="48.77013" lon="-3.27916"></trkpt>
      <trkpt lat="48.77036" lon="-3.27936"></trkpt>
      <trkpt lat="48.77048" lon="-3.27939"></trkpt>
      <trkpt lat="48.77062" lon="-3.2794"></trkpt>
      <trkpt lat="48.77084" lon="-3.27938"></trkpt>
      <trkpt lat="48.77103" lon="-3.27938"></trkpt>
      <trkpt lat="48.77115" lon="-3.2794"></trkpt>
      <trkpt lat="48.77127" lon="-3.27948"></trkpt>
      <trkpt lat="48.77137" lon="-3.27958"></trkpt>
      <trkpt lat="48.77163" lon="-3.27995"></trkpt>
      <trkpt lat="48.7718" lon="-3.28015"></trkpt>
      <trkpt lat="48.77199" lon="-3.28031"></trkpt>
      <trkpt lat="48.77275" lon="-3.28078"></trkpt>
      <trkpt lat="48.77315" lon="-3.28098"></trkpt>
      <trkpt lat="48.77326" lon="-3.28102"></trkpt>
      <trkpt lat="48.77366" lon="-3.28108"></trkpt>
      <trkpt lat="48.77398" lon="-3.28108"></trkpt>
      <trkpt lat="48.77419" lon="-3.28105"></trkpt>
      <trkpt lat="48.77428" lon="-3.28106"></trkpt>
      <trkpt lat="48.77435" lon="-3.28109"></trkpt>
      <trkpt lat="48.7744" lon="-3.28113"></trkpt>
      <trkpt lat="48.77446" lon="-3.28122"></trkpt>
      <trkpt lat="48.77453" lon="-3.28141"></trkpt>
      <trkpt lat="48.77458" lon="-3.28152"></trkpt>
      <trkpt lat="48.77463" lon="-3.28163"></trkpt>
      <trkpt lat="48.7748" lon="-3.28187"></trkpt>
      <trkpt lat="48.77494" lon="-3.282"></trkpt>
      <trkpt lat="48.77497" lon="-3.28207"></trkpt>
      <trkpt lat="48.77505" lon="-3.28217"></trkpt>
      <trkpt lat="48.77512" lon="-3.28223"></trkpt>
      <trkpt lat="48.77511" lon="-3.28241"></trkpt>
      <trkpt lat="48.77507" lon="-3.28278"></trkpt>
      <trkpt lat="48.77508" lon="-3.28291"></trkpt>
      <trkpt lat="48.77513" lon="-3.28323"></trkpt>
      <trkpt lat="48.77518" lon="-3.28345"></trkpt>
      <trkpt lat="48.77521" lon="-3.28361"></trkpt>
      <trkpt lat="48.77521" lon="-3.28362"></trkpt>
      <trkpt lat="48.77537" lon="-3.28463"></trkpt>
      <trkpt lat="48.77557" lon="-3.2856"></trkpt>
      <trkpt lat="48.77565" lon="-3.28638"></trkpt>
      <trkpt lat="48.77563" lon="-3.28701"></trkpt>
      <trkpt lat="48.77561" lon="-3.28718"></trkpt>
      <trkpt lat="48.77552" lon="-3.28763"></trkpt>
      <trkpt lat="48.77541" lon="-3.288"></trkpt>
      <trkpt lat="48.77529" lon="-3.28835"></trkpt>
      <trkpt lat="48.77516" lon="-3.28866"></trkpt>
      <trkpt lat="48.77499" lon="-3.28899"></trkpt>
      <trkpt lat="48.77485" lon="-3.28939"></trkpt>
      <trkpt lat="48.77469" lon="-3.28991"></trkpt>
      <trkpt lat="48.77461" lon="-3.29047"></trkpt>
      <trkpt lat="48.77462" lon="-3.29075"></trkpt>
      <trkpt lat="48.77467" lon="-3.29114"></trkpt>
      <trkpt lat="48.77473" lon="-3.29136"></trkpt>
      <trkpt lat="48.77484" lon="-3.29165"></trkpt>
      <trkpt lat="48.77503" lon="-3.29202"></trkpt>
      <trkpt lat="48.77516" lon="-3.29221"></trkpt>
      <trkpt lat="48.77524" lon="-3.29236"></trkpt>
      <trkpt lat="48.7753" lon="-3.29251"></trkpt>
      <trkpt lat="48.77539" lon="-3.29294"></trkpt>
      <trkpt lat="48.77542" lon="-3.29324"></trkpt>
      <trkpt lat="48.77544" lon="-3.29356"></trkpt>
      <trkpt lat="48.77551" lon="-3.2939"></trkpt>
      <trkpt lat="48.77554" lon="-3.29417"></trkpt>
      <trkpt lat="48.77554" lon="-3.29441"></trkpt>
      <trkpt lat="48.77549" lon="-3.29524"></trkpt>
      <trkpt lat="48.77552" lon="-3.29548"></trkpt>
      <trkpt lat="48.77558" lon="-3.2959"></trkpt>
      <trkpt lat="48.77559" lon="-3.29599"></trkpt>
      <trkpt lat="48.77567" lon="-3.29639"></trkpt>
      <trkpt lat="48.77573" lon="-3.2966"></trkpt>
      <trkpt lat="48.77599" lon="-3.29721"></trkpt>
      <trkpt lat="48.77607" lon="-3.29745"></trkpt>
      <trkpt lat="48.77621" lon="-3.29797"></trkpt>
      <trkpt lat="48.77641" lon="-3.29877"></trkpt>
      <trkpt lat="48.77649" lon="-3.29933"></trkpt>
      <trkpt lat="48.77656" lon="-3.29965"></trkpt>
      <trkpt lat="48.7766" lon="-3.29977"></trkpt>
      <trkpt lat="48.7767" lon="-3.29994"></trkpt>
      <trkpt lat="48.77701" lon="-3.30028"></trkpt>
      <trkpt lat="48.7774" lon="-3.3006"></trkpt>
      <trkpt lat="48.77753" lon="-3.30073"></trkpt>
      <trkpt lat="48.77769" lon="-3.30093"></trkpt>
      <trkpt lat="48.77774" lon="-3.30106"></trkpt>
      <trkpt lat="48.77776" lon="-3.3012"></trkpt>
      <trkpt lat="48.77771" lon="-3.30138"></trkpt>
      <trkpt lat="48.77762" lon="-3.30161"></trkpt>
      <trkpt lat="48.77751" lon="-3.30184"></trkpt>
      <trkpt lat="48.777" lon="-3.3024"></trkpt>
      <trkpt lat="48.77691" lon="-3.30257"></trkpt>
      <trkpt lat="48.77666" lon="-3.30316"></trkpt>
      <trkpt lat="48.77661" lon="-3.30336"></trkpt>
      <trkpt lat="48.77655" lon="-3.30365"></trkpt>
      <trkpt lat="48.77655" lon="-3.30396"></trkpt>
      <trkpt lat="48.77668" lon="-3.30456"></trkpt>
      <trkpt lat="48.77691" lon="-3.3046"></trkpt>
      <trkpt lat="48.77711" lon="-3.30463"></trkpt>
      <trkpt lat="48.77724" lon="-3.30467"></trkpt>
      <trkpt lat="48.77734" lon="-3.30477"></trkpt>
      <trkpt lat="48.77756" lon="-3.30504"></trkpt>
      <trkpt lat="48.77761" lon="-3.30511"></trkpt>
      <trkpt lat="48.77801" lon="-3.30561"></trkpt>
      <trkpt lat="48.77806" lon="-3.30567"></trkpt>
      <trkpt lat="48.77841" lon="-3.30622"></trkpt>
      <trkpt lat="48.77849" lon="-3.30635"></trkpt>
      <trkpt lat="48.77853" lon="-3.30644"></trkpt>
      <trkpt lat="48.77864" lon="-3.30681"></trkpt>
      <trkpt lat="48.77863" lon="-3.30702"></trkpt>
      <trkpt lat="48.77865" lon="-3.30752"></trkpt>
      <trkpt lat="48.77864" lon="-3.30776"></trkpt>
      <trkpt lat="48.77866" lon="-3.30826"></trkpt>
      <trkpt lat="48.77869" lon="-3.30858"></trkpt>
      <trkpt lat="48.77871" lon="-3.30881"></trkpt>
      <trkpt lat="48.77873" lon="-3.30897"></trkpt>
      <trkpt lat="48.779" lon="-3.31017"></trkpt>
      <trkpt lat="48.77907" lon="-3.31058"></trkpt>
      <trkpt lat="48.77919" lon="-3.31133"></trkpt>
      <trkpt lat="48.77924" lon="-3.31166"></trkpt>
      <trkpt lat="48.77924" lon="-3.3118"></trkpt>
      <trkpt lat="48.77923" lon="-3.31194"></trkpt>
      <trkpt lat="48.7792" lon="-3.31205"></trkpt>
      <trkpt lat="48.77912" lon="-3.31229"></trkpt>
      <trkpt lat="48.7793" lon="-3.31261"></trkpt>
      <trkpt lat="48.7793" lon="-3.31262"></trkpt>
      <trkpt lat="48.77941" lon="-3.31285"></trkpt>
      <trkpt lat="48.77955" lon="-3.31325"></trkpt>
      <trkpt lat="48.77961" lon="-3.31351"></trkpt>
      <trkpt lat="48.77958" lon="-3.31367"></trkpt>
      <trkpt lat="48.77963" lon="-3.31401"></trkpt>
      <trkpt lat="48.77975" lon="-3.31469"></trkpt>
      <trkpt lat="48.77994" lon="-3.31544"></trkpt>
      <trkpt lat="48.78013" lon="-3.3159"></trkpt>
      <trkpt lat="48.78022" lon="-3.31608"></trkpt>
      <trkpt lat="48.78063" lon="-3.31683"></trkpt>
      <trkpt lat="48.78079" lon="-3.31712"></trkpt>
      <trkpt lat="48.78101" lon="-3.31761"></trkpt>
      <trkpt lat="48.78109" lon="-3.31787"></trkpt>
      <trkpt lat="48.78111" lon="-3.31792"></trkpt>
      <trkpt lat="48.78117" lon="-3.31815"></trkpt>
      <trkpt lat="48.78123" lon="-3.31846"></trkpt>
      <trkpt lat="48.78125" lon="-3.31876"></trkpt>
      <trkpt lat="48.78126" lon="-3.31913"></trkpt>
      <trkpt lat="48.78127" lon="-3.31952"></trkpt>
      <trkpt lat="48.7813" lon="-3.31985"></trkpt>
      <trkpt lat="48.78136" lon="-3.32024"></trkpt>
      <trkpt lat="48.78144" lon="-3.32059"></trkpt>
      <trkpt lat="48.78156" lon="-3.32099"></trkpt>
      <trkpt lat="48.78175" lon="-3.32146"></trkpt>
      <trkpt lat="48.78196" lon="-3.32185"></trkpt>
      <trkpt lat="48.78241" lon="-3.32265"></trkpt>
      <trkpt lat="48.78275" lon="-3.32323"></trkpt>
      <trkpt lat="48.78299" lon="-3.32367"></trkpt>
      <trkpt lat="48.78314" lon="-3.32399"></trkpt>
      <trkpt lat="48.78338" lon="-3.32465"></trkpt>
      <trkpt lat="48.78343" lon="-3.32481"></trkpt>
      <trkpt lat="48.78369" lon="-3.32614"></trkpt>
      <trkpt lat="48.78382" lon="-3.32665"></trkpt>
      <trkpt lat="48.78388" lon="-3.32684"></trkpt>
      <trkpt lat="48.78415" lon="-3.32741"></trkpt>
      <trkpt lat="48.78439" lon="-3.32789"></trkpt>
      <trkpt lat="48.78451" lon="-3.32815"></trkpt>
      <trkpt lat="48.78471" lon="-3.32862"></trkpt>
      <trkpt lat="48.78484" lon="-3.32885"></trkpt>
      <trkpt lat="48.78487" lon="-3.3289"></trkpt>
      <trkpt lat="48.78497" lon="-3.32903"></trkpt>
      <trkpt lat="48.78499" lon="-3.329"></trkpt>
      <trkpt lat="48.78501" lon="-3.32899"></trkpt>
      <trkpt lat="48.78506" lon="-3.32895"></trkpt>
      <trkpt lat="48.78509" lon="-3.32895"></trkpt>
      <trkpt lat="48.78514" lon="-3.32895"></trkpt>
      <trkpt lat="48.78518" lon="-3.32896"></trkpt>
      <trkpt lat="48.7852" lon="-3.32897"></trkpt>
      <trkpt lat="48.78523" lon="-3.32901"></trkpt>
      <trkpt lat="48.78525" lon="-3.32904"></trkpt>
      <trkpt lat="48.78527" lon="-3.32911"></trkpt>
      <trkpt lat="48.78528" lon="-3.32914"></trkpt>
      <trkpt lat="48.78528" lon="-3.32916"></trkpt>
      <trkpt lat="48.78528" lon="-3.32923"></trkpt>
      <trkpt lat="48.78528" lon="-3.32927"></trkpt>
      <trkpt lat="48.78526" lon="-3.32934"></trkpt>
      <trkpt lat="48.78524" lon="-3.32937"></trkpt>
      <trkpt lat="48.78523" lon="-3.32939"></trkpt>
      <trkpt lat="48.78518" lon="-3.32943"></trkpt>
      <trkpt lat="48.78515" lon="-3.32945"></trkpt>
      <trkpt lat="48.78512" lon="-3.32946"></trkpt>
      <trkpt lat="48.78509" lon="-3.32945"></trkpt>
      <trkpt lat="48.78506" lon="-3.32944"></trkpt>
      <trkpt lat="48.78502" lon="-3.32941"></trkpt>
      <trkpt lat="48.78501" lon="-3.3294"></trkpt>
      <trkpt lat="48.78498" lon="-3.32935"></trkpt>
      <trkpt lat="48.78489" lon="-3.32939"></trkpt>
      <trkpt lat="48.78482" lon="-3.32943"></trkpt>
      <trkpt lat="48.78474" lon="-3.32949"></trkpt>
      <trkpt lat="48.78469" lon="-3.32954"></trkpt>
      <trkpt lat="48.78465" lon="-3.3296"></trkpt>
      <trkpt lat="48.78461" lon="-3.32966"></trkpt>
      <trkpt lat="48.78424" lon="-3.33044"></trkpt>
      <trkpt lat="48.78389" lon="-3.33126"></trkpt>
      <trkpt lat="48.78358" lon="-3.33194"></trkpt>
      <trkpt lat="48.7833" lon="-3.33256"></trkpt>
      <trkpt lat="48.78304" lon="-3.33312"></trkpt>
      <trkpt lat="48.78284" lon="-3.33356"></trkpt>
      <trkpt lat="48.78266" lon="-3.33396"></trkpt>
      <trkpt lat="48.78251" lon="-3.33421"></trkpt>
      <trkpt lat="48.78233" lon="-3.33445"></trkpt>
      <trkpt lat="48.78206" lon="-3.33474"></trkpt>
      <trkpt lat="48.78179" lon="-3.33506"></trkpt>
      <trkpt lat="48.78165" lon="-3.33527"></trkpt>
      <trkpt lat="48.78153" lon="-3.33555"></trkpt>
      <trkpt lat="48.78129" lon="-3.33629"></trkpt>
      <trkpt lat="48.78093" lon="-3.33745"></trkpt>
      <trkpt lat="48.78091" lon="-3.33752"></trkpt>
      <trkpt lat="48.78085" lon="-3.33777"></trkpt>
      <trkpt lat="48.7808" lon="-3.33795"></trkpt>
      <trkpt lat="48.78052" lon="-3.33939"></trkpt>
      <trkpt lat="48.78047" lon="-3.33972"></trkpt>
      <trkpt lat="48.78044" lon="-3.33984"></trkpt>
      <trkpt lat="48.78039" lon="-3.34004"></trkpt>
      <trkpt lat="48.78016" lon="-3.34088"></trkpt>
      <trkpt lat="48.78012" lon="-3.34124"></trkpt>
      <trkpt lat="48.7801" lon="-3.34177"></trkpt>
      <trkpt lat="48.78003" lon="-3.3422"></trkpt>
      <trkpt lat="48.77995" lon="-3.34262"></trkpt>
      <trkpt lat="48.77986" lon="-3.3429"></trkpt>
      <trkpt lat="48.77956" lon="-3.34366"></trkpt>
      <trkpt lat="48.77975" lon="-3.34419"></trkpt>
      <trkpt lat="48.77987" lon="-3.34438"></trkpt>
      <trkpt lat="48.78034" lon="-3.34504"></trkpt>
      <trkpt lat="48.7806" lon="-3.34533"></trkpt>
      <trkpt lat="48.78087" lon="-3.34558"></trkpt>
      <trkpt lat="48.7811" lon="-3.34572"></trkpt>
      <trkpt lat="48.78133" lon="-3.34581"></trkpt>
      <trkpt lat="48.78183" lon="-3.34593"></trkpt>
      <trkpt lat="48.78198" lon="-3.34598"></trkpt>
      <trkpt lat="48.78216" lon="-3.34613"></trkpt>
      <trkpt lat="48.78227" lon="-3.34617"></trkpt>
      <trkpt lat="48.78233" lon="-3.34618"></trkpt>
      <trkpt lat="48.78245" lon="-3.34618"></trkpt>
      <trkpt lat="48.78301" lon="-3.34602"></trkpt>
      <trkpt lat="48.78309" lon="-3.34601"></trkpt>
      <trkpt lat="48.78326" lon="-3.34604"></trkpt>
      <trkpt lat="48.7834" lon="-3.34611"></trkpt>
      <trkpt lat="48.78405" lon="-3.34663"></trkpt>
      <trkpt lat="48.78499" lon="-3.3473"></trkpt>
      <trkpt lat="48.78537" lon="-3.3477"></trkpt>
      <trkpt lat="48.7855" lon="-3.3479"></trkpt>
      <trkpt lat="48.78561" lon="-3.34815"></trkpt>
      <trkpt lat="48.78567" lon="-3.34834"></trkpt>
      <trkpt lat="48.78569" lon="-3.3485"></trkpt>
      <trkpt lat="48.7857" lon="-3.34864"></trkpt>
      <trkpt lat="48.78569" lon="-3.34879"></trkpt>
      <trkpt lat="48.78562" lon="-3.34916"></trkpt>
      <trkpt lat="48.7856" lon="-3.34937"></trkpt>
      <trkpt lat="48.78557" lon="-3.34968"></trkpt>
      <trkpt lat="48.78557" lon="-3.35004"></trkpt>
      <trkpt lat="48.7856" lon="-3.35027"></trkpt>
      <trkpt lat="48.78583" lon="-3.35119"></trkpt>
      <trkpt lat="48.78605" lon="-3.35194"></trkpt>
      <trkpt lat="48.78624" lon="-3.35251"></trkpt>
      <trkpt lat="48.78647" lon="-3.35327"></trkpt>
      <trkpt lat="48.78671" lon="-3.35419"></trkpt>
      <trkpt lat="48.78683" lon="-3.35459"></trkpt>
      <trkpt lat="48.78708" lon="-3.35529"></trkpt>
      <trkpt lat="48.78731" lon="-3.35629"></trkpt>
      <trkpt lat="48.78742" lon="-3.35667"></trkpt>
      <trkpt lat="48.7875" lon="-3.35681"></trkpt>
      <trkpt lat="48.78761" lon="-3.35691"></trkpt>
      <trkpt lat="48.78777" lon="-3.35702"></trkpt>
      <trkpt lat="48.78804" lon="-3.35715"></trkpt>
      <trkpt lat="48.78829" lon="-3.35733"></trkpt>
      <trkpt lat="48.78838" lon="-3.35742"></trkpt>
      <trkpt lat="48.78843" lon="-3.35747"></trkpt>
      <trkpt lat="48.78942" lon="-3.35847"></trkpt>
      <trkpt lat="48.78967" lon="-3.35866"></trkpt>
      <trkpt lat="48.78989" lon="-3.35877"></trkpt>
      <trkpt lat="48.7902" lon="-3.35897"></trkpt>
      <trkpt lat="48.79095" lon="-3.35956"></trkpt>
      <trkpt lat="48.79122" lon="-3.3598"></trkpt>
      <trkpt lat="48.7914" lon="-3.35999"></trkpt>
      <trkpt lat="48.79218" lon="-3.36101"></trkpt>
      <trkpt lat="48.7924" lon="-3.36131"></trkpt>
      <trkpt lat="48.79274" lon="-3.36166"></trkpt>
      <trkpt lat="48.7928" lon="-3.36173"></trkpt>
      <trkpt lat="48.79285" lon="-3.36182"></trkpt>
      <trkpt lat="48.79291" lon="-3.36191"></trkpt>
      <trkpt lat="48.79316" lon="-3.36276"></trkpt>
      <trkpt lat="48.79325" lon="-3.36301"></trkpt>
      <trkpt lat="48.79349" lon="-3.36339"></trkpt>
      <trkpt lat="48.79359" lon="-3.36358"></trkpt>
      <trkpt lat="48.79373" lon="-3.36348"></trkpt>
      <trkpt lat="48.79417" lon="-3.36329"></trkpt>
      <trkpt lat="48.79456" lon="-3.36318"></trkpt>
      <trkpt lat="48.7948" lon="-3.36315"></trkpt>
      <trkpt lat="48.79501" lon="-3.36317"></trkpt>
      <trkpt lat="48.79561" lon="-3.36327"></trkpt>
      <trkpt lat="48.79556" lon="-3.36353"></trkpt>
      <trkpt lat="48.79542" lon="-3.36396"></trkpt>
      <trkpt lat="48.79522" lon="-3.3645"></trkpt>
      <trkpt lat="48.79466" lon="-3.36609"></trkpt>
      <trkpt lat="48.79432" lon="-3.36693"></trkpt>
      <trkpt lat="48.79398" lon="-3.36739"></trkpt>
      <trkpt lat="48.79375" lon="-3.36782"></trkpt>
      <trkpt lat="48.79358" lon="-3.36831"></trkpt>
      <trkpt lat="48.79347" lon="-3.36855"></trkpt>
      <trkpt lat="48.79341" lon="-3.36862"></trkpt>
      <trkpt lat="48.79336" lon="-3.36865"></trkpt>
      <trkpt lat="48.79306" lon="-3.3688"></trkpt>
      <trkpt lat="48.79282" lon="-3.36901"></trkpt>
      <trkpt lat="48.79275" lon="-3.3691"></trkpt>
      <trkpt lat="48.79253" lon="-3.3695"></trkpt>
      <trkpt lat="48.7922" lon="-3.37007"></trkpt>
      <trkpt lat="48.79205" lon="-3.37037"></trkpt>
      <trkpt lat="48.79197" lon="-3.37061"></trkpt>
      <trkpt lat="48.79186" lon="-3.37093"></trkpt>
      <trkpt lat="48.79157" lon="-3.37166"></trkpt>
      <trkpt lat="48.79154" lon="-3.37217"></trkpt>
      <trkpt lat="48.79155" lon="-3.37251"></trkpt>
      <trkpt lat="48.79157" lon="-3.37278"></trkpt>
      <trkpt lat="48.79159" lon="-3.37295"></trkpt>
      <trkpt lat="48.79172" lon="-3.37331"></trkpt>
      <trkpt lat="48.7921" lon="-3.37391"></trkpt>
      <trkpt lat="48.79226" lon="-3.37418"></trkpt>
      <trkpt lat="48.79257" lon="-3.37482"></trkpt>
      <trkpt lat="48.79291" lon="-3.37559"></trkpt>
      <trkpt lat="48.79294" lon="-3.37569"></trkpt>
      <trkpt lat="48.79295" lon="-3.37573"></trkpt>
      <trkpt lat="48.79295" lon="-3.37581"></trkpt>
      <trkpt lat="48.79294" lon="-3.37635"></trkpt>
      <trkpt lat="48.79297" lon="-3.37657"></trkpt>
      <trkpt lat="48.79302" lon="-3.37676"></trkpt>
      <trkpt lat="48.79313" lon="-3.37695"></trkpt>
      <trkpt lat="48.79367" lon="-3.37768"></trkpt>
      <trkpt lat="48.79397" lon="-3.3782"></trkpt>
      <trkpt lat="48.79413" lon="-3.37854"></trkpt>
      <trkpt lat="48.79448" lon="-3.37942"></trkpt>
      <trkpt lat="48.79476" lon="-3.38009"></trkpt>
      <trkpt lat="48.79482" lon="-3.38029"></trkpt>
      <trkpt lat="48.79496" lon="-3.38072"></trkpt>
      <trkpt lat="48.79501" lon="-3.38084"></trkpt>
      <trkpt lat="48.79507" lon="-3.38098"></trkpt>
      <trkpt lat="48.79519" lon="-3.38116"></trkpt>
      <trkpt lat="48.79539" lon="-3.38134"></trkpt>
      <trkpt lat="48.79565" lon="-3.38143"></trkpt>
      <trkpt lat="48.7964" lon="-3.38168"></trkpt>
      <trkpt lat="48.79663" lon="-3.38164"></trkpt>
      <trkpt lat="48.79681" lon="-3.38157"></trkpt>
      <trkpt lat="48.79695" lon="-3.38148"></trkpt>
      <trkpt lat="48.79707" lon="-3.38136"></trkpt>
      <trkpt lat="48.79717" lon="-3.38124"></trkpt>
      <trkpt lat="48.79727" lon="-3.38107"></trkpt>
      <trkpt lat="48.79753" lon="-3.38059"></trkpt>
      <trkpt lat="48.79756" lon="-3.38054"></trkpt>
      <trkpt lat="48.79761" lon="-3.38048"></trkpt>
      <trkpt lat="48.79765" lon="-3.38045"></trkpt>
      <trkpt lat="48.79777" lon="-3.38039"></trkpt>
      <trkpt lat="48.79781" lon="-3.38036"></trkpt>
      <trkpt lat="48.79789" lon="-3.38034"></trkpt>
      <trkpt lat="48.7982" lon="-3.38031"></trkpt>
      <trkpt lat="48.79866" lon="-3.38033"></trkpt>
      <trkpt lat="48.79911" lon="-3.38032"></trkpt>
      <trkpt lat="48.79928" lon="-3.3803"></trkpt>
      <trkpt lat="48.79939" lon="-3.38033"></trkpt>
      <trkpt lat="48.79946" lon="-3.38037"></trkpt>
      <trkpt lat="48.79918" lon="-3.38067"></trkpt>
      <trkpt lat="48.79908" lon="-3.38082"></trkpt>
      <trkpt lat="48.79883" lon="-3.38122"></trkpt>
      <trkpt lat="48.79863" lon="-3.3817"></trkpt>
      <trkpt lat="48.79839" lon="-3.38244"></trkpt>
      <trkpt lat="48.79828" lon="-3.3827"></trkpt>
      <trkpt lat="48.79817" lon="-3.3829"></trkpt>
      <trkpt lat="48.79812" lon="-3.38299"></trkpt>
      <trkpt lat="48.79799" lon="-3.38314"></trkpt>
      <trkpt lat="48.79786" lon="-3.38326"></trkpt>
      <trkpt lat="48.7975" lon="-3.38354"></trkpt>
      <trkpt lat="48.79728" lon="-3.38368"></trkpt>
      <trkpt lat="48.79721" lon="-3.38371"></trkpt>
      <trkpt lat="48.79699" lon="-3.38376"></trkpt>
      <trkpt lat="48.79682" lon="-3.38374"></trkpt>
      <trkpt lat="48.79669" lon="-3.3837"></trkpt>
      <trkpt lat="48.79637" lon="-3.38349"></trkpt>
      <trkpt lat="48.79618" lon="-3.38332"></trkpt>
      <trkpt lat="48.79594" lon="-3.38309"></trkpt>
      <trkpt lat="48.79572" lon="-3.38283"></trkpt>
      <trkpt lat="48.79553" lon="-3.38256"></trkpt>
      <trkpt lat="48.79503" lon="-3.38172"></trkpt>
      <trkpt lat="48.79468" lon="-3.38122"></trkpt>
      <trkpt lat="48.79454" lon="-3.38099"></trkpt>
      <trkpt lat="48.79443" lon="-3.38074"></trkpt>
      <trkpt lat="48.79426" lon="-3.38028"></trkpt>
      <trkpt lat="48.79418" lon="-3.38013"></trkpt>
      <trkpt lat="48.79396" lon="-3.37985"></trkpt>
      <trkpt lat="48.79383" lon="-3.37972"></trkpt>
      <trkpt lat="48.79368" lon="-3.37949"></trkpt>
      <trkpt lat="48.79358" lon="-3.37922"></trkpt>
      <trkpt lat="48.79348" lon="-3.37895"></trkpt>
      <trkpt lat="48.7934" lon="-3.37878"></trkpt>
      <trkpt lat="48.7933" lon="-3.37864"></trkpt>
      <trkpt lat="48.79277" lon="-3.37808"></trkpt>
      <trkpt lat="48.79246" lon="-3.37775"></trkpt>
      <trkpt lat="48.79231" lon="-3.37763"></trkpt>
      <trkpt lat="48.79227" lon="-3.37761"></trkpt>
      <trkpt lat="48.79221" lon="-3.37759"></trkpt>
      <trkpt lat="48.79215" lon="-3.37759"></trkpt>
      <trkpt lat="48.79206" lon="-3.37761"></trkpt>
      <trkpt lat="48.792" lon="-3.37765"></trkpt>
      <trkpt lat="48.7919" lon="-3.37783"></trkpt>
      <trkpt lat="48.79183" lon="-3.37802"></trkpt>
      <trkpt lat="48.79168" lon="-3.37831"></trkpt>
      <trkpt lat="48.79147" lon="-3.3785"></trkpt>
      <trkpt lat="48.79102" lon="-3.37878"></trkpt>
      <trkpt lat="48.79095" lon="-3.37884"></trkpt>
      <trkpt lat="48.7909" lon="-3.37891"></trkpt>
      <trkpt lat="48.79082" lon="-3.37908"></trkpt>
      <trkpt lat="48.79056" lon="-3.37997"></trkpt>
      <trkpt lat="48.79052" lon="-3.3801"></trkpt>
      <trkpt lat="48.79027" lon="-3.38101"></trkpt>
      <trkpt lat="48.79021" lon="-3.38136"></trkpt>
      <trkpt lat="48.79016" lon="-3.38223"></trkpt>
      <trkpt lat="48.79016" lon="-3.38228"></trkpt>
      <trkpt lat="48.79016" lon="-3.38279"></trkpt>
      <trkpt lat="48.79017" lon="-3.38336"></trkpt>
      <trkpt lat="48.79016" lon="-3.38379"></trkpt>
      <trkpt lat="48.79015" lon="-3.38392"></trkpt>
      <trkpt lat="48.79015" lon="-3.38447"></trkpt>
      <trkpt lat="48.79014" lon="-3.38479"></trkpt>
      <trkpt lat="48.79009" lon="-3.38502"></trkpt>
      <trkpt lat="48.79003" lon="-3.38526"></trkpt>
      <trkpt lat="48.78985" lon="-3.38591"></trkpt>
      <trkpt lat="48.78973" lon="-3.38626"></trkpt>
      <trkpt lat="48.78957" lon="-3.3867"></trkpt>
      <trkpt lat="48.78951" lon="-3.38698"></trkpt>
      <trkpt lat="48.78933" lon="-3.38814"></trkpt>
      <trkpt lat="48.78924" lon="-3.38846"></trkpt>
      <trkpt lat="48.78912" lon="-3.38877"></trkpt>
      <trkpt lat="48.78937" lon="-3.3888"></trkpt>
      <trkpt lat="48.78991" lon="-3.38885"></trkpt>
      <trkpt lat="48.79015" lon="-3.3889"></trkpt>
      <trkpt lat="48.79066" lon="-3.38901"></trkpt>
      <trkpt lat="48.79072" lon="-3.38932"></trkpt>
      <trkpt lat="48.79078" lon="-3.38946"></trkpt>
      <trkpt lat="48.79122" lon="-3.39021"></trkpt>
      <trkpt lat="48.79153" lon="-3.39077"></trkpt>
      <trkpt lat="48.79168" lon="-3.39106"></trkpt>
      <trkpt lat="48.79188" lon="-3.39143"></trkpt>
      <trkpt lat="48.79195" lon="-3.39162"></trkpt>
      <trkpt lat="48.79201" lon="-3.39183"></trkpt>
      <trkpt lat="48.79213" lon="-3.39297"></trkpt>
      <trkpt lat="48.7922" lon="-3.39342"></trkpt>
      <trkpt lat="48.79233" lon="-3.394"></trkpt>
      <trkpt lat="48.7924" lon="-3.39441"></trkpt>
      <trkpt lat="48.79242" lon="-3.39461"></trkpt>
      <trkpt lat="48.79243" lon="-3.39533"></trkpt>
      <trkpt lat="48.79245" lon="-3.39548"></trkpt>
      <trkpt lat="48.7925" lon="-3.3957"></trkpt>
      <trkpt lat="48.79264" lon="-3.39612"></trkpt>
      <trkpt lat="48.79285" lon="-3.39697"></trkpt>
      <trkpt lat="48.793" lon="-3.39745"></trkpt>
      <trkpt lat="48.79306" lon="-3.39773"></trkpt>
      <trkpt lat="48.79315" lon="-3.39839"></trkpt>
      <trkpt lat="48.79321" lon="-3.39918"></trkpt>
      <trkpt lat="48.7933" lon="-3.39999"></trkpt>
      <trkpt lat="48.7933" lon="-3.40018"></trkpt>
      <trkpt lat="48.79336" lon="-3.40068"></trkpt>
      <trkpt lat="48.79339" lon="-3.40121"></trkpt>
      <trkpt lat="48.79339" lon="-3.40178"></trkpt>
      <trkpt lat="48.79344" lon="-3.4024"></trkpt>
      <trkpt lat="48.79345" lon="-3.40244"></trkpt>
      <trkpt lat="48.79355" lon="-3.40337"></trkpt>
      <trkpt lat="48.7936" lon="-3.40373"></trkpt>
      <trkpt lat="48.79367" lon="-3.40445"></trkpt>
      <trkpt lat="48.79382" lon="-3.40551"></trkpt>
      <trkpt lat="48.79386" lon="-3.40564"></trkpt>
      <trkpt lat="48.79383" lon="-3.40574"></trkpt>
      <trkpt lat="48.79383" lon="-3.40576"></trkpt>
      <trkpt lat="48.79379" lon="-3.40599"></trkpt>
      <trkpt lat="48.79376" lon="-3.40639"></trkpt>
      <trkpt lat="48.79374" lon="-3.4073"></trkpt>
      <trkpt lat="48.79374" lon="-3.40769"></trkpt>
      <trkpt lat="48.79369" lon="-3.40784"></trkpt>
      <trkpt lat="48.79363" lon="-3.40845"></trkpt>
      <trkpt lat="48.79359" lon="-3.40853"></trkpt>
      <trkpt lat="48.79352" lon="-3.40861"></trkpt>
      <trkpt lat="48.79366" lon="-3.40906"></trkpt>
      <trkpt lat="48.79378" lon="-3.40956"></trkpt>
      <trkpt lat="48.79385" lon="-3.41005"></trkpt>
      <trkpt lat="48.79389" lon="-3.41015"></trkpt>
      <trkpt lat="48.79408" lon="-3.41096"></trkpt>
      <trkpt lat="48.79418" lon="-3.41118"></trkpt>
      <trkpt lat="48.79436" lon="-3.41146"></trkpt>
      <trkpt lat="48.79444" lon="-3.41164"></trkpt>
      <trkpt lat="48.79453" lon="-3.41204"></trkpt>
      <trkpt lat="48.79461" lon="-3.41249"></trkpt>
      <trkpt lat="48.79474" lon="-3.41307"></trkpt>
      <trkpt lat="48.79481" lon="-3.41343"></trkpt>
      <trkpt lat="48.7949" lon="-3.41385"></trkpt>
      <trkpt lat="48.79492" lon="-3.41386"></trkpt>
      <trkpt lat="48.79493" lon="-3.41386"></trkpt>
      <trkpt lat="48.79495" lon="-3.41389"></trkpt>
      <trkpt lat="48.79496" lon="-3.4139"></trkpt>
      <trkpt lat="48.79498" lon="-3.41398"></trkpt>
      <trkpt lat="48.79498" lon="-3.41405"></trkpt>
      <trkpt lat="48.79496" lon="-3.4141"></trkpt>
      <trkpt lat="48.79493" lon="-3.41415"></trkpt>
      <trkpt lat="48.79488" lon="-3.41416"></trkpt>
      <trkpt lat="48.79483" lon="-3.41507"></trkpt>
      <trkpt lat="48.79482" lon="-3.41512"></trkpt>
      <trkpt lat="48.79472" lon="-3.41579"></trkpt>
      <trkpt lat="48.7947" lon="-3.41608"></trkpt>
      <trkpt lat="48.7947" lon="-3.41613"></trkpt>
      <trkpt lat="48.79468" lon="-3.41671"></trkpt>
      <trkpt lat="48.79468" lon="-3.4168"></trkpt>
      <trkpt lat="48.79475" lon="-3.4174"></trkpt>
      <trkpt lat="48.79482" lon="-3.4177"></trkpt>
      <trkpt lat="48.7949" lon="-3.41798"></trkpt>
      <trkpt lat="48.79542" lon="-3.41941"></trkpt>
      <trkpt lat="48.79553" lon="-3.41978"></trkpt>
      <trkpt lat="48.79565" lon="-3.42022"></trkpt>
      <trkpt lat="48.79577" lon="-3.4208"></trkpt>
      <trkpt lat="48.7958" lon="-3.42091"></trkpt>
      <trkpt lat="48.79583" lon="-3.42122"></trkpt>
      <trkpt lat="48.79589" lon="-3.42184"></trkpt>
      <trkpt lat="48.79591" lon="-3.42202"></trkpt>
      <trkpt lat="48.79593" lon="-3.42236"></trkpt>
      <trkpt lat="48.79602" lon="-3.4237"></trkpt>
      <trkpt lat="48.79602" lon="-3.4238"></trkpt>
      <trkpt lat="48.79604" lon="-3.4241"></trkpt>
      <trkpt lat="48.7961" lon="-3.42478"></trkpt>
      <trkpt lat="48.79613" lon="-3.42518"></trkpt>
      <trkpt lat="48.79616" lon="-3.42545"></trkpt>
      <trkpt lat="48.79619" lon="-3.42563"></trkpt>
      <trkpt lat="48.79623" lon="-3.42586"></trkpt>
      <trkpt lat="48.79634" lon="-3.42658"></trkpt>
      <trkpt lat="48.79638" lon="-3.42684"></trkpt>
      <trkpt lat="48.79641" lon="-3.42705"></trkpt>
      <trkpt lat="48.79652" lon="-3.42756"></trkpt>
      <trkpt lat="48.79655" lon="-3.42773"></trkpt>
      <trkpt lat="48.79655" lon="-3.42774"></trkpt>
      <trkpt lat="48.79703" lon="-3.43046"></trkpt>
      <trkpt lat="48.79716" lon="-3.43129"></trkpt>
      <trkpt lat="48.79717" lon="-3.43136"></trkpt>
      <trkpt lat="48.7972" lon="-3.43165"></trkpt>
      <trkpt lat="48.79722" lon="-3.43227"></trkpt>
      <trkpt lat="48.79717" lon="-3.43369"></trkpt>
      <trkpt lat="48.79729" lon="-3.43466"></trkpt>
      <trkpt lat="48.79736" lon="-3.43516"></trkpt>
      <trkpt lat="48.79774" lon="-3.43677"></trkpt>
      <trkpt lat="48.79779" lon="-3.437"></trkpt>
      <trkpt lat="48.79785" lon="-3.43737"></trkpt>
      <trkpt lat="48.79787" lon="-3.4385"></trkpt>
      <trkpt lat="48.79788" lon="-3.43896"></trkpt>
      <trkpt lat="48.7979" lon="-3.43903"></trkpt>
      <trkpt lat="48.79792" lon="-3.43971"></trkpt>
      <trkpt lat="48.79794" lon="-3.44015"></trkpt>
      <trkpt lat="48.79795" lon="-3.44023"></trkpt>
      <trkpt lat="48.79794" lon="-3.44059"></trkpt>
      <trkpt lat="48.79791" lon="-3.44078"></trkpt>
      <trkpt lat="48.79799" lon="-3.4409"></trkpt>
      <trkpt lat="48.79802" lon="-3.44098"></trkpt>
      <trkpt lat="48.79804" lon="-3.4411"></trkpt>
      <trkpt lat="48.79806" lon="-3.44117"></trkpt>
      <trkpt lat="48.79806" lon="-3.44125"></trkpt>
      <trkpt lat="48.79806" lon="-3.44132"></trkpt>
      <trkpt lat="48.79808" lon="-3.44136"></trkpt>
      <trkpt lat="48.7981" lon="-3.44143"></trkpt>
      <trkpt lat="48.79816" lon="-3.44171"></trkpt>
      <trkpt lat="48.79818" lon="-3.4418"></trkpt>
      <trkpt lat="48.79822" lon="-3.44188"></trkpt>
      <trkpt lat="48.79835" lon="-3.442"></trkpt>
      <trkpt lat="48.79841" lon="-3.44202"></trkpt>
      <trkpt lat="48.79912" lon="-3.44224"></trkpt>
      <trkpt lat="48.79912" lon="-3.44258"></trkpt>
      <trkpt lat="48.79915" lon="-3.44291"></trkpt>
      <trkpt lat="48.7992" lon="-3.44312"></trkpt>
      <trkpt lat="48.79934" lon="-3.44353"></trkpt>
      <trkpt lat="48.79954" lon="-3.44403"></trkpt>
      <trkpt lat="48.79958" lon="-3.44411"></trkpt>
      <trkpt lat="48.79985" lon="-3.44458"></trkpt>
      <trkpt lat="48.7999" lon="-3.4447"></trkpt>
      <trkpt lat="48.79994" lon="-3.4448"></trkpt>
      <trkpt lat="48.8" lon="-3.44504"></trkpt>
      <trkpt lat="48.80002" lon="-3.44514"></trkpt>
      <trkpt lat="48.80007" lon="-3.44556"></trkpt>
      <trkpt lat="48.80008" lon="-3.44587"></trkpt>
      <trkpt lat="48.80008" lon="-3.44607"></trkpt>
      <trkpt lat="48.80006" lon="-3.44637"></trkpt>
      <trkpt lat="48.80004" lon="-3.44694"></trkpt>
      <trkpt lat="48.80007" lon="-3.44767"></trkpt>
      <trkpt lat="48.80012" lon="-3.4485"></trkpt>
      <trkpt lat="48.80016" lon="-3.44966"></trkpt>
      <trkpt lat="48.80016" lon="-3.44971"></trkpt>
      <trkpt lat="48.80016" lon="-3.45013"></trkpt>
      <trkpt lat="48.80015" lon="-3.4502"></trkpt>
      <trkpt lat="48.80014" lon="-3.45027"></trkpt>
      <trkpt lat="48.80008" lon="-3.45045"></trkpt>
      <trkpt lat="48.80001" lon="-3.45061"></trkpt>
      <trkpt lat="48.79995" lon="-3.45085"></trkpt>
      <trkpt lat="48.79988" lon="-3.45103"></trkpt>
      <trkpt lat="48.79987" lon="-3.45105"></trkpt>
      <trkpt lat="48.79981" lon="-3.45123"></trkpt>
      <trkpt lat="48.79965" lon="-3.4516"></trkpt>
      <trkpt lat="48.79962" lon="-3.4517"></trkpt>
      <trkpt lat="48.79954" lon="-3.45221"></trkpt>
      <trkpt lat="48.79952" lon="-3.45259"></trkpt>
      <trkpt lat="48.79951" lon="-3.45281"></trkpt>
      <trkpt lat="48.79949" lon="-3.4529"></trkpt>
      <trkpt lat="48.79947" lon="-3.45322"></trkpt>
      <trkpt lat="48.79941" lon="-3.45336"></trkpt>
      <trkpt lat="48.79938" lon="-3.45343"></trkpt>
      <trkpt lat="48.79935" lon="-3.45348"></trkpt>
      <trkpt lat="48.79926" lon="-3.45363"></trkpt>
      <trkpt lat="48.79887" lon="-3.45412"></trkpt>
      <trkpt lat="48.79867" lon="-3.45441"></trkpt>
      <trkpt lat="48.79858" lon="-3.45461"></trkpt>
      <trkpt lat="48.79818" lon="-3.45582"></trkpt>
      <trkpt lat="48.79798" lon="-3.45646"></trkpt>
      <trkpt lat="48.79821" lon="-3.45658"></trkpt>
      <trkpt lat="48.79838" lon="-3.45664"></trkpt>
      <trkpt lat="48.79855" lon="-3.4567"></trkpt>
      <trkpt lat="48.79868" lon="-3.45671"></trkpt>
      <trkpt lat="48.79902" lon="-3.45669"></trkpt>
      <trkpt lat="48.79907" lon="-3.45667"></trkpt>
      <trkpt lat="48.7993" lon="-3.45667"></trkpt>
      <trkpt lat="48.79941" lon="-3.45669"></trkpt>
      <trkpt lat="48.79947" lon="-3.45671"></trkpt>
      <trkpt lat="48.79954" lon="-3.45675"></trkpt>
      <trkpt lat="48.79998" lon="-3.45719"></trkpt>
      <trkpt lat="48.80012" lon="-3.45724"></trkpt>
      <trkpt lat="48.80013" lon="-3.45725"></trkpt>
      <trkpt lat="48.80023" lon="-3.45725"></trkpt>
      <trkpt lat="48.8003" lon="-3.45721"></trkpt>
      <trkpt lat="48.80039" lon="-3.45714"></trkpt>
      <trkpt lat="48.80056" lon="-3.45692"></trkpt>
      <trkpt lat="48.80127" lon="-3.45584"></trkpt>
      <trkpt lat="48.80143" lon="-3.45559"></trkpt>
      <trkpt lat="48.80169" lon="-3.45537"></trkpt>
      <trkpt lat="48.80297" lon="-3.45451"></trkpt>
      <trkpt lat="48.80322" lon="-3.45438"></trkpt>
      <trkpt lat="48.80344" lon="-3.45429"></trkpt>
      <trkpt lat="48.80383" lon="-3.45417"></trkpt>
      <trkpt lat="48.80413" lon="-3.45407"></trkpt>
      <trkpt lat="48.8042" lon="-3.45466"></trkpt>
      <trkpt lat="48.80428" lon="-3.45509"></trkpt>
      <trkpt lat="48.80435" lon="-3.45546"></trkpt>
      <trkpt lat="48.80443" lon="-3.45576"></trkpt>
      <trkpt lat="48.80453" lon="-3.45607"></trkpt>
      <trkpt lat="48.80471" lon="-3.45655"></trkpt>
      <trkpt lat="48.80499" lon="-3.45733"></trkpt>
      <trkpt lat="48.80511" lon="-3.45757"></trkpt>
      <trkpt lat="48.80531" lon="-3.45789"></trkpt>
      <trkpt lat="48.80549" lon="-3.45822"></trkpt>
      <trkpt lat="48.8057" lon="-3.45846"></trkpt>
      <trkpt lat="48.806" lon="-3.45875"></trkpt>
      <trkpt lat="48.80618" lon="-3.45891"></trkpt>
      <trkpt lat="48.80628" lon="-3.459"></trkpt>
      <trkpt lat="48.80641" lon="-3.45927"></trkpt>
      <trkpt lat="48.80644" lon="-3.45929"></trkpt>
      <trkpt lat="48.80647" lon="-3.45932"></trkpt>
      <trkpt lat="48.80648" lon="-3.45934"></trkpt>
      <trkpt lat="48.80649" lon="-3.45936"></trkpt>
      <trkpt lat="48.80649" lon="-3.45941"></trkpt>
      <trkpt lat="48.80649" lon="-3.45945"></trkpt>
      <trkpt lat="48.80652" lon="-3.45948"></trkpt>
      <trkpt lat="48.80659" lon="-3.45967"></trkpt>
      <trkpt lat="48.80662" lon="-3.45977"></trkpt>
      <trkpt lat="48.80691" lon="-3.46085"></trkpt>
      <trkpt lat="48.80716" lon="-3.46209"></trkpt>
      <trkpt lat="48.80723" lon="-3.46249"></trkpt>
      <trkpt lat="48.80725" lon="-3.46257"></trkpt>
      <trkpt lat="48.80724" lon="-3.46267"></trkpt>
      <trkpt lat="48.80721" lon="-3.46286"></trkpt>
      <trkpt lat="48.80716" lon="-3.46307"></trkpt>
      <trkpt lat="48.80709" lon="-3.46325"></trkpt>
      <trkpt lat="48.80704" lon="-3.46336"></trkpt>
      <trkpt lat="48.80701" lon="-3.46349"></trkpt>
      <trkpt lat="48.80701" lon="-3.46363"></trkpt>
      <trkpt lat="48.80714" lon="-3.46352"></trkpt>
      <trkpt lat="48.80722" lon="-3.46342"></trkpt>
      <trkpt lat="48.80737" lon="-3.46329"></trkpt>
      <trkpt lat="48.80753" lon="-3.46315"></trkpt>
      <trkpt lat="48.80782" lon="-3.46293"></trkpt>
      <trkpt lat="48.80799" lon="-3.46288"></trkpt>
      <trkpt lat="48.80813" lon="-3.46285"></trkpt>
      <trkpt lat="48.80834" lon="-3.46285"></trkpt>
      <trkpt lat="48.8089" lon="-3.46291"></trkpt>
      <trkpt lat="48.80912" lon="-3.46292"></trkpt>
      <trkpt lat="48.80922" lon="-3.46288"></trkpt>
      <trkpt lat="48.80953" lon="-3.46272"></trkpt>
      <trkpt lat="48.80964" lon="-3.4627"></trkpt>
      <trkpt lat="48.80985" lon="-3.46263"></trkpt>
      <trkpt lat="48.80996" lon="-3.46259"></trkpt>
      <trkpt lat="48.81007" lon="-3.46257"></trkpt>
      <trkpt lat="48.81013" lon="-3.4625"></trkpt>
      <trkpt lat="48.81015" lon="-3.46249"></trkpt>
      <trkpt lat="48.81025" lon="-3.46245"></trkpt>
      <trkpt lat="48.81026" lon="-3.46257"></trkpt>
      <trkpt lat="48.81031" lon="-3.46288"></trkpt>
      <trkpt lat="48.81038" lon="-3.46306"></trkpt>
      <trkpt lat="48.81039" lon="-3.46308"></trkpt>
      <trkpt lat="48.81048" lon="-3.46321"></trkpt>
      <trkpt lat="48.81054" lon="-3.46327"></trkpt>
      <trkpt lat="48.81066" lon="-3.46333"></trkpt>
      <trkpt lat="48.81128" lon="-3.46349"></trkpt>
      <trkpt lat="48.81147" lon="-3.46357"></trkpt>
      <trkpt lat="48.8115" lon="-3.46358"></trkpt>
      <trkpt lat="48.81167" lon="-3.46364"></trkpt>
      <trkpt lat="48.81203" lon="-3.46365"></trkpt>
      <trkpt lat="48.81229" lon="-3.46361"></trkpt>
      <trkpt lat="48.81264" lon="-3.46354"></trkpt>
      <trkpt lat="48.81295" lon="-3.46352"></trkpt>
      <trkpt lat="48.81318" lon="-3.46354"></trkpt>
      <trkpt lat="48.81332" lon="-3.46358"></trkpt>
      <trkpt lat="48.81348" lon="-3.46367"></trkpt>
      <trkpt lat="48.81363" lon="-3.4638"></trkpt>
      <trkpt lat="48.81377" lon="-3.46397"></trkpt>
      <trkpt lat="48.81388" lon="-3.46416"></trkpt>
      <trkpt lat="48.8139" lon="-3.4642"></trkpt>
      <trkpt lat="48.81399" lon="-3.46442"></trkpt>
      <trkpt lat="48.81404" lon="-3.46461"></trkpt>
      <trkpt lat="48.81405" lon="-3.46463"></trkpt>
      <trkpt lat="48.8141" lon="-3.46489"></trkpt>
      <trkpt lat="48.81412" lon="-3.46511"></trkpt>
      <trkpt lat="48.81413" lon="-3.46543"></trkpt>
      <trkpt lat="48.81412" lon="-3.46555"></trkpt>
      <trkpt lat="48.81411" lon="-3.46565"></trkpt>
      <trkpt lat="48.8141" lon="-3.46654"></trkpt>
      <trkpt lat="48.81412" lon="-3.46678"></trkpt>
      <trkpt lat="48.81413" lon="-3.46689"></trkpt>
      <trkpt lat="48.81422" lon="-3.46726"></trkpt>
      <trkpt lat="48.81424" lon="-3.46736"></trkpt>
      <trkpt lat="48.81429" lon="-3.46755"></trkpt>
      <trkpt lat="48.81436" lon="-3.46777"></trkpt>
      <trkpt lat="48.81448" lon="-3.46802"></trkpt>
      <trkpt lat="48.81485" lon="-3.46844"></trkpt>
      <trkpt lat="48.81515" lon="-3.46867"></trkpt>
      <trkpt lat="48.81535" lon="-3.46879"></trkpt>
      <trkpt lat="48.8158" lon="-3.46897"></trkpt>
      <trkpt lat="48.8161" lon="-3.46905"></trkpt>
      <trkpt lat="48.81639" lon="-3.46914"></trkpt>
      <trkpt lat="48.81668" lon="-3.46926"></trkpt>
      <trkpt lat="48.81683" lon="-3.4693"></trkpt>
      <trkpt lat="48.81712" lon="-3.46939"></trkpt>
      <trkpt lat="48.81729" lon="-3.46945"></trkpt>
      <trkpt lat="48.81733" lon="-3.46946"></trkpt>
      <trkpt lat="48.81768" lon="-3.46965"></trkpt>
      <trkpt lat="48.81814" lon="-3.46981"></trkpt>
      <trkpt lat="48.81843" lon="-3.46992"></trkpt>
      <trkpt lat="48.81851" lon="-3.46995"></trkpt>
      <trkpt lat="48.81878" lon="-3.47004"></trkpt>
      <trkpt lat="48.81875" lon="-3.47032"></trkpt>
      <trkpt lat="48.81869" lon="-3.47081"></trkpt>
      <trkpt lat="48.81865" lon="-3.47094"></trkpt>
      <trkpt lat="48.81859" lon="-3.47106"></trkpt>
      <trkpt lat="48.81855" lon="-3.47114"></trkpt>
      <trkpt lat="48.81846" lon="-3.47142"></trkpt>
      <trkpt lat="48.81843" lon="-3.47163"></trkpt>
      <trkpt lat="48.81843" lon="-3.47168"></trkpt>
      <trkpt lat="48.81844" lon="-3.47209"></trkpt>
      <trkpt lat="48.81837" lon="-3.47312"></trkpt>
      <trkpt lat="48.81836" lon="-3.47323"></trkpt>
      <trkpt lat="48.81831" lon="-3.47361"></trkpt>
      <trkpt lat="48.81829" lon="-3.47368"></trkpt>
      <trkpt lat="48.81827" lon="-3.47373"></trkpt>
      <trkpt lat="48.81835" lon="-3.47377"></trkpt>
      <trkpt lat="48.81842" lon="-3.47382"></trkpt>
      <trkpt lat="48.81854" lon="-3.47395"></trkpt>
      <trkpt lat="48.81867" lon="-3.47402"></trkpt>
      <trkpt lat="48.81883" lon="-3.47407"></trkpt>
      <trkpt lat="48.81926" lon="-3.47425"></trkpt>
      <trkpt lat="48.81944" lon="-3.47435"></trkpt>
      <trkpt lat="48.81956" lon="-3.47446"></trkpt>
      <trkpt lat="48.81967" lon="-3.47462"></trkpt>
      <trkpt lat="48.81979" lon="-3.47488"></trkpt>
      <trkpt lat="48.81989" lon="-3.47521"></trkpt>
      <trkpt lat="48.82007" lon="-3.47573"></trkpt>
      <trkpt lat="48.82018" lon="-3.47594"></trkpt>
      <trkpt lat="48.82033" lon="-3.47611"></trkpt>
      <trkpt lat="48.82042" lon="-3.47619"></trkpt>
      <trkpt lat="48.82052" lon="-3.47625"></trkpt>
      <trkpt lat="48.82093" lon="-3.47646"></trkpt>
      <trkpt lat="48.82146" lon="-3.47676"></trkpt>
      <trkpt lat="48.82174" lon="-3.47705"></trkpt>
      <trkpt lat="48.82231" lon="-3.4777"></trkpt>
      <trkpt lat="48.82253" lon="-3.47799"></trkpt>
      <trkpt lat="48.82276" lon="-3.47824"></trkpt>
      <trkpt lat="48.82297" lon="-3.47846"></trkpt>
      <trkpt lat="48.82314" lon="-3.47867"></trkpt>
      <trkpt lat="48.82324" lon="-3.47878"></trkpt>
      <trkpt lat="48.82337" lon="-3.47892"></trkpt>
      <trkpt lat="48.82345" lon="-3.47905"></trkpt>
      <trkpt lat="48.82355" lon="-3.47914"></trkpt>
      <trkpt lat="48.82392" lon="-3.47951"></trkpt>
      <trkpt lat="48.82402" lon="-3.47962"></trkpt>
      <trkpt lat="48.82432" lon="-3.48003"></trkpt>
      <trkpt lat="48.82437" lon="-3.48008"></trkpt>
      <trkpt lat="48.82458" lon="-3.48029"></trkpt>
      <trkpt lat="48.82462" lon="-3.48033"></trkpt>
      <trkpt lat="48.82488" lon="-3.48055"></trkpt>
      <trkpt lat="48.82533" lon="-3.48092"></trkpt>
      <trkpt lat="48.82574" lon="-3.48125"></trkpt>
      <trkpt lat="48.8259" lon="-3.4814"></trkpt>
      <trkpt lat="48.82599" lon="-3.48151"></trkpt>
      <trkpt lat="48.82634" lon="-3.482"></trkpt>
      <trkpt lat="48.82643" lon="-3.48209"></trkpt>
      <trkpt lat="48.82649" lon="-3.48217"></trkpt>
      <trkpt lat="48.82699" lon="-3.48257"></trkpt>
      <trkpt lat="48.8271" lon="-3.48267"></trkpt>
      <trkpt lat="48.82725" lon="-3.48287"></trkpt>
      <trkpt lat="48.82736" lon="-3.48313"></trkpt>
      <trkpt lat="48.82762" lon="-3.48331"></trkpt>
      <trkpt lat="48.82794" lon="-3.48356"></trkpt>
      <trkpt lat="48.82838" lon="-3.48378"></trkpt>
      <trkpt lat="48.82897" lon="-3.48411"></trkpt>
      <trkpt lat="48.82912" lon="-3.48416"></trkpt>
      <trkpt lat="48.82933" lon="-3.48419"></trkpt>
      <trkpt lat="48.82951" lon="-3.48424"></trkpt>
      <trkpt lat="48.82967" lon="-3.4843"></trkpt>
      <trkpt lat="48.83005" lon="-3.48453"></trkpt>
      <trkpt lat="48.83023" lon="-3.48463"></trkpt>
      <trkpt lat="48.83062" lon="-3.48475"></trkpt>
      <trkpt lat="48.83077" lon="-3.48486"></trkpt>
      <trkpt lat="48.83075" lon="-3.48495"></trkpt>
      <trkpt lat="48.83075" lon="-3.48502"></trkpt>
      <trkpt lat="48.83075" lon="-3.48508"></trkpt>
      <trkpt lat="48.83077" lon="-3.48517"></trkpt>
      <trkpt lat="48.83091" lon="-3.48533"></trkpt>
      <trkpt lat="48.83092" lon="-3.48539"></trkpt>
      <trkpt lat="48.83099" lon="-3.48591"></trkpt>
      <trkpt lat="48.83099" lon="-3.48595"></trkpt>
      <trkpt lat="48.83102" lon="-3.48599"></trkpt>
      <trkpt lat="48.83103" lon="-3.48601"></trkpt>
      <trkpt lat="48.83107" lon="-3.48605"></trkpt>
      <trkpt lat="48.8312" lon="-3.48614"></trkpt>
      <trkpt lat="48.8313" lon="-3.48619"></trkpt>
      <trkpt lat="48.83142" lon="-3.48618"></trkpt>
      <trkpt lat="48.83178" lon="-3.48608"></trkpt>
      <trkpt lat="48.83203" lon="-3.48613"></trkpt>
      <trkpt lat="48.83205" lon="-3.48612"></trkpt>
      <trkpt lat="48.83207" lon="-3.48611"></trkpt>
      <trkpt lat="48.83208" lon="-3.48609"></trkpt>
      <trkpt lat="48.8321" lon="-3.48607"></trkpt>
      <trkpt lat="48.83214" lon="-3.48611"></trkpt>
      <trkpt lat="48.83222" lon="-3.48618"></trkpt>
      <trkpt lat="48.83232" lon="-3.48622"></trkpt>
      <trkpt lat="48.83232" lon="-3.48622"></trkpt>
      <trkpt lat="48.83222" lon="-3.48618"></trkpt>
      <trkpt lat="48.83214" lon="-3.48611"></trkpt>
      <trkpt lat="48.8321" lon="-3.48607"></trkpt>
      <trkpt lat="48.83219" lon="-3.48571"></trkpt>
      <trkpt lat="48.83219" lon="-3.48565"></trkpt>
      <trkpt lat="48.83195" lon="-3.48516"></trkpt>
      <trkpt lat="48.83192" lon="-3.48509"></trkpt>
      <trkpt lat="48.83175" lon="-3.48513"></trkpt>
      <trkpt lat="48.83169" lon="-3.48413"></trkpt>
      <trkpt lat="48.83167" lon="-3.48356"></trkpt>
      <trkpt lat="48.83168" lon="-3.48345"></trkpt>
      <trkpt lat="48.8317" lon="-3.48334"></trkpt>
      <trkpt lat="48.83176" lon="-3.48319"></trkpt>
      <trkpt lat="48.8317" lon="-3.4829"></trkpt>
      <trkpt lat="48.83164" lon="-3.48274"></trkpt>
      <trkpt lat="48.83152" lon="-3.48254"></trkpt>
      <trkpt lat="48.83141" lon="-3.48244"></trkpt>
      <trkpt lat="48.83137" lon="-3.48241"></trkpt>
      <trkpt lat="48.83133" lon="-3.48236"></trkpt>
      <trkpt lat="48.8313" lon="-3.4823"></trkpt>
      <trkpt lat="48.83138" lon="-3.48228"></trkpt>
      <trkpt lat="48.83149" lon="-3.48227"></trkpt>
      <trkpt lat="48.83188" lon="-3.48229"></trkpt>
      <trkpt lat="48.83213" lon="-3.48232"></trkpt>
      <trkpt lat="48.83225" lon="-3.48207"></trkpt>
      <trkpt lat="48.83238" lon="-3.48168"></trkpt>
      <trkpt lat="48.83255" lon="-3.48113"></trkpt>
      <trkpt lat="48.83263" lon="-3.48093"></trkpt>
      <trkpt lat="48.8328" lon="-3.48094"></trkpt>
      <trkpt lat="48.83303" lon="-3.48099"></trkpt>
      <trkpt lat="48.83315" lon="-3.48101"></trkpt>
      <trkpt lat="48.83323" lon="-3.48107"></trkpt>
      <trkpt lat="48.83338" lon="-3.48126"></trkpt>
      <trkpt lat="48.83342" lon="-3.48132"></trkpt>
      <trkpt lat="48.83349" lon="-3.48146"></trkpt>
      <trkpt lat="48.83356" lon="-3.48178"></trkpt>
      <trkpt lat="48.83365" lon="-3.48207"></trkpt>
      <trkpt lat="48.83366" lon="-3.48211"></trkpt>
      <trkpt lat="48.83366" lon="-3.48218"></trkpt>
      <trkpt lat="48.83363" lon="-3.48231"></trkpt>
      <trkpt lat="48.83363" lon="-3.48242"></trkpt>
      <trkpt lat="48.83363" lon="-3.48249"></trkpt>
      <trkpt lat="48.83365" lon="-3.48254"></trkpt>
      <trkpt lat="48.8337" lon="-3.48259"></trkpt>
      <trkpt lat="48.83394" lon="-3.48263"></trkpt>
      <trkpt lat="48.83427" lon="-3.48267"></trkpt>
      <trkpt lat="48.83486" lon="-3.48273"></trkpt>
      <trkpt lat="48.8353" lon="-3.48281"></trkpt>
      <trkpt lat="48.83579" lon="-3.4829"></trkpt>
      <trkpt lat="48.83619" lon="-3.48292"></trkpt>
      <trkpt lat="48.83628" lon="-3.48294"></trkpt>
      <trkpt lat="48.83638" lon="-3.48291"></trkpt>
      <trkpt lat="48.83699" lon="-3.48296"></trkpt>
      <trkpt lat="48.83704" lon="-3.48298"></trkpt>
      <trkpt lat="48.83707" lon="-3.483"></trkpt>
      <trkpt lat="48.83707" lon="-3.483"></trkpt>
      <trkpt lat="48.83704" lon="-3.48298"></trkpt>
      <trkpt lat="48.83699" lon="-3.48296"></trkpt>
      <trkpt lat="48.83638" lon="-3.48291"></trkpt>
      <trkpt lat="48.83628" lon="-3.48294"></trkpt>
      <trkpt lat="48.83619" lon="-3.48292"></trkpt>
      <trkpt lat="48.83579" lon="-3.4829"></trkpt>
      <trkpt lat="48.8353" lon="-3.48281"></trkpt>
      <trkpt lat="48.83486" lon="-3.48273"></trkpt>
      <trkpt lat="48.83427" lon="-3.48267"></trkpt>
      <trkpt lat="48.83394" lon="-3.48263"></trkpt>
      <trkpt lat="48.8337" lon="-3.48259"></trkpt>
      <trkpt lat="48.83365" lon="-3.48254"></trkpt>
      <trkpt lat="48.83363" lon="-3.48249"></trkpt>
      <trkpt lat="48.83363" lon="-3.48242"></trkpt>
      <trkpt lat="48.83363" lon="-3.48231"></trkpt>
      <trkpt lat="48.83366" lon="-3.48218"></trkpt>
      <trkpt lat="48.83366" lon="-3.48211"></trkpt>
      <trkpt lat="48.83365" lon="-3.48207"></trkpt>
      <trkpt lat="48.83356" lon="-3.48178"></trkpt>
      <trkpt lat="48.83349" lon="-3.48146"></trkpt>
      <trkpt lat="48.83342" lon="-3.48132"></trkpt>
      <trkpt lat="48.83338" lon="-3.48126"></trkpt>
      <trkpt lat="48.83323" lon="-3.48107"></trkpt>
      <trkpt lat="48.83315" lon="-3.48101"></trkpt>
      <trkpt lat="48.83303" lon="-3.48099"></trkpt>
      <trkpt lat="48.8328" lon="-3.48094"></trkpt>
      <trkpt lat="48.83263" lon="-3.48093"></trkpt>
      <trkpt lat="48.83255" lon="-3.48113"></trkpt>
      <trkpt lat="48.83238" lon="-3.48168"></trkpt>
      <trkpt lat="48.83225" lon="-3.48207"></trkpt>
      <trkpt lat="48.83213" lon="-3.48232"></trkpt>
      <trkpt lat="48.83197" lon="-3.48271"></trkpt>
      <trkpt lat="48.83196" lon="-3.48278"></trkpt>
      <trkpt lat="48.83196" lon="-3.48282"></trkpt>
      <trkpt lat="48.83196" lon="-3.4829"></trkpt>
      <trkpt lat="48.832" lon="-3.48308"></trkpt>
      <trkpt lat="48.83202" lon="-3.48326"></trkpt>
      <trkpt lat="48.83202" lon="-3.48334"></trkpt>
      <trkpt lat="48.83199" lon="-3.48344"></trkpt>
      <trkpt lat="48.83195" lon="-3.48349"></trkpt>
      <trkpt lat="48.83181" lon="-3.48359"></trkpt>
      <trkpt lat="48.83186" lon="-3.48414"></trkpt>
      <trkpt lat="48.8319" lon="-3.48492"></trkpt>
      <trkpt lat="48.83192" lon="-3.48509"></trkpt>
      <trkpt lat="48.83195" lon="-3.48516"></trkpt>
      <trkpt lat="48.83219" lon="-3.48565"></trkpt>
      <trkpt lat="48.83219" lon="-3.48571"></trkpt>
      <trkpt lat="48.8321" lon="-3.48607"></trkpt>
      <trkpt lat="48.83208" lon="-3.48609"></trkpt>
      <trkpt lat="48.83207" lon="-3.48611"></trkpt>
      <trkpt lat="48.83205" lon="-3.48612"></trkpt>
      <trkpt lat="48.83203" lon="-3.48613"></trkpt>
      <trkpt lat="48.83178" lon="-3.48608"></trkpt>
      <trkpt lat="48.83142" lon="-3.48618"></trkpt>
      <trkpt lat="48.8313" lon="-3.48619"></trkpt>
      <trkpt lat="48.8312" lon="-3.48614"></trkpt>
      <trkpt lat="48.83107" lon="-3.48605"></trkpt>
      <trkpt lat="48.83103" lon="-3.48601"></trkpt>
      <trkpt lat="48.83102" lon="-3.48599"></trkpt>
      <trkpt lat="48.83099" lon="-3.48595"></trkpt>
      <trkpt lat="48.83099" lon="-3.48591"></trkpt>
      <trkpt lat="48.83092" lon="-3.48539"></trkpt>
      <trkpt lat="48.83091" lon="-3.48533"></trkpt>
      <trkpt lat="48.83077" lon="-3.48517"></trkpt>
      <trkpt lat="48.83075" lon="-3.48508"></trkpt>
      <trkpt lat="48.83075" lon="-3.48502"></trkpt>
      <trkpt lat="48.83075" lon="-3.48495"></trkpt>
      <trkpt lat="48.83077" lon="-3.48486"></trkpt>
      <trkpt lat="48.83062" lon="-3.48475"></trkpt>
      <trkpt lat="48.83023" lon="-3.48463"></trkpt>
      <trkpt lat="48.83005" lon="-3.48453"></trkpt>
      <trkpt lat="48.82967" lon="-3.4843"></trkpt>
      <trkpt lat="48.82951" lon="-3.48424"></trkpt>
      <trkpt lat="48.82933" lon="-3.48419"></trkpt>
      <trkpt lat="48.82912" lon="-3.48416"></trkpt>
      <trkpt lat="48.82897" lon="-3.48411"></trkpt>
      <trkpt lat="48.82838" lon="-3.48378"></trkpt>
      <trkpt lat="48.82794" lon="-3.48356"></trkpt>
      <trkpt lat="48.82762" lon="-3.48331"></trkpt>
      <trkpt lat="48.82736" lon="-3.48313"></trkpt>
      <trkpt lat="48.82725" lon="-3.48287"></trkpt>
      <trkpt lat="48.8271" lon="-3.48267"></trkpt>
      <trkpt lat="48.82699" lon="-3.48257"></trkpt>
      <trkpt lat="48.82649" lon="-3.48217"></trkpt>
      <trkpt lat="48.82643" lon="-3.48209"></trkpt>
      <trkpt lat="48.82634" lon="-3.482"></trkpt>
      <trkpt lat="48.82599" lon="-3.48151"></trkpt>
      <trkpt lat="48.8259" lon="-3.4814"></trkpt>
      <trkpt lat="48.82574" lon="-3.48125"></trkpt>
      <trkpt lat="48.82533" lon="-3.48092"></trkpt>
      <trkpt lat="48.82488" lon="-3.48055"></trkpt>
      <trkpt lat="48.82462" lon="-3.48033"></trkpt>
      <trkpt lat="48.82458" lon="-3.48029"></trkpt>
      <trkpt lat="48.82437" lon="-3.48008"></trkpt>
      <trkpt lat="48.82432" lon="-3.48003"></trkpt>
      <trkpt lat="48.82399" lon="-3.47993"></trkpt>
      <trkpt lat="48.82397" lon="-3.48013"></trkpt>
      <trkpt lat="48.82391" lon="-3.48051"></trkpt>
      <trkpt lat="48.82384" lon="-3.48136"></trkpt>
      <trkpt lat="48.82379" lon="-3.48147"></trkpt>
      <trkpt lat="48.82373" lon="-3.48199"></trkpt>
      <trkpt lat="48.82369" lon="-3.48241"></trkpt>
      <trkpt lat="48.82367" lon="-3.48254"></trkpt>
      <trkpt lat="48.82366" lon="-3.48264"></trkpt>
      <trkpt lat="48.82362" lon="-3.4834"></trkpt>
      <trkpt lat="48.82357" lon="-3.48401"></trkpt>
      <trkpt lat="48.82353" lon="-3.48462"></trkpt>
      <trkpt lat="48.82355" lon="-3.48498"></trkpt>
      <trkpt lat="48.82363" lon="-3.48522"></trkpt>
      <trkpt lat="48.82365" lon="-3.48527"></trkpt>
      <trkpt lat="48.82368" lon="-3.48536"></trkpt>
      <trkpt lat="48.82381" lon="-3.48562"></trkpt>
      <trkpt lat="48.82389" lon="-3.48577"></trkpt>
      <trkpt lat="48.82393" lon="-3.48585"></trkpt>
      <trkpt lat="48.82416" lon="-3.48629"></trkpt>
      <trkpt lat="48.8242" lon="-3.48636"></trkpt>
      <trkpt lat="48.82466" lon="-3.48716"></trkpt>
      <trkpt lat="48.82469" lon="-3.48722"></trkpt>
      <trkpt lat="48.82477" lon="-3.48735"></trkpt>
      <trkpt lat="48.82494" lon="-3.48775"></trkpt>
      <trkpt lat="48.82506" lon="-3.48812"></trkpt>
      <trkpt lat="48.8252" lon="-3.48865"></trkpt>
      <trkpt lat="48.82532" lon="-3.48915"></trkpt>
      <trkpt lat="48.82537" lon="-3.48938"></trkpt>
      <trkpt lat="48.82541" lon="-3.4895"></trkpt>
      <trkpt lat="48.82553" lon="-3.49021"></trkpt>
      <trkpt lat="48.82566" lon="-3.49083"></trkpt>
      <trkpt lat="48.82567" lon="-3.49103"></trkpt>
      <trkpt lat="48.82567" lon="-3.49117"></trkpt>
      <trkpt lat="48.82566" lon="-3.49125"></trkpt>
      <trkpt lat="48.82566" lon="-3.49138"></trkpt>
      <trkpt lat="48.82562" lon="-3.49161"></trkpt>
      <trkpt lat="48.82547" lon="-3.49227"></trkpt>
      <trkpt lat="48.82531" lon="-3.49278"></trkpt>
      <trkpt lat="48.82518" lon="-3.49319"></trkpt>
      <trkpt lat="48.82502" lon="-3.49365"></trkpt>
      <trkpt lat="48.82497" lon="-3.49379"></trkpt>
      <trkpt lat="48.82471" lon="-3.49471"></trkpt>
      <trkpt lat="48.82448" lon="-3.49589"></trkpt>
      <trkpt lat="48.82445" lon="-3.49604"></trkpt>
      <trkpt lat="48.82441" lon="-3.49623"></trkpt>
      <trkpt lat="48.8243" lon="-3.49679"></trkpt>
      <trkpt lat="48.82427" lon="-3.49696"></trkpt>
      <trkpt lat="48.82415" lon="-3.49751"></trkpt>
      <trkpt lat="48.82419" lon="-3.49754"></trkpt>
      <trkpt lat="48.82421" lon="-3.49758"></trkpt>
      <trkpt lat="48.82422" lon="-3.49761"></trkpt>
      <trkpt lat="48.82423" lon="-3.49765"></trkpt>
      <trkpt lat="48.82423" lon="-3.4977"></trkpt>
      <trkpt lat="48.82422" lon="-3.49774"></trkpt>
      <trkpt lat="48.82421" lon="-3.49776"></trkpt>
      <trkpt lat="48.82419" lon="-3.49779"></trkpt>
      <trkpt lat="48.82415" lon="-3.49782"></trkpt>
      <trkpt lat="48.82411" lon="-3.49782"></trkpt>
      <trkpt lat="48.82408" lon="-3.49779"></trkpt>
      <trkpt lat="48.82405" lon="-3.49777"></trkpt>
      <trkpt lat="48.82404" lon="-3.49773"></trkpt>
      <trkpt lat="48.82404" lon="-3.49769"></trkpt>
      <trkpt lat="48.82404" lon="-3.49763"></trkpt>
      <trkpt lat="48.82379" lon="-3.49753"></trkpt>
      <trkpt lat="48.82385" lon="-3.49748"></trkpt>
      <trkpt lat="48.8239" lon="-3.49745"></trkpt>
      <trkpt lat="48.82395" lon="-3.49743"></trkpt>
      <trkpt lat="48.82399" lon="-3.49741"></trkpt>
      <trkpt lat="48.82402" lon="-3.49738"></trkpt>
      <trkpt lat="48.82403" lon="-3.49735"></trkpt>
      <trkpt lat="48.82404" lon="-3.49729"></trkpt>
      <trkpt lat="48.82402" lon="-3.49722"></trkpt>
      <trkpt lat="48.824" lon="-3.49717"></trkpt>
      <trkpt lat="48.824" lon="-3.49717"></trkpt>
      <trkpt lat="48.82396" lon="-3.49706"></trkpt>
      <trkpt lat="48.82392" lon="-3.49701"></trkpt>
      <trkpt lat="48.82386" lon="-3.497"></trkpt>
      <trkpt lat="48.82379" lon="-3.49705"></trkpt>
      <trkpt lat="48.82371" lon="-3.49718"></trkpt>
      <trkpt lat="48.82368" lon="-3.49727"></trkpt>
      <trkpt lat="48.82365" lon="-3.49749"></trkpt>
      <trkpt lat="48.82379" lon="-3.49753"></trkpt>
      <trkpt lat="48.82404" lon="-3.49763"></trkpt>
      <trkpt lat="48.82405" lon="-3.49759"></trkpt>
      <trkpt lat="48.82408" lon="-3.49754"></trkpt>
      <trkpt lat="48.82411" lon="-3.49751"></trkpt>
      <trkpt lat="48.82415" lon="-3.49751"></trkpt>
      <trkpt lat="48.82419" lon="-3.49754"></trkpt>
      <trkpt lat="48.82421" lon="-3.49758"></trkpt>
      <trkpt lat="48.82422" lon="-3.49761"></trkpt>
      <trkpt lat="48.82423" lon="-3.49765"></trkpt>
      <trkpt lat="48.82423" lon="-3.4977"></trkpt>
      <trkpt lat="48.82422" lon="-3.49774"></trkpt>
      <trkpt lat="48.82421" lon="-3.49776"></trkpt>
      <trkpt lat="48.82419" lon="-3.49779"></trkpt>
      <trkpt lat="48.82415" lon="-3.49782"></trkpt>
      <trkpt lat="48.82411" lon="-3.49782"></trkpt>
      <trkpt lat="48.82404" lon="-3.49815"></trkpt>
      <trkpt lat="48.82372" lon="-3.49976"></trkpt>
      <trkpt lat="48.82363" lon="-3.50026"></trkpt>
      <trkpt lat="48.82361" lon="-3.50034"></trkpt>
      <trkpt lat="48.8236" lon="-3.50038"></trkpt>
      <trkpt lat="48.82353" lon="-3.50079"></trkpt>
      <trkpt lat="48.82343" lon="-3.50136"></trkpt>
      <trkpt lat="48.8233" lon="-3.50212"></trkpt>
      <trkpt lat="48.82329" lon="-3.5023"></trkpt>
      <trkpt lat="48.82327" lon="-3.50248"></trkpt>
      <trkpt lat="48.82327" lon="-3.50306"></trkpt>
      <trkpt lat="48.82335" lon="-3.50349"></trkpt>
      <trkpt lat="48.82346" lon="-3.50386"></trkpt>
      <trkpt lat="48.82362" lon="-3.50426"></trkpt>
      <trkpt lat="48.82372" lon="-3.50448"></trkpt>
      <trkpt lat="48.82389" lon="-3.50485"></trkpt>
      <trkpt lat="48.82403" lon="-3.50518"></trkpt>
      <trkpt lat="48.82443" lon="-3.50597"></trkpt>
      <trkpt lat="48.8246" lon="-3.50635"></trkpt>
      <trkpt lat="48.8247" lon="-3.5066"></trkpt>
      <trkpt lat="48.82476" lon="-3.50682"></trkpt>
      <trkpt lat="48.82481" lon="-3.50707"></trkpt>
      <trkpt lat="48.82487" lon="-3.50765"></trkpt>
      <trkpt lat="48.82489" lon="-3.50783"></trkpt>
      <trkpt lat="48.82496" lon="-3.50836"></trkpt>
      <trkpt lat="48.82502" lon="-3.50856"></trkpt>
      <trkpt lat="48.82517" lon="-3.50897"></trkpt>
      <trkpt lat="48.82555" lon="-3.50968"></trkpt>
      <trkpt lat="48.82556" lon="-3.50969"></trkpt>
      <trkpt lat="48.82559" lon="-3.50971"></trkpt>
      <trkpt lat="48.82561" lon="-3.50973"></trkpt>
      <trkpt lat="48.82562" lon="-3.50976"></trkpt>
      <trkpt lat="48.82562" lon="-3.5098"></trkpt>
      <trkpt lat="48.82609" lon="-3.51047"></trkpt>
      <trkpt lat="48.82625" lon="-3.51068"></trkpt>
      <trkpt lat="48.82633" lon="-3.51074"></trkpt>
      <trkpt lat="48.82634" lon="-3.51072"></trkpt>
      <trkpt lat="48.82634" lon="-3.51071"></trkpt>
      <trkpt lat="48.82635" lon="-3.5107"></trkpt>
      <trkpt lat="48.82636" lon="-3.51068"></trkpt>
      <trkpt lat="48.82638" lon="-3.51067"></trkpt>
      <trkpt lat="48.82639" lon="-3.51067"></trkpt>
      <trkpt lat="48.82641" lon="-3.51067"></trkpt>
      <trkpt lat="48.82642" lon="-3.51067"></trkpt>
      <trkpt lat="48.82643" lon="-3.51068"></trkpt>
      <trkpt lat="48.82645" lon="-3.51069"></trkpt>
      <trkpt lat="48.82647" lon="-3.51072"></trkpt>
      <trkpt lat="48.82652" lon="-3.51069"></trkpt>
      <trkpt lat="48.82657" lon="-3.51066"></trkpt>
      <trkpt lat="48.8266" lon="-3.51063"></trkpt>
      <trkpt lat="48.82668" lon="-3.5106"></trkpt>
      <trkpt lat="48.82679" lon="-3.51057"></trkpt>
      <trkpt lat="48.82746" lon="-3.51061"></trkpt>
      <trkpt lat="48.8279" lon="-3.51063"></trkpt>
      <trkpt lat="48.82797" lon="-3.51063"></trkpt>
      <trkpt lat="48.82831" lon="-3.51062"></trkpt>
      <trkpt lat="48.82864" lon="-3.51063"></trkpt>
      <trkpt lat="48.82956" lon="-3.51063"></trkpt>
      <trkpt lat="48.82996" lon="-3.51064"></trkpt>
      <trkpt lat="48.83043" lon="-3.51066"></trkpt>
      <trkpt lat="48.83077" lon="-3.51065"></trkpt>
      <trkpt lat="48.83115" lon="-3.51068"></trkpt>
      <trkpt lat="48.83139" lon="-3.51075"></trkpt>
      <trkpt lat="48.83152" lon="-3.51085"></trkpt>
      <trkpt lat="48.83168" lon="-3.51099"></trkpt>
      <trkpt lat="48.83179" lon="-3.51111"></trkpt>
      <trkpt lat="48.83192" lon="-3.51135"></trkpt>
      <trkpt lat="48.8321" lon="-3.51181"></trkpt>
      <trkpt lat="48.83219" lon="-3.51206"></trkpt>
      <trkpt lat="48.83242" lon="-3.5127"></trkpt>
      <trkpt lat="48.83251" lon="-3.51297"></trkpt>
      <trkpt lat="48.83261" lon="-3.51281"></trkpt>
      <trkpt lat="48.83273" lon="-3.51273"></trkpt>
      <trkpt lat="48.83303" lon="-3.51266"></trkpt>
      <trkpt lat="48.83315" lon="-3.51256"></trkpt>
      <trkpt lat="48.83329" lon="-3.51243"></trkpt>
      <trkpt lat="48.83341" lon="-3.51226"></trkpt>
      <trkpt lat="48.83349" lon="-3.51208"></trkpt>
      <trkpt lat="48.8339" lon="-3.51097"></trkpt>
      <trkpt lat="48.83397" lon="-3.51089"></trkpt>
      <trkpt lat="48.83404" lon="-3.51086"></trkpt>
      <trkpt lat="48.83417" lon="-3.51087"></trkpt>
      <trkpt lat="48.8344" lon="-3.51092"></trkpt>
      <trkpt lat="48.83444" lon="-3.51092"></trkpt>
      <trkpt lat="48.83446" lon="-3.51091"></trkpt>
      <trkpt lat="48.8345" lon="-3.51083"></trkpt>
      <trkpt lat="48.83452" lon="-3.51077"></trkpt>
      <trkpt lat="48.83452" lon="-3.51077"></trkpt>
      <trkpt lat="48.8346" lon="-3.51053"></trkpt>
      <trkpt lat="48.83467" lon="-3.51035"></trkpt>
      <trkpt lat="48.83474" lon="-3.51015"></trkpt>
      <trkpt lat="48.83474" lon="-3.51011"></trkpt>
      <trkpt lat="48.83475" lon="-3.51005"></trkpt>
      <trkpt lat="48.83476" lon="-3.51002"></trkpt>
      <trkpt lat="48.83477" lon="-3.50979"></trkpt>
      <trkpt lat="48.83476" lon="-3.50951"></trkpt>
      <trkpt lat="48.83476" lon="-3.50935"></trkpt>
      <trkpt lat="48.83477" lon="-3.50926"></trkpt>
      <trkpt lat="48.83478" lon="-3.50913"></trkpt>
      <trkpt lat="48.83478" lon="-3.50909"></trkpt>
      <trkpt lat="48.83479" lon="-3.50902"></trkpt>
      <trkpt lat="48.83482" lon="-3.50887"></trkpt>
      <trkpt lat="48.83479" lon="-3.50902"></trkpt>
      <trkpt lat="48.83478" lon="-3.50909"></trkpt>
      <trkpt lat="48.83478" lon="-3.50913"></trkpt>
      <trkpt lat="48.83477" lon="-3.50926"></trkpt>
      <trkpt lat="48.83476" lon="-3.50935"></trkpt>
      <trkpt lat="48.83476" lon="-3.50951"></trkpt>
      <trkpt lat="48.83477" lon="-3.50979"></trkpt>
      <trkpt lat="48.83476" lon="-3.51002"></trkpt>
      <trkpt lat="48.83475" lon="-3.51005"></trkpt>
      <trkpt lat="48.83474" lon="-3.51011"></trkpt>
      <trkpt lat="48.83474" lon="-3.51015"></trkpt>
      <trkpt lat="48.83467" lon="-3.51035"></trkpt>
      <trkpt lat="48.8346" lon="-3.51053"></trkpt>
      <trkpt lat="48.8345" lon="-3.51083"></trkpt>
      <trkpt lat="48.83446" lon="-3.51091"></trkpt>
      <trkpt lat="48.83444" lon="-3.51092"></trkpt>
      <trkpt lat="48.8344" lon="-3.51092"></trkpt>
      <trkpt lat="48.83417" lon="-3.51087"></trkpt>
      <trkpt lat="48.83404" lon="-3.51086"></trkpt>
      <trkpt lat="48.83397" lon="-3.51089"></trkpt>
      <trkpt lat="48.8339" lon="-3.51097"></trkpt>
      <trkpt lat="48.83349" lon="-3.51208"></trkpt>
      <trkpt lat="48.83341" lon="-3.51226"></trkpt>
      <trkpt lat="48.83329" lon="-3.51243"></trkpt>
      <trkpt lat="48.83315" lon="-3.51256"></trkpt>
      <trkpt lat="48.83303" lon="-3.51266"></trkpt>
      <trkpt lat="48.83273" lon="-3.51273"></trkpt>
      <trkpt lat="48.83261" lon="-3.51281"></trkpt>
      <trkpt lat="48.83251" lon="-3.51297"></trkpt>
      <trkpt lat="48.83242" lon="-3.5127"></trkpt>
      <trkpt lat="48.83219" lon="-3.51206"></trkpt>
      <trkpt lat="48.8321" lon="-3.51181"></trkpt>
      <trkpt lat="48.83192" lon="-3.51135"></trkpt>
      <trkpt lat="48.83179" lon="-3.51111"></trkpt>
      <trkpt lat="48.83168" lon="-3.51099"></trkpt>
      <trkpt lat="48.83152" lon="-3.51085"></trkpt>
      <trkpt lat="48.83139" lon="-3.51075"></trkpt>
      <trkpt lat="48.83115" lon="-3.51068"></trkpt>
      <trkpt lat="48.83077" lon="-3.51065"></trkpt>
      <trkpt lat="48.83043" lon="-3.51066"></trkpt>
      <trkpt lat="48.82996" lon="-3.51064"></trkpt>
      <trkpt lat="48.82956" lon="-3.51063"></trkpt>
      <trkpt lat="48.82864" lon="-3.51063"></trkpt>
      <trkpt lat="48.82831" lon="-3.51062"></trkpt>
      <trkpt lat="48.82797" lon="-3.51063"></trkpt>
      <trkpt lat="48.8279" lon="-3.51063"></trkpt>
      <trkpt lat="48.82746" lon="-3.51061"></trkpt>
      <trkpt lat="48.82679" lon="-3.51057"></trkpt>
      <trkpt lat="48.82668" lon="-3.5106"></trkpt>
      <trkpt lat="48.8266" lon="-3.51063"></trkpt>
      <trkpt lat="48.82657" lon="-3.51066"></trkpt>
      <trkpt lat="48.82652" lon="-3.51069"></trkpt>
      <trkpt lat="48.82647" lon="-3.51072"></trkpt>
      <trkpt lat="48.82647" lon="-3.51074"></trkpt>
      <trkpt lat="48.82647" lon="-3.51076"></trkpt>
      <trkpt lat="48.82648" lon="-3.51078"></trkpt>
      <trkpt lat="48.82647" lon="-3.5108"></trkpt>
      <trkpt lat="48.82647" lon="-3.51084"></trkpt>
      <trkpt lat="48.82646" lon="-3.51086"></trkpt>
      <trkpt lat="48.82644" lon="-3.51087"></trkpt>
      <trkpt lat="48.82643" lon="-3.51088"></trkpt>
      <trkpt lat="48.82641" lon="-3.51089"></trkpt>
      <trkpt lat="48.8264" lon="-3.51089"></trkpt>
      <trkpt lat="48.82638" lon="-3.51089"></trkpt>
      <trkpt lat="48.82637" lon="-3.51088"></trkpt>
      <trkpt lat="48.82635" lon="-3.51085"></trkpt>
      <trkpt lat="48.82634" lon="-3.51084"></trkpt>
      <trkpt lat="48.82633" lon="-3.51081"></trkpt>
      <trkpt lat="48.82633" lon="-3.51078"></trkpt>
      <trkpt lat="48.82633" lon="-3.51075"></trkpt>
      <trkpt lat="48.82633" lon="-3.51074"></trkpt>
      <trkpt lat="48.82625" lon="-3.51068"></trkpt>
      <trkpt lat="48.82609" lon="-3.51047"></trkpt>
      <trkpt lat="48.82562" lon="-3.5098"></trkpt>
      <trkpt lat="48.82561" lon="-3.50983"></trkpt>
      <trkpt lat="48.8256" lon="-3.50986"></trkpt>
      <trkpt lat="48.82558" lon="-3.50988"></trkpt>
      <trkpt lat="48.82556" lon="-3.5099"></trkpt>
      <trkpt lat="48.82554" lon="-3.5099"></trkpt>
      <trkpt lat="48.82552" lon="-3.5099"></trkpt>
      <trkpt lat="48.8255" lon="-3.50988"></trkpt>
      <trkpt lat="48.82548" lon="-3.50986"></trkpt>
      <trkpt lat="48.82548" lon="-3.50984"></trkpt>
      <trkpt lat="48.82548" lon="-3.50982"></trkpt>
      <trkpt lat="48.82547" lon="-3.50978"></trkpt>
      <trkpt lat="48.82434" lon="-3.50961"></trkpt>
      <trkpt lat="48.82373" lon="-3.50952"></trkpt>
      <trkpt lat="48.82369" lon="-3.50955"></trkpt>
      <trkpt lat="48.82362" lon="-3.50954"></trkpt>
      <trkpt lat="48.82353" lon="-3.50953"></trkpt>
      <trkpt lat="48.82324" lon="-3.50948"></trkpt>
      <trkpt lat="48.82305" lon="-3.50945"></trkpt>
      <trkpt lat="48.8228" lon="-3.50941"></trkpt>
      <trkpt lat="48.82253" lon="-3.50936"></trkpt>
      <trkpt lat="48.82229" lon="-3.50933"></trkpt>
      <trkpt lat="48.82208" lon="-3.50929"></trkpt>
      <trkpt lat="48.82205" lon="-3.50926"></trkpt>
      <trkpt lat="48.82176" lon="-3.50918"></trkpt>
      <trkpt lat="48.82126" lon="-3.50894"></trkpt>
      <trkpt lat="48.82052" lon="-3.50858"></trkpt>
      <trkpt lat="48.82043" lon="-3.50853"></trkpt>
      <trkpt lat="48.81818" lon="-3.50748"></trkpt>
      <trkpt lat="48.81817" lon="-3.50751"></trkpt>
      <trkpt lat="48.81815" lon="-3.50754"></trkpt>
      <trkpt lat="48.81813" lon="-3.50756"></trkpt>
      <trkpt lat="48.81811" lon="-3.50758"></trkpt>
      <trkpt lat="48.81808" lon="-3.50758"></trkpt>
      <trkpt lat="48.81805" lon="-3.50756"></trkpt>
      <trkpt lat="48.81803" lon="-3.50754"></trkpt>
      <trkpt lat="48.81801" lon="-3.50751"></trkpt>
      <trkpt lat="48.818" lon="-3.50748"></trkpt>
      <trkpt lat="48.818" lon="-3.50744"></trkpt>
      <trkpt lat="48.81801" lon="-3.5074"></trkpt>
      <trkpt lat="48.81688" lon="-3.50678"></trkpt>
      <trkpt lat="48.81685" lon="-3.50676"></trkpt>
      <trkpt lat="48.81667" lon="-3.50667"></trkpt>
      <trkpt lat="48.81653" lon="-3.50661"></trkpt>
      <trkpt lat="48.81354" lon="-3.5052"></trkpt>
      <trkpt lat="48.81325" lon="-3.50507"></trkpt>
      <trkpt lat="48.81218" lon="-3.50458"></trkpt>
      <trkpt lat="48.80995" lon="-3.5035"></trkpt>
      <trkpt lat="48.80864" lon="-3.50273"></trkpt>
      <trkpt lat="48.80806" lon="-3.50234"></trkpt>
      <trkpt lat="48.80773" lon="-3.50214"></trkpt>
      <trkpt lat="48.80693" lon="-3.50162"></trkpt>
      <trkpt lat="48.80673" lon="-3.50148"></trkpt>
      <trkpt lat="48.80657" lon="-3.50137"></trkpt>
      <trkpt lat="48.80613" lon="-3.50114"></trkpt>
      <trkpt lat="48.80589" lon="-3.50107"></trkpt>
      <trkpt lat="48.80572" lon="-3.50099"></trkpt>
      <trkpt lat="48.80508" lon="-3.50075"></trkpt>
      <trkpt lat="48.80474" lon="-3.50061"></trkpt>
      <trkpt lat="48.80431" lon="-3.50042"></trkpt>
      <trkpt lat="48.80416" lon="-3.50033"></trkpt>
      <trkpt lat="48.80373" lon="-3.50011"></trkpt>
      <trkpt lat="48.80345" lon="-3.4999"></trkpt>
      <trkpt lat="48.80259" lon="-3.49922"></trkpt>
      <trkpt lat="48.80199" lon="-3.49876"></trkpt>
      <trkpt lat="48.80141" lon="-3.4984"></trkpt>
      <trkpt lat="48.80127" lon="-3.49831"></trkpt>
      <trkpt lat="48.80121" lon="-3.49827"></trkpt>
      <trkpt lat="48.80106" lon="-3.49821"></trkpt>
      <trkpt lat="48.80043" lon="-3.49802"></trkpt>
      <trkpt lat="48.79956" lon="-3.49779"></trkpt>
      <trkpt lat="48.799" lon="-3.49755"></trkpt>
      <trkpt lat="48.79868" lon="-3.4974"></trkpt>
      <trkpt lat="48.79787" lon="-3.49693"></trkpt>
      <trkpt lat="48.79726" lon="-3.49659"></trkpt>
      <trkpt lat="48.79607" lon="-3.49597"></trkpt>
      <trkpt lat="48.79596" lon="-3.49592"></trkpt>
      <trkpt lat="48.79584" lon="-3.4959"></trkpt>
      <trkpt lat="48.79569" lon="-3.49592"></trkpt>
      <trkpt lat="48.79514" lon="-3.49602"></trkpt>
      <trkpt lat="48.79379" lon="-3.49618"></trkpt>
      <trkpt lat="48.79313" lon="-3.49615"></trkpt>
      <trkpt lat="48.79275" lon="-3.4961"></trkpt>
      <trkpt lat="48.79167" lon="-3.4958"></trkpt>
      <trkpt lat="48.79088" lon="-3.49557"></trkpt>
      <trkpt lat="48.78945" lon="-3.49519"></trkpt>
      <trkpt lat="48.78932" lon="-3.49517"></trkpt>
      <trkpt lat="48.7888" lon="-3.49494"></trkpt>
      <trkpt lat="48.78863" lon="-3.49483"></trkpt>
      <trkpt lat="48.7882" lon="-3.49444"></trkpt>
      <trkpt lat="48.78783" lon="-3.49401"></trkpt>
      <trkpt lat="48.78751" lon="-3.49365"></trkpt>
      <trkpt lat="48.78721" lon="-3.49331"></trkpt>
      <trkpt lat="48.78705" lon="-3.49315"></trkpt>
      <trkpt lat="48.78662" lon="-3.49278"></trkpt>
      <trkpt lat="48.78646" lon="-3.49258"></trkpt>
      <trkpt lat="48.78634" lon="-3.49232"></trkpt>
      <trkpt lat="48.78633" lon="-3.49235"></trkpt>
      <trkpt lat="48.78631" lon="-3.49238"></trkpt>
      <trkpt lat="48.78628" lon="-3.4924"></trkpt>
      <trkpt lat="48.78622" lon="-3.49238"></trkpt>
      <trkpt lat="48.78618" lon="-3.49234"></trkpt>
      <trkpt lat="48.78606" lon="-3.49228"></trkpt>
      <trkpt lat="48.78597" lon="-3.49221"></trkpt>
      <trkpt lat="48.7859" lon="-3.49215"></trkpt>
      <trkpt lat="48.7858" lon="-3.49207"></trkpt>
      <trkpt lat="48.78577" lon="-3.49204"></trkpt>
      <trkpt lat="48.78573" lon="-3.49197"></trkpt>
      <trkpt lat="48.78534" lon="-3.49169"></trkpt>
      <trkpt lat="48.78495" lon="-3.49145"></trkpt>
      <trkpt lat="48.78425" lon="-3.49097"></trkpt>
      <trkpt lat="48.78412" lon="-3.4909"></trkpt>
      <trkpt lat="48.78398" lon="-3.49084"></trkpt>
      <trkpt lat="48.78361" lon="-3.49081"></trkpt>
      <trkpt lat="48.78347" lon="-3.49087"></trkpt>
      <trkpt lat="48.78326" lon="-3.49084"></trkpt>
      <trkpt lat="48.783" lon="-3.49079"></trkpt>
      <trkpt lat="48.78223" lon="-3.49044"></trkpt>
      <trkpt lat="48.78212" lon="-3.49037"></trkpt>
      <trkpt lat="48.78185" lon="-3.49018"></trkpt>
      <trkpt lat="48.7815" lon="-3.48982"></trkpt>
      <trkpt lat="48.78147" lon="-3.48972"></trkpt>
      <trkpt lat="48.78132" lon="-3.48956"></trkpt>
      <trkpt lat="48.78125" lon="-3.48949"></trkpt>
      <trkpt lat="48.78084" lon="-3.48904"></trkpt>
      <trkpt lat="48.78046" lon="-3.48866"></trkpt>
      <trkpt lat="48.7802" lon="-3.48844"></trkpt>
      <trkpt lat="48.78008" lon="-3.48835"></trkpt>
      <trkpt lat="48.77985" lon="-3.48823"></trkpt>
      <trkpt lat="48.7793" lon="-3.48811"></trkpt>
      <trkpt lat="48.77857" lon="-3.48795"></trkpt>
      <trkpt lat="48.77833" lon="-3.48794"></trkpt>
      <trkpt lat="48.77811" lon="-3.48796"></trkpt>
      <trkpt lat="48.77787" lon="-3.48801"></trkpt>
      <trkpt lat="48.77727" lon="-3.48812"></trkpt>
      <trkpt lat="48.77642" lon="-3.4882"></trkpt>
      <trkpt lat="48.7761" lon="-3.48814"></trkpt>
      <trkpt lat="48.77602" lon="-3.48812"></trkpt>
      <trkpt lat="48.77563" lon="-3.48791"></trkpt>
      <trkpt lat="48.77548" lon="-3.48781"></trkpt>
      <trkpt lat="48.77534" lon="-3.4877"></trkpt>
      <trkpt lat="48.77509" lon="-3.4875"></trkpt>
      <trkpt lat="48.77488" lon="-3.4873"></trkpt>
      <trkpt lat="48.77442" lon="-3.48691"></trkpt>
      <trkpt lat="48.7743" lon="-3.48681"></trkpt>
      <trkpt lat="48.774" lon="-3.4866"></trkpt>
      <trkpt lat="48.77333" lon="-3.48619"></trkpt>
      <trkpt lat="48.77119" lon="-3.48501"></trkpt>
      <trkpt lat="48.77066" lon="-3.48468"></trkpt>
      <trkpt lat="48.76933" lon="-3.48377"></trkpt>
      <trkpt lat="48.76895" lon="-3.4835"></trkpt>
      <trkpt lat="48.76835" lon="-3.48303"></trkpt>
      <trkpt lat="48.76811" lon="-3.48279"></trkpt>
      <trkpt lat="48.76781" lon="-3.48241"></trkpt>
      <trkpt lat="48.76752" lon="-3.48196"></trkpt>
      <trkpt lat="48.76726" lon="-3.48154"></trkpt>
      <trkpt lat="48.76702" lon="-3.4811"></trkpt>
      <trkpt lat="48.76694" lon="-3.48094"></trkpt>
      <trkpt lat="48.76678" lon="-3.48064"></trkpt>
      <trkpt lat="48.76649" lon="-3.48014"></trkpt>
      <trkpt lat="48.7663" lon="-3.47984"></trkpt>
      <trkpt lat="48.76577" lon="-3.47884"></trkpt>
      <trkpt lat="48.76542" lon="-3.47812"></trkpt>
      <trkpt lat="48.76513" lon="-3.47755"></trkpt>
      <trkpt lat="48.765" lon="-3.47727"></trkpt>
      <trkpt lat="48.76485" lon="-3.47696"></trkpt>
      <trkpt lat="48.76463" lon="-3.47651"></trkpt>
      <trkpt lat="48.76452" lon="-3.4763"></trkpt>
      <trkpt lat="48.76421" lon="-3.47571"></trkpt>
      <trkpt lat="48.76418" lon="-3.47564"></trkpt>
      <trkpt lat="48.76413" lon="-3.47546"></trkpt>
      <trkpt lat="48.7641" lon="-3.47541"></trkpt>
      <trkpt lat="48.76408" lon="-3.47537"></trkpt>
      <trkpt lat="48.76407" lon="-3.47531"></trkpt>
      <trkpt lat="48.76382" lon="-3.47434"></trkpt>
      <trkpt lat="48.76379" lon="-3.47425"></trkpt>
      <trkpt lat="48.76366" lon="-3.47379"></trkpt>
      <trkpt lat="48.76358" lon="-3.4736"></trkpt>
      <trkpt lat="48.76343" lon="-3.47332"></trkpt>
      <trkpt lat="48.76332" lon="-3.47313"></trkpt>
      <trkpt lat="48.76309" lon="-3.47275"></trkpt>
      <trkpt lat="48.76296" lon="-3.47255"></trkpt>
      <trkpt lat="48.76259" lon="-3.47206"></trkpt>
      <trkpt lat="48.76225" lon="-3.47168"></trkpt>
      <trkpt lat="48.76214" lon="-3.47156"></trkpt>
      <trkpt lat="48.76195" lon="-3.4714"></trkpt>
      <trkpt lat="48.76187" lon="-3.47134"></trkpt>
      <trkpt lat="48.76179" lon="-3.47126"></trkpt>
      <trkpt lat="48.76173" lon="-3.47122"></trkpt>
      <trkpt lat="48.76154" lon="-3.47107"></trkpt>
      <trkpt lat="48.76106" lon="-3.47082"></trkpt>
      <trkpt lat="48.76068" lon="-3.47068"></trkpt>
      <trkpt lat="48.76044" lon="-3.47062"></trkpt>
      <trkpt lat="48.75986" lon="-3.47053"></trkpt>
      <trkpt lat="48.75956" lon="-3.47054"></trkpt>
      <trkpt lat="48.75924" lon="-3.47059"></trkpt>
      <trkpt lat="48.75923" lon="-3.47069"></trkpt>
      <trkpt lat="48.7592" lon="-3.47078"></trkpt>
      <trkpt lat="48.75916" lon="-3.47087"></trkpt>
      <trkpt lat="48.75913" lon="-3.47091"></trkpt>
      <trkpt lat="48.75908" lon="-3.47096"></trkpt>
      <trkpt lat="48.75902" lon="-3.47099"></trkpt>
      <trkpt lat="48.75894" lon="-3.47099"></trkpt>
      <trkpt lat="48.75886" lon="-3.47095"></trkpt>
      <trkpt lat="48.7588" lon="-3.47089"></trkpt>
      <trkpt lat="48.75875" lon="-3.47082"></trkpt>
      <trkpt lat="48.75873" lon="-3.47075"></trkpt>
      <trkpt lat="48.75871" lon="-3.47063"></trkpt>
      <trkpt lat="48.75871" lon="-3.47052"></trkpt>
      <trkpt lat="48.75873" lon="-3.47041"></trkpt>
      <trkpt lat="48.75877" lon="-3.47032"></trkpt>
      <trkpt lat="48.75868" lon="-3.47021"></trkpt>
      <trkpt lat="48.75849" lon="-3.47006"></trkpt>
      <trkpt lat="48.75828" lon="-3.46996"></trkpt>
      <trkpt lat="48.75773" lon="-3.46968"></trkpt>
      <trkpt lat="48.75758" lon="-3.4696"></trkpt>
      <trkpt lat="48.75732" lon="-3.46947"></trkpt>
      <trkpt lat="48.75729" lon="-3.46946"></trkpt>
      <trkpt lat="48.75677" lon="-3.46922"></trkpt>
      <trkpt lat="48.75651" lon="-3.46909"></trkpt>
      <trkpt lat="48.75627" lon="-3.46893"></trkpt>
      <trkpt lat="48.75611" lon="-3.46881"></trkpt>
      <trkpt lat="48.75599" lon="-3.46869"></trkpt>
      <trkpt lat="48.75572" lon="-3.46838"></trkpt>
      <trkpt lat="48.75557" lon="-3.46817"></trkpt>
      <trkpt lat="48.75544" lon="-3.46795"></trkpt>
      <trkpt lat="48.75532" lon="-3.46774"></trkpt>
      <trkpt lat="48.75524" lon="-3.46757"></trkpt>
      <trkpt lat="48.75518" lon="-3.46737"></trkpt>
      <trkpt lat="48.75501" lon="-3.46687"></trkpt>
      <trkpt lat="48.75495" lon="-3.4666"></trkpt>
      <trkpt lat="48.75495" lon="-3.46659"></trkpt>
      <trkpt lat="48.75483" lon="-3.46596"></trkpt>
      <trkpt lat="48.75451" lon="-3.46437"></trkpt>
      <trkpt lat="48.75447" lon="-3.46423"></trkpt>
      <trkpt lat="48.75441" lon="-3.46408"></trkpt>
      <trkpt lat="48.75429" lon="-3.46351"></trkpt>
      <trkpt lat="48.75419" lon="-3.46298"></trkpt>
      <trkpt lat="48.75415" lon="-3.46279"></trkpt>
      <trkpt lat="48.75412" lon="-3.46267"></trkpt>
      <trkpt lat="48.75395" lon="-3.46176"></trkpt>
      <trkpt lat="48.75394" lon="-3.46164"></trkpt>
      <trkpt lat="48.75393" lon="-3.46151"></trkpt>
      <trkpt lat="48.7539" lon="-3.46133"></trkpt>
      <trkpt lat="48.75384" lon="-3.46109"></trkpt>
      <trkpt lat="48.75371" lon="-3.46043"></trkpt>
      <trkpt lat="48.75361" lon="-3.46005"></trkpt>
      <trkpt lat="48.75337" lon="-3.45919"></trkpt>
      <trkpt lat="48.7533" lon="-3.45893"></trkpt>
      <trkpt lat="48.75315" lon="-3.45833"></trkpt>
      <trkpt lat="48.75311" lon="-3.45834"></trkpt>
      <trkpt lat="48.75302" lon="-3.45831"></trkpt>
      <trkpt lat="48.75297" lon="-3.45828"></trkpt>
      <trkpt lat="48.75293" lon="-3.45822"></trkpt>
      <trkpt lat="48.75288" lon="-3.45812"></trkpt>
      <trkpt lat="48.75286" lon="-3.45803"></trkpt>
      <trkpt lat="48.75287" lon="-3.4579"></trkpt>
      <trkpt lat="48.75289" lon="-3.45784"></trkpt>
      <trkpt lat="48.75293" lon="-3.45776"></trkpt>
      <trkpt lat="48.75298" lon="-3.45769"></trkpt>
      <trkpt lat="48.75302" lon="-3.45766"></trkpt>
      <trkpt lat="48.75297" lon="-3.45753"></trkpt>
      <trkpt lat="48.7529" lon="-3.45724"></trkpt>
      <trkpt lat="48.75278" lon="-3.45674"></trkpt>
      <trkpt lat="48.75274" lon="-3.45657"></trkpt>
      <trkpt lat="48.75264" lon="-3.45615"></trkpt>
      <trkpt lat="48.75253" lon="-3.45559"></trkpt>
      <trkpt lat="48.75242" lon="-3.45509"></trkpt>
      <trkpt lat="48.75228" lon="-3.45465"></trkpt>
      <trkpt lat="48.75216" lon="-3.45433"></trkpt>
      <trkpt lat="48.75199" lon="-3.45381"></trkpt>
      <trkpt lat="48.75197" lon="-3.45374"></trkpt>
      <trkpt lat="48.75189" lon="-3.45336"></trkpt>
      <trkpt lat="48.75182" lon="-3.45287"></trkpt>
      <trkpt lat="48.7518" lon="-3.45288"></trkpt>
      <trkpt lat="48.75177" lon="-3.45287"></trkpt>
      <trkpt lat="48.75175" lon="-3.45285"></trkpt>
      <trkpt lat="48.75173" lon="-3.45283"></trkpt>
      <trkpt lat="48.75172" lon="-3.4528"></trkpt>
      <trkpt lat="48.75171" lon="-3.45275"></trkpt>
      <trkpt lat="48.75172" lon="-3.45272"></trkpt>
      <trkpt lat="48.75172" lon="-3.45269"></trkpt>
      <trkpt lat="48.75173" lon="-3.45266"></trkpt>
      <trkpt lat="48.75175" lon="-3.45263"></trkpt>
      <trkpt lat="48.75178" lon="-3.45261"></trkpt>
      <trkpt lat="48.75167" lon="-3.45235"></trkpt>
      <trkpt lat="48.75152" lon="-3.45183"></trkpt>
      <trkpt lat="48.75144" lon="-3.45149"></trkpt>
      <trkpt lat="48.75137" lon="-3.45096"></trkpt>
      <trkpt lat="48.75127" lon="-3.44995"></trkpt>
      <trkpt lat="48.75126" lon="-3.44971"></trkpt>
      <trkpt lat="48.75125" lon="-3.44964"></trkpt>
      <trkpt lat="48.75123" lon="-3.44941"></trkpt>
      <trkpt lat="48.7511" lon="-3.4494"></trkpt>
      <trkpt lat="48.75103" lon="-3.44936"></trkpt>
      <trkpt lat="48.75099" lon="-3.4493"></trkpt>
      <trkpt lat="48.75095" lon="-3.44919"></trkpt>
      <trkpt lat="48.75043" lon="-3.44913"></trkpt>
      <trkpt lat="48.75028" lon="-3.4491"></trkpt>
      <trkpt lat="48.74971" lon="-3.44895"></trkpt>
      <trkpt lat="48.74956" lon="-3.44889"></trkpt>
      <trkpt lat="48.7494" lon="-3.44874"></trkpt>
      <trkpt lat="48.74902" lon="-3.44856"></trkpt>
      <trkpt lat="48.74869" lon="-3.44831"></trkpt>
      <trkpt lat="48.74854" lon="-3.4482"></trkpt>
      <trkpt lat="48.74831" lon="-3.44805"></trkpt>
      <trkpt lat="48.74653" lon="-3.44668"></trkpt>
      <trkpt lat="48.74623" lon="-3.44647"></trkpt>
      <trkpt lat="48.74534" lon="-3.44576"></trkpt>
      <trkpt lat="48.74521" lon="-3.44565"></trkpt>
      <trkpt lat="48.74496" lon="-3.44547"></trkpt>
      <trkpt lat="48.74441" lon="-3.44498"></trkpt>
      <trkpt lat="48.74401" lon="-3.44458"></trkpt>
      <trkpt lat="48.7433" lon="-3.44382"></trkpt>
      <trkpt lat="48.74313" lon="-3.44361"></trkpt>
      <trkpt lat="48.74281" lon="-3.44325"></trkpt>
      <trkpt lat="48.74255" lon="-3.44297"></trkpt>
      <trkpt lat="48.74171" lon="-3.44202"></trkpt>
      <trkpt lat="48.74074" lon="-3.44104"></trkpt>
      <trkpt lat="48.74007" lon="-3.44045"></trkpt>
      <trkpt lat="48.73968" lon="-3.44013"></trkpt>
      <trkpt lat="48.73929" lon="-3.43985"></trkpt>
      <trkpt lat="48.73792" lon="-3.43892"></trkpt>
      <trkpt lat="48.73753" lon="-3.43863"></trkpt>
      <trkpt lat="48.73742" lon="-3.4386"></trkpt>
      <trkpt lat="48.7373" lon="-3.43852"></trkpt>
      <trkpt lat="48.7372" lon="-3.43845"></trkpt>
      <trkpt lat="48.73707" lon="-3.43835"></trkpt>
      <trkpt lat="48.73653" lon="-3.43798"></trkpt>
      <trkpt lat="48.73639" lon="-3.43788"></trkpt>
      <trkpt lat="48.73619" lon="-3.43773"></trkpt>
      <trkpt lat="48.73607" lon="-3.43765"></trkpt>
      <trkpt lat="48.73543" lon="-3.43723"></trkpt>
      <trkpt lat="48.73541" lon="-3.43725"></trkpt>
      <trkpt lat="48.73539" lon="-3.43727"></trkpt>
      <trkpt lat="48.73535" lon="-3.43731"></trkpt>
      <trkpt lat="48.73534" lon="-3.43732"></trkpt>
      <trkpt lat="48.73526" lon="-3.43734"></trkpt>
      <trkpt lat="48.73524" lon="-3.43734"></trkpt>
      <trkpt lat="48.7352" lon="-3.43734"></trkpt>
      <trkpt lat="48.7351" lon="-3.4373"></trkpt>
      <trkpt lat="48.73504" lon="-3.43724"></trkpt>
      <trkpt lat="48.73502" lon="-3.43721"></trkpt>
      <trkpt lat="48.735" lon="-3.43717"></trkpt>
      <trkpt lat="48.73498" lon="-3.4371"></trkpt>
      <trkpt lat="48.73496" lon="-3.43701"></trkpt>
      <trkpt lat="48.73496" lon="-3.43697"></trkpt>
      <trkpt lat="48.73495" lon="-3.43692"></trkpt>
      <trkpt lat="48.73496" lon="-3.43687"></trkpt>
      <trkpt lat="48.73496" lon="-3.43684"></trkpt>
      <trkpt lat="48.73497" lon="-3.43681"></trkpt>
      <trkpt lat="48.73498" lon="-3.43678"></trkpt>
      <trkpt lat="48.73499" lon="-3.43675"></trkpt>
      <trkpt lat="48.73501" lon="-3.43669"></trkpt>
      <trkpt lat="48.73505" lon="-3.43663"></trkpt>
      <trkpt lat="48.73507" lon="-3.43661"></trkpt>
      <trkpt lat="48.73506" lon="-3.43645"></trkpt>
      <trkpt lat="48.73505" lon="-3.43638"></trkpt>
      <trkpt lat="48.73499" lon="-3.4363"></trkpt>
      <trkpt lat="48.73496" lon="-3.43627"></trkpt>
      <trkpt lat="48.73479" lon="-3.43625"></trkpt>
      <trkpt lat="48.73476" lon="-3.43624"></trkpt>
      <trkpt lat="48.73469" lon="-3.43619"></trkpt>
      <trkpt lat="48.73464" lon="-3.43615"></trkpt>
      <trkpt lat="48.73459" lon="-3.4361"></trkpt>
      <trkpt lat="48.73457" lon="-3.43607"></trkpt>
      <trkpt lat="48.73444" lon="-3.4359"></trkpt>
      <trkpt lat="48.73432" lon="-3.43581"></trkpt>
      <trkpt lat="48.73421" lon="-3.43554"></trkpt>
      <trkpt lat="48.73416" lon="-3.43538"></trkpt>
      <trkpt lat="48.73415" lon="-3.43531"></trkpt>
      <trkpt lat="48.73412" lon="-3.43518"></trkpt>
      <trkpt lat="48.73412" lon="-3.43511"></trkpt>
      <trkpt lat="48.73411" lon="-3.43502"></trkpt>
      <trkpt lat="48.73408" lon="-3.43473"></trkpt>
      <trkpt lat="48.734" lon="-3.4342"></trkpt>
      <trkpt lat="48.73402" lon="-3.43413"></trkpt>
      <trkpt lat="48.73405" lon="-3.43403"></trkpt>
      <trkpt lat="48.73397" lon="-3.43325"></trkpt>
      <trkpt lat="48.73395" lon="-3.43324"></trkpt>
      <trkpt lat="48.73394" lon="-3.43323"></trkpt>
      <trkpt lat="48.73392" lon="-3.43321"></trkpt>
      <trkpt lat="48.73392" lon="-3.4332"></trkpt>
      <trkpt lat="48.73391" lon="-3.43314"></trkpt>
      <trkpt lat="48.73391" lon="-3.4331"></trkpt>
      <trkpt lat="48.73391" lon="-3.43309"></trkpt>
      <trkpt lat="48.73391" lon="-3.43306"></trkpt>
      <trkpt lat="48.73392" lon="-3.43304"></trkpt>
      <trkpt lat="48.73392" lon="-3.43303"></trkpt>
      <trkpt lat="48.73393" lon="-3.43302"></trkpt>
      <trkpt lat="48.73388" lon="-3.43254"></trkpt>
      <trkpt lat="48.73387" lon="-3.43222"></trkpt>
      <trkpt lat="48.73387" lon="-3.43192"></trkpt>
      <trkpt lat="48.73389" lon="-3.43157"></trkpt>
      <trkpt lat="48.73389" lon="-3.4315"></trkpt>
      <trkpt lat="48.73389" lon="-3.4314"></trkpt>
      <trkpt lat="48.73389" lon="-3.43125"></trkpt>
      <trkpt lat="48.73384" lon="-3.43113"></trkpt>
      <trkpt lat="48.73385" lon="-3.43097"></trkpt>
      <trkpt lat="48.73385" lon="-3.43086"></trkpt>
      <trkpt lat="48.73387" lon="-3.43053"></trkpt>
      <trkpt lat="48.73387" lon="-3.43034"></trkpt>
      <trkpt lat="48.73385" lon="-3.43014"></trkpt>
      <trkpt lat="48.7339" lon="-3.43"></trkpt>
      <trkpt lat="48.73389" lon="-3.42982"></trkpt>
      <trkpt lat="48.73386" lon="-3.42961"></trkpt>
      <trkpt lat="48.73379" lon="-3.42916"></trkpt>
      <trkpt lat="48.73372" lon="-3.42879"></trkpt>
      <trkpt lat="48.7337" lon="-3.42867"></trkpt>
      <trkpt lat="48.73366" lon="-3.42813"></trkpt>
      <trkpt lat="48.73363" lon="-3.42773"></trkpt>
      <trkpt lat="48.73355" lon="-3.42667"></trkpt>
      <trkpt lat="48.73342" lon="-3.42573"></trkpt>
      <trkpt lat="48.73338" lon="-3.42518"></trkpt>
      <trkpt lat="48.73338" lon="-3.42445"></trkpt>
      <trkpt lat="48.73339" lon="-3.42347"></trkpt>
      <trkpt lat="48.7334" lon="-3.42318"></trkpt>
      <trkpt lat="48.73337" lon="-3.42262"></trkpt>
      <trkpt lat="48.73337" lon="-3.42208"></trkpt>
      <trkpt lat="48.7334" lon="-3.4218"></trkpt>
      <trkpt lat="48.73357" lon="-3.421"></trkpt>
      <trkpt lat="48.73361" lon="-3.42076"></trkpt>
      <trkpt lat="48.7336" lon="-3.4205"></trkpt>
      <trkpt lat="48.7336" lon="-3.42043"></trkpt>
      <trkpt lat="48.73358" lon="-3.42026"></trkpt>
      <trkpt lat="48.7335" lon="-3.42003"></trkpt>
      <trkpt lat="48.73342" lon="-3.41989"></trkpt>
      <trkpt lat="48.73293" lon="-3.41938"></trkpt>
      <trkpt lat="48.73277" lon="-3.41909"></trkpt>
      <trkpt lat="48.73273" lon="-3.41901"></trkpt>
      <trkpt lat="48.7326" lon="-3.41872"></trkpt>
      <trkpt lat="48.73247" lon="-3.41837"></trkpt>
      <trkpt lat="48.73241" lon="-3.41813"></trkpt>
      <trkpt lat="48.7324" lon="-3.41802"></trkpt>
      <trkpt lat="48.7323" lon="-3.4174"></trkpt>
      <trkpt lat="48.73225" lon="-3.41716"></trkpt>
      <trkpt lat="48.73219" lon="-3.41687"></trkpt>
      <trkpt lat="48.73215" lon="-3.41673"></trkpt>
      <trkpt lat="48.73211" lon="-3.41652"></trkpt>
      <trkpt lat="48.73208" lon="-3.41624"></trkpt>
      <trkpt lat="48.73206" lon="-3.41551"></trkpt>
      <trkpt lat="48.7321" lon="-3.41445"></trkpt>
      <trkpt lat="48.73212" lon="-3.4139"></trkpt>
      <trkpt lat="48.73211" lon="-3.41333"></trkpt>
      <trkpt lat="48.73211" lon="-3.41318"></trkpt>
      <trkpt lat="48.73204" lon="-3.41238"></trkpt>
      <trkpt lat="48.73195" lon="-3.41141"></trkpt>
      <trkpt lat="48.73181" lon="-3.4104"></trkpt>
      <trkpt lat="48.73166" lon="-3.40964"></trkpt>
      <trkpt lat="48.73145" lon="-3.40866"></trkpt>
      <trkpt lat="48.73138" lon="-3.4084"></trkpt>
      <trkpt lat="48.73121" lon="-3.40766"></trkpt>
      <trkpt lat="48.73109" lon="-3.40714"></trkpt>
      <trkpt lat="48.73104" lon="-3.40701"></trkpt>
      <trkpt lat="48.7309" lon="-3.4067"></trkpt>
      <trkpt lat="48.73072" lon="-3.40637"></trkpt>
      <trkpt lat="48.73057" lon="-3.406"></trkpt>
      <trkpt lat="48.73054" lon="-3.40576"></trkpt>
      <trkpt lat="48.73051" lon="-3.40549"></trkpt>
      <trkpt lat="48.73051" lon="-3.40486"></trkpt>
      <trkpt lat="48.73047" lon="-3.40448"></trkpt>
      <trkpt lat="48.73042" lon="-3.40428"></trkpt>
      <trkpt lat="48.73037" lon="-3.40409"></trkpt>
      <trkpt lat="48.73022" lon="-3.4037"></trkpt>
      <trkpt lat="48.73017" lon="-3.40352"></trkpt>
      <trkpt lat="48.73015" lon="-3.40333"></trkpt>
      <trkpt lat="48.73015" lon="-3.40315"></trkpt>
      <trkpt lat="48.73011" lon="-3.40262"></trkpt>
      <trkpt lat="48.73005" lon="-3.4023"></trkpt>
      <trkpt lat="48.73" lon="-3.40211"></trkpt>
      <trkpt lat="48.72989" lon="-3.40178"></trkpt>
      <trkpt lat="48.72984" lon="-3.40158"></trkpt>
      <trkpt lat="48.72971" lon="-3.40052"></trkpt>
      <trkpt lat="48.72963" lon="-3.4001"></trkpt>
      <trkpt lat="48.72939" lon="-3.39932"></trkpt>
      <trkpt lat="48.72916" lon="-3.39862"></trkpt>
      <trkpt lat="48.72902" lon="-3.39833"></trkpt>
      <trkpt lat="48.72893" lon="-3.39817"></trkpt>
      <trkpt lat="48.72875" lon="-3.39783"></trkpt>
      <trkpt lat="48.72859" lon="-3.39754"></trkpt>
      <trkpt lat="48.72848" lon="-3.39728"></trkpt>
      <trkpt lat="48.72837" lon="-3.3969"></trkpt>
      <trkpt lat="48.72831" lon="-3.39659"></trkpt>
      <trkpt lat="48.72828" lon="-3.39638"></trkpt>
      <trkpt lat="48.72824" lon="-3.39594"></trkpt>
      <trkpt lat="48.72822" lon="-3.39548"></trkpt>
      <trkpt lat="48.72828" lon="-3.3947"></trkpt>
      <trkpt lat="48.72832" lon="-3.39425"></trkpt>
      <trkpt lat="48.72834" lon="-3.3941"></trkpt>
      <trkpt lat="48.72835" lon="-3.39361"></trkpt>
      <trkpt lat="48.72835" lon="-3.39346"></trkpt>
      <trkpt lat="48.72835" lon="-3.39303"></trkpt>
      <trkpt lat="48.72833" lon="-3.39248"></trkpt>
      <trkpt lat="48.72835" lon="-3.39224"></trkpt>
      <trkpt lat="48.72836" lon="-3.39174"></trkpt>
      <trkpt lat="48.72839" lon="-3.39149"></trkpt>
      <trkpt lat="48.72846" lon="-3.39092"></trkpt>
      <trkpt lat="48.7286" lon="-3.38974"></trkpt>
      <trkpt lat="48.7287" lon="-3.38882"></trkpt>
      <trkpt lat="48.72872" lon="-3.38868"></trkpt>
      <trkpt lat="48.72878" lon="-3.38832"></trkpt>
      <trkpt lat="48.72887" lon="-3.38804"></trkpt>
      <trkpt lat="48.72896" lon="-3.38783"></trkpt>
      <trkpt lat="48.72912" lon="-3.38739"></trkpt>
      <trkpt lat="48.72918" lon="-3.38713"></trkpt>
      <trkpt lat="48.7292" lon="-3.38681"></trkpt>
      <trkpt lat="48.72917" lon="-3.38647"></trkpt>
      <trkpt lat="48.72915" lon="-3.38621"></trkpt>
      <trkpt lat="48.72917" lon="-3.38611"></trkpt>
      <trkpt lat="48.72917" lon="-3.38602"></trkpt>
      <trkpt lat="48.72917" lon="-3.38596"></trkpt>
      <trkpt lat="48.72916" lon="-3.38591"></trkpt>
      <trkpt lat="48.72907" lon="-3.38571"></trkpt>
      <trkpt lat="48.72906" lon="-3.38566"></trkpt>
      <trkpt lat="48.72905" lon="-3.38559"></trkpt>
      <trkpt lat="48.72905" lon="-3.38554"></trkpt>
      <trkpt lat="48.72906" lon="-3.38549"></trkpt>
      <trkpt lat="48.72908" lon="-3.38541"></trkpt>
      <trkpt lat="48.72913" lon="-3.3853"></trkpt>
      <trkpt lat="48.72934" lon="-3.38472"></trkpt>
      <trkpt lat="48.7293" lon="-3.38452"></trkpt>
      <trkpt lat="48.72928" lon="-3.38441"></trkpt>
      <trkpt lat="48.72927" lon="-3.38421"></trkpt>
      <trkpt lat="48.72928" lon="-3.38392"></trkpt>
      <trkpt lat="48.7293" lon="-3.38379"></trkpt>
      <trkpt lat="48.72935" lon="-3.38342"></trkpt>
      <trkpt lat="48.72943" lon="-3.38302"></trkpt>
      <trkpt lat="48.72954" lon="-3.38261"></trkpt>
      <trkpt lat="48.72958" lon="-3.3825"></trkpt>
      <trkpt lat="48.72988" lon="-3.38192"></trkpt>
      <trkpt lat="48.73002" lon="-3.38169"></trkpt>
      <trkpt lat="48.73021" lon="-3.38132"></trkpt>
      <trkpt lat="48.73025" lon="-3.3812"></trkpt>
      <trkpt lat="48.73035" lon="-3.38092"></trkpt>
      <trkpt lat="48.73039" lon="-3.3807"></trkpt>
      <trkpt lat="48.7304" lon="-3.38059"></trkpt>
      <trkpt lat="48.73041" lon="-3.38045"></trkpt>
      <trkpt lat="48.73041" lon="-3.38037"></trkpt>
      <trkpt lat="48.73041" lon="-3.38022"></trkpt>
      <trkpt lat="48.73041" lon="-3.38006"></trkpt>
      <trkpt lat="48.73039" lon="-3.37979"></trkpt>
      <trkpt lat="48.73031" lon="-3.37916"></trkpt>
      <trkpt lat="48.73023" lon="-3.37859"></trkpt>
      <trkpt lat="48.73019" lon="-3.37835"></trkpt>
      <trkpt lat="48.73012" lon="-3.37792"></trkpt>
      <trkpt lat="48.72998" lon="-3.37763"></trkpt>
      <trkpt lat="48.72986" lon="-3.37741"></trkpt>
      <trkpt lat="48.72961" lon="-3.37704"></trkpt>
      <trkpt lat="48.72945" lon="-3.37674"></trkpt>
      <trkpt lat="48.72939" lon="-3.37659"></trkpt>
      <trkpt lat="48.72933" lon="-3.37639"></trkpt>
      <trkpt lat="48.72929" lon="-3.37616"></trkpt>
      <trkpt lat="48.72928" lon="-3.37602"></trkpt>
      <trkpt lat="48.72929" lon="-3.37595"></trkpt>
      <trkpt lat="48.72933" lon="-3.37568"></trkpt>
      <trkpt lat="48.7295" lon="-3.37496"></trkpt>
      <trkpt lat="48.72958" lon="-3.37462"></trkpt>
      <trkpt lat="48.72968" lon="-3.37404"></trkpt>
      <trkpt lat="48.7297" lon="-3.3739"></trkpt>
      <trkpt lat="48.7297" lon="-3.37372"></trkpt>
      <trkpt lat="48.72968" lon="-3.37343"></trkpt>
      <trkpt lat="48.7296" lon="-3.37322"></trkpt>
      <trkpt lat="48.72953" lon="-3.37309"></trkpt>
      <trkpt lat="48.7294" lon="-3.37293"></trkpt>
      <trkpt lat="48.72916" lon="-3.37269"></trkpt>
      <trkpt lat="48.72892" lon="-3.37248"></trkpt>
      <trkpt lat="48.72874" lon="-3.37234"></trkpt>
      <trkpt lat="48.7286" lon="-3.37224"></trkpt>
      <trkpt lat="48.72846" lon="-3.37218"></trkpt>
      <trkpt lat="48.72754" lon="-3.37189"></trkpt>
      <trkpt lat="48.7274" lon="-3.37183"></trkpt>
      <trkpt lat="48.72722" lon="-3.37167"></trkpt>
      <trkpt lat="48.72708" lon="-3.37152"></trkpt>
      <trkpt lat="48.72681" lon="-3.37112"></trkpt>
      <trkpt lat="48.72659" lon="-3.37082"></trkpt>
      <trkpt lat="48.72647" lon="-3.37057"></trkpt>
      <trkpt lat="48.72635" lon="-3.37028"></trkpt>
      <trkpt lat="48.72629" lon="-3.36991"></trkpt>
      <trkpt lat="48.72627" lon="-3.36962"></trkpt>
      <trkpt lat="48.72627" lon="-3.36937"></trkpt>
      <trkpt lat="48.72635" lon="-3.36848"></trkpt>
      <trkpt lat="48.7265" lon="-3.36738"></trkpt>
      <trkpt lat="48.72652" lon="-3.36699"></trkpt>
      <trkpt lat="48.7265" lon="-3.36667"></trkpt>
      <trkpt lat="48.72647" lon="-3.36641"></trkpt>
      <trkpt lat="48.72634" lon="-3.36597"></trkpt>
      <trkpt lat="48.72594" lon="-3.36511"></trkpt>
      <trkpt lat="48.72587" lon="-3.36493"></trkpt>
      <trkpt lat="48.72582" lon="-3.36471"></trkpt>
      <trkpt lat="48.72579" lon="-3.36451"></trkpt>
      <trkpt lat="48.7258" lon="-3.36437"></trkpt>
      <trkpt lat="48.72585" lon="-3.36405"></trkpt>
      <trkpt lat="48.72592" lon="-3.36376"></trkpt>
      <trkpt lat="48.72612" lon="-3.36335"></trkpt>
      <trkpt lat="48.72639" lon="-3.36285"></trkpt>
      <trkpt lat="48.72657" lon="-3.36246"></trkpt>
      <trkpt lat="48.72665" lon="-3.36223"></trkpt>
      <trkpt lat="48.72672" lon="-3.36195"></trkpt>
      <trkpt lat="48.72674" lon="-3.36182"></trkpt>
      <trkpt lat="48.72679" lon="-3.36154"></trkpt>
      <trkpt lat="48.72684" lon="-3.36126"></trkpt>
      <trkpt lat="48.72691" lon="-3.3607"></trkpt>
      <trkpt lat="48.72692" lon="-3.36057"></trkpt>
      <trkpt lat="48.72693" lon="-3.36048"></trkpt>
      <trkpt lat="48.72693" lon="-3.3602"></trkpt>
      <trkpt lat="48.72692" lon="-3.35977"></trkpt>
      <trkpt lat="48.72691" lon="-3.35964"></trkpt>
      <trkpt lat="48.72685" lon="-3.359"></trkpt>
      <trkpt lat="48.72684" lon="-3.35868"></trkpt>
      <trkpt lat="48.72686" lon="-3.35826"></trkpt>
      <trkpt lat="48.7269" lon="-3.35789"></trkpt>
      <trkpt lat="48.72704" lon="-3.35714"></trkpt>
      <trkpt lat="48.72727" lon="-3.35614"></trkpt>
      <trkpt lat="48.72759" lon="-3.3552"></trkpt>
      <trkpt lat="48.72775" lon="-3.35493"></trkpt>
      <trkpt lat="48.72787" lon="-3.35472"></trkpt>
      <trkpt lat="48.72796" lon="-3.35451"></trkpt>
      <trkpt lat="48.72805" lon="-3.35427"></trkpt>
      <trkpt lat="48.72847" lon="-3.35306"></trkpt>
      <trkpt lat="48.72859" lon="-3.35267"></trkpt>
      <trkpt lat="48.72861" lon="-3.35256"></trkpt>
      <trkpt lat="48.72868" lon="-3.35223"></trkpt>
      <trkpt lat="48.72871" lon="-3.35204"></trkpt>
      <trkpt lat="48.72871" lon="-3.35184"></trkpt>
      <trkpt lat="48.72869" lon="-3.35173"></trkpt>
      <trkpt lat="48.72866" lon="-3.35149"></trkpt>
      <trkpt lat="48.72856" lon="-3.35117"></trkpt>
      <trkpt lat="48.72852" lon="-3.35102"></trkpt>
      <trkpt lat="48.72849" lon="-3.35087"></trkpt>
      <trkpt lat="48.72846" lon="-3.35051"></trkpt>
      <trkpt lat="48.72847" lon="-3.34968"></trkpt>
      <trkpt lat="48.72844" lon="-3.34902"></trkpt>
      <trkpt lat="48.72843" lon="-3.34877"></trkpt>
      <trkpt lat="48.72842" lon="-3.34854"></trkpt>
      <trkpt lat="48.7284" lon="-3.34809"></trkpt>
      <trkpt lat="48.72837" lon="-3.34786"></trkpt>
      <trkpt lat="48.72832" lon="-3.34757"></trkpt>
      <trkpt lat="48.72826" lon="-3.3474"></trkpt>
      <trkpt lat="48.72811" lon="-3.34701"></trkpt>
      <trkpt lat="48.72746" lon="-3.34555"></trkpt>
      <trkpt lat="48.72721" lon="-3.34498"></trkpt>
      <trkpt lat="48.72703" lon="-3.34452"></trkpt>
      <trkpt lat="48.72691" lon="-3.3443"></trkpt>
      <trkpt lat="48.72665" lon="-3.3439"></trkpt>
      <trkpt lat="48.72647" lon="-3.34354"></trkpt>
      <trkpt lat="48.72586" lon="-3.34251"></trkpt>
      <trkpt lat="48.7257" lon="-3.3422"></trkpt>
      <trkpt lat="48.7249" lon="-3.33998"></trkpt>
      <trkpt lat="48.72486" lon="-3.33984"></trkpt>
      <trkpt lat="48.72424" lon="-3.33803"></trkpt>
      <trkpt lat="48.72362" lon="-3.33621"></trkpt>
      <trkpt lat="48.72343" lon="-3.33576"></trkpt>
      <trkpt lat="48.72331" lon="-3.33534"></trkpt>
      <trkpt lat="48.72326" lon="-3.33508"></trkpt>
      <trkpt lat="48.72328" lon="-3.33451"></trkpt>
      <trkpt lat="48.72327" lon="-3.33422"></trkpt>
      <trkpt lat="48.72321" lon="-3.33377"></trkpt>
      <trkpt lat="48.72314" lon="-3.33339"></trkpt>
      <trkpt lat="48.72312" lon="-3.33304"></trkpt>
      <trkpt lat="48.72312" lon="-3.33261"></trkpt>
      <trkpt lat="48.72309" lon="-3.3323"></trkpt>
      <trkpt lat="48.72279" lon="-3.331"></trkpt>
      <trkpt lat="48.72267" lon="-3.33036"></trkpt>
      <trkpt lat="48.72245" lon="-3.32887"></trkpt>
      <trkpt lat="48.7224" lon="-3.32831"></trkpt>
      <trkpt lat="48.72236" lon="-3.3277"></trkpt>
      <trkpt lat="48.72219" lon="-3.32698"></trkpt>
      <trkpt lat="48.72211" lon="-3.32646"></trkpt>
      <trkpt lat="48.72207" lon="-3.32588"></trkpt>
      <trkpt lat="48.72203" lon="-3.32532"></trkpt>
      <trkpt lat="48.72204" lon="-3.32522"></trkpt>
      <trkpt lat="48.72202" lon="-3.32419"></trkpt>
      <trkpt lat="48.72204" lon="-3.32383"></trkpt>
      <trkpt lat="48.72204" lon="-3.32349"></trkpt>
      <trkpt lat="48.72206" lon="-3.32324"></trkpt>
      <trkpt lat="48.72208" lon="-3.32297"></trkpt>
      <trkpt lat="48.7221" lon="-3.32267"></trkpt>
      <trkpt lat="48.72211" lon="-3.32195"></trkpt>
      <trkpt lat="48.7221" lon="-3.32152"></trkpt>
      <trkpt lat="48.72205" lon="-3.32099"></trkpt>
      <trkpt lat="48.72196" lon="-3.32046"></trkpt>
      <trkpt lat="48.72194" lon="-3.32008"></trkpt>
      <trkpt lat="48.72193" lon="-3.31968"></trkpt>
      <trkpt lat="48.72194" lon="-3.31909"></trkpt>
      <trkpt lat="48.72193" lon="-3.31854"></trkpt>
      <trkpt lat="48.72187" lon="-3.31787"></trkpt>
      <trkpt lat="48.72184" lon="-3.31744"></trkpt>
      <trkpt lat="48.72182" lon="-3.31693"></trkpt>
      <trkpt lat="48.72184" lon="-3.31599"></trkpt>
      <trkpt lat="48.72184" lon="-3.31504"></trkpt>
      <trkpt lat="48.72185" lon="-3.31492"></trkpt>
      <trkpt lat="48.72187" lon="-3.31476"></trkpt>
      <trkpt lat="48.72196" lon="-3.31412"></trkpt>
      <trkpt lat="48.72201" lon="-3.31368"></trkpt>
      <trkpt lat="48.72209" lon="-3.31272"></trkpt>
      <trkpt lat="48.7221" lon="-3.31257"></trkpt>
      <trkpt lat="48.72209" lon="-3.31242"></trkpt>
      <trkpt lat="48.72207" lon="-3.31221"></trkpt>
      <trkpt lat="48.72205" lon="-3.31206"></trkpt>
      <trkpt lat="48.72203" lon="-3.312"></trkpt>
      <trkpt lat="48.72195" lon="-3.3117"></trkpt>
      <trkpt lat="48.72155" lon="-3.31051"></trkpt>
      <trkpt lat="48.72143" lon="-3.31019"></trkpt>
      <trkpt lat="48.72102" lon="-3.30935"></trkpt>
      <trkpt lat="48.7207" lon="-3.30876"></trkpt>
      <trkpt lat="48.7206" lon="-3.3086"></trkpt>
      <trkpt lat="48.72003" lon="-3.30779"></trkpt>
      <trkpt lat="48.7199" lon="-3.3076"></trkpt>
      <trkpt lat="48.71913" lon="-3.30615"></trkpt>
      <trkpt lat="48.7187" lon="-3.30526"></trkpt>
      <trkpt lat="48.71863" lon="-3.30507"></trkpt>
      <trkpt lat="48.71822" lon="-3.30401"></trkpt>
      <trkpt lat="48.71806" lon="-3.30354"></trkpt>
      <trkpt lat="48.71791" lon="-3.30305"></trkpt>
      <trkpt lat="48.71738" lon="-3.30112"></trkpt>
      <trkpt lat="48.71714" lon="-3.30015"></trkpt>
      <trkpt lat="48.71705" lon="-3.29966"></trkpt>
      <trkpt lat="48.71698" lon="-3.29916"></trkpt>
      <trkpt lat="48.71687" lon="-3.29841"></trkpt>
      <trkpt lat="48.71671" lon="-3.29757"></trkpt>
      <trkpt lat="48.71653" lon="-3.29685"></trkpt>
      <trkpt lat="48.71635" lon="-3.29621"></trkpt>
      <trkpt lat="48.71624" lon="-3.2959"></trkpt>
      <trkpt lat="48.71585" lon="-3.29473"></trkpt>
      <trkpt lat="48.71551" lon="-3.29365"></trkpt>
      <trkpt lat="48.71545" lon="-3.29343"></trkpt>
      <trkpt lat="48.71525" lon="-3.29285"></trkpt>
      <trkpt lat="48.71502" lon="-3.29227"></trkpt>
      <trkpt lat="48.71485" lon="-3.2919"></trkpt>
      <trkpt lat="48.71457" lon="-3.29135"></trkpt>
      <trkpt lat="48.7145" lon="-3.29115"></trkpt>
      <trkpt lat="48.7144" lon="-3.2908"></trkpt>
      <trkpt lat="48.71431" lon="-3.29046"></trkpt>
      <trkpt lat="48.71421" lon="-3.28985"></trkpt>
      <trkpt lat="48.71417" lon="-3.28935"></trkpt>
      <trkpt lat="48.71415" lon="-3.28788"></trkpt>
      <trkpt lat="48.71416" lon="-3.28717"></trkpt>
      <trkpt lat="48.71426" lon="-3.28557"></trkpt>
      <trkpt lat="48.71429" lon="-3.2846"></trkpt>
      <trkpt lat="48.71429" lon="-3.28307"></trkpt>
      <trkpt lat="48.71418" lon="-3.28114"></trkpt>
      <trkpt lat="48.71411" lon="-3.28071"></trkpt>
      <trkpt lat="48.71383" lon="-3.27955"></trkpt>
      <trkpt lat="48.71363" lon="-3.27831"></trkpt>
      <trkpt lat="48.71359" lon="-3.27818"></trkpt>
      <trkpt lat="48.71355" lon="-3.27807"></trkpt>
      <trkpt lat="48.71347" lon="-3.2779"></trkpt>
      <trkpt lat="48.71338" lon="-3.27776"></trkpt>
      <trkpt lat="48.71332" lon="-3.27768"></trkpt>
      <trkpt lat="48.71286" lon="-3.27709"></trkpt>
      <trkpt lat="48.71265" lon="-3.27679"></trkpt>
      <trkpt lat="48.71253" lon="-3.27656"></trkpt>
      <trkpt lat="48.71223" lon="-3.27582"></trkpt>
      <trkpt lat="48.71217" lon="-3.27571"></trkpt>
      <trkpt lat="48.71209" lon="-3.27558"></trkpt>
      <trkpt lat="48.71189" lon="-3.27535"></trkpt>
      <trkpt lat="48.71178" lon="-3.27527"></trkpt>
      <trkpt lat="48.71157" lon="-3.27516"></trkpt>
      <trkpt lat="48.71121" lon="-3.27486"></trkpt>
      <trkpt lat="48.71114" lon="-3.27478"></trkpt>
      <trkpt lat="48.7111" lon="-3.2747"></trkpt>
      <trkpt lat="48.71102" lon="-3.27448"></trkpt>
      <trkpt lat="48.711" lon="-3.27432"></trkpt>
      <trkpt lat="48.71101" lon="-3.27402"></trkpt>
      <trkpt lat="48.71104" lon="-3.27393"></trkpt>
      <trkpt lat="48.71106" lon="-3.27385"></trkpt>
      <trkpt lat="48.71139" lon="-3.27321"></trkpt>
      <trkpt lat="48.71165" lon="-3.27285"></trkpt>
      <trkpt lat="48.71187" lon="-3.27256"></trkpt>
      <trkpt lat="48.71215" lon="-3.27228"></trkpt>
      <trkpt lat="48.71338" lon="-3.27138"></trkpt>
      <trkpt lat="48.71346" lon="-3.27132"></trkpt>
      <trkpt lat="48.71353" lon="-3.27125"></trkpt>
      <trkpt lat="48.71374" lon="-3.27107"></trkpt>
      <trkpt lat="48.71383" lon="-3.27093"></trkpt>
      <trkpt lat="48.71386" lon="-3.27086"></trkpt>
      <trkpt lat="48.7139" lon="-3.27055"></trkpt>
      <trkpt lat="48.71391" lon="-3.27047"></trkpt>
      <trkpt lat="48.7139" lon="-3.27036"></trkpt>
      <trkpt lat="48.71389" lon="-3.27018"></trkpt>
      <trkpt lat="48.71386" lon="-3.27005"></trkpt>
      <trkpt lat="48.71384" lon="-3.26995"></trkpt>
      <trkpt lat="48.71378" lon="-3.26977"></trkpt>
      <trkpt lat="48.71371" lon="-3.26965"></trkpt>
      <trkpt lat="48.71363" lon="-3.26955"></trkpt>
      <trkpt lat="48.7135" lon="-3.26947"></trkpt>
      <trkpt lat="48.71338" lon="-3.2694"></trkpt>
      <trkpt lat="48.71307" lon="-3.26923"></trkpt>
      <trkpt lat="48.71286" lon="-3.26913"></trkpt>
      <trkpt lat="48.71265" lon="-3.26901"></trkpt>
      <trkpt lat="48.71205" lon="-3.26874"></trkpt>
      <trkpt lat="48.71171" lon="-3.2686"></trkpt>
      <trkpt lat="48.71153" lon="-3.26856"></trkpt>
      <trkpt lat="48.7111" lon="-3.26857"></trkpt>
      <trkpt lat="48.71085" lon="-3.26851"></trkpt>
      <trkpt lat="48.71036" lon="-3.26834"></trkpt>
      <trkpt lat="48.71017" lon="-3.2683"></trkpt>
      <trkpt lat="48.70999" lon="-3.26822"></trkpt>
      <trkpt lat="48.70991" lon="-3.26816"></trkpt>
      <trkpt lat="48.70979" lon="-3.26804"></trkpt>
      <trkpt lat="48.70959" lon="-3.26771"></trkpt>
      <trkpt lat="48.70932" lon="-3.26705"></trkpt>
      <trkpt lat="48.70921" lon="-3.2667"></trkpt>
      <trkpt lat="48.70918" lon="-3.26652"></trkpt>
      <trkpt lat="48.70908" lon="-3.26567"></trkpt>
      <trkpt lat="48.70887" lon="-3.26428"></trkpt>
      <trkpt lat="48.7088" lon="-3.26375"></trkpt>
      <trkpt lat="48.70878" lon="-3.26349"></trkpt>
      <trkpt lat="48.70875" lon="-3.26211"></trkpt>
      <trkpt lat="48.70874" lon="-3.26142"></trkpt>
      <trkpt lat="48.70871" lon="-3.26104"></trkpt>
      <trkpt lat="48.70858" lon="-3.26023"></trkpt>
      <trkpt lat="48.70845" lon="-3.25952"></trkpt>
      <trkpt lat="48.70823" lon="-3.25847"></trkpt>
      <trkpt lat="48.70797" lon="-3.25749"></trkpt>
      <trkpt lat="48.7079" lon="-3.25722"></trkpt>
      <trkpt lat="48.70782" lon="-3.25686"></trkpt>
      <trkpt lat="48.70779" lon="-3.25678"></trkpt>
      <trkpt lat="48.7077" lon="-3.2564"></trkpt>
      <trkpt lat="48.70749" lon="-3.2556"></trkpt>
      <trkpt lat="48.70731" lon="-3.25503"></trkpt>
      <trkpt lat="48.70712" lon="-3.25455"></trkpt>
      <trkpt lat="48.7069" lon="-3.25419"></trkpt>
      <trkpt lat="48.70662" lon="-3.25377"></trkpt>
      <trkpt lat="48.70593" lon="-3.25286"></trkpt>
      <trkpt lat="48.70549" lon="-3.25224"></trkpt>
      <trkpt lat="48.70531" lon="-3.25195"></trkpt>
      <trkpt lat="48.70494" lon="-3.25135"></trkpt>
      <trkpt lat="48.70468" lon="-3.25093"></trkpt>
      <trkpt lat="48.70437" lon="-3.25034"></trkpt>
      <trkpt lat="48.7038" lon="-3.24912"></trkpt>
      <trkpt lat="48.70342" lon="-3.24806"></trkpt>
      <trkpt lat="48.70313" lon="-3.24734"></trkpt>
      <trkpt lat="48.70283" lon="-3.24674"></trkpt>
      <trkpt lat="48.70218" lon="-3.24545"></trkpt>
      <trkpt lat="48.70204" lon="-3.24518"></trkpt>
      <trkpt lat="48.70145" lon="-3.24402"></trkpt>
      <trkpt lat="48.70125" lon="-3.24367"></trkpt>
      <trkpt lat="48.70117" lon="-3.24355"></trkpt>
      <trkpt lat="48.70103" lon="-3.24336"></trkpt>
      <trkpt lat="48.70085" lon="-3.24307"></trkpt>
      <trkpt lat="48.7008" lon="-3.24297"></trkpt>
      <trkpt lat="48.70073" lon="-3.24275"></trkpt>
      <trkpt lat="48.70072" lon="-3.2426"></trkpt>
      <trkpt lat="48.70072" lon="-3.24241"></trkpt>
      <trkpt lat="48.70076" lon="-3.242"></trkpt>
      <trkpt lat="48.70088" lon="-3.24118"></trkpt>
      <trkpt lat="48.70107" lon="-3.24015"></trkpt>
      <trkpt lat="48.70137" lon="-3.23871"></trkpt>
      <trkpt lat="48.70146" lon="-3.23816"></trkpt>
      <trkpt lat="48.70155" lon="-3.23751"></trkpt>
      <trkpt lat="48.70157" lon="-3.23717"></trkpt>
      <trkpt lat="48.70157" lon="-3.23686"></trkpt>
      <trkpt lat="48.70151" lon="-3.2365"></trkpt>
      <trkpt lat="48.70135" lon="-3.23572"></trkpt>
      <trkpt lat="48.70124" lon="-3.23502"></trkpt>
      <trkpt lat="48.70118" lon="-3.23436"></trkpt>
      <trkpt lat="48.7011" lon="-3.23378"></trkpt>
      <trkpt lat="48.70107" lon="-3.23319"></trkpt>
      <trkpt lat="48.70108" lon="-3.2329"></trkpt>
      <trkpt lat="48.70112" lon="-3.23263"></trkpt>
      <trkpt lat="48.70119" lon="-3.23224"></trkpt>
      <trkpt lat="48.70134" lon="-3.23163"></trkpt>
      <trkpt lat="48.70141" lon="-3.2313"></trkpt>
      <trkpt lat="48.70144" lon="-3.23109"></trkpt>
      <trkpt lat="48.7015" lon="-3.23045"></trkpt>
      <trkpt lat="48.7016" lon="-3.22998"></trkpt>
      <trkpt lat="48.70172" lon="-3.2294"></trkpt>
      <trkpt lat="48.70175" lon="-3.22927"></trkpt>
      <trkpt lat="48.70182" lon="-3.22896"></trkpt>
      <trkpt lat="48.70214" lon="-3.22787"></trkpt>
      <trkpt lat="48.70223" lon="-3.22765"></trkpt>
      <trkpt lat="48.70227" lon="-3.22752"></trkpt>
      <trkpt lat="48.70231" lon="-3.22741"></trkpt>
      <trkpt lat="48.70238" lon="-3.22721"></trkpt>
      <trkpt lat="48.70159" lon="-3.22642"></trkpt>
      <trkpt lat="48.70153" lon="-3.22634"></trkpt>
      <trkpt lat="48.69888" lon="-3.22289"></trkpt>
      <trkpt lat="48.6984" lon="-3.22203"></trkpt>
      <trkpt lat="48.69833" lon="-3.22187"></trkpt>
      <trkpt lat="48.69822" lon="-3.22146"></trkpt>
      <trkpt lat="48.69806" lon="-3.22105"></trkpt>
      <trkpt lat="48.69772" lon="-3.22017"></trkpt>
      <trkpt lat="48.69756" lon="-3.21984"></trkpt>
      <trkpt lat="48.69734" lon="-3.21946"></trkpt>
      <trkpt lat="48.69724" lon="-3.21932"></trkpt>
      <trkpt lat="48.6972" lon="-3.21927"></trkpt>
      <trkpt lat="48.69699" lon="-3.21897"></trkpt>
      <trkpt lat="48.69671" lon="-3.2186"></trkpt>
      <trkpt lat="48.69622" lon="-3.21799"></trkpt>
      <trkpt lat="48.69579" lon="-3.21746"></trkpt>
      <trkpt lat="48.69564" lon="-3.21727"></trkpt>
      <trkpt lat="48.69544" lon="-3.21711"></trkpt>
      <trkpt lat="48.69525" lon="-3.217"></trkpt>
      <trkpt lat="48.69517" lon="-3.21699"></trkpt>
      <trkpt lat="48.69488" lon="-3.21696"></trkpt>
      <trkpt lat="48.69441" lon="-3.217"></trkpt>
      <trkpt lat="48.69425" lon="-3.21705"></trkpt>
      <trkpt lat="48.69425" lon="-3.21677"></trkpt>
      <trkpt lat="48.69425" lon="-3.21615"></trkpt>
      <trkpt lat="48.69425" lon="-3.21609"></trkpt>
      <trkpt lat="48.69424" lon="-3.21596"></trkpt>
      <trkpt lat="48.6942" lon="-3.21583"></trkpt>
      <trkpt lat="48.69416" lon="-3.21574"></trkpt>
      <trkpt lat="48.6941" lon="-3.21568"></trkpt>
      <trkpt lat="48.6937" lon="-3.21544"></trkpt>
      <trkpt lat="48.69359" lon="-3.2153"></trkpt>
      <trkpt lat="48.69355" lon="-3.21521"></trkpt>
      <trkpt lat="48.69352" lon="-3.21511"></trkpt>
      <trkpt lat="48.69352" lon="-3.21499"></trkpt>
      <trkpt lat="48.69352" lon="-3.21476"></trkpt>
      <trkpt lat="48.69352" lon="-3.2145"></trkpt>
      <trkpt lat="48.69356" lon="-3.21398"></trkpt>
      <trkpt lat="48.69356" lon="-3.21374"></trkpt>
      <trkpt lat="48.69359" lon="-3.21345"></trkpt>
      <trkpt lat="48.69365" lon="-3.21308"></trkpt>
      <trkpt lat="48.69365" lon="-3.21306"></trkpt>
      <trkpt lat="48.69361" lon="-3.21302"></trkpt>
      <trkpt lat="48.6936" lon="-3.21301"></trkpt>
      <trkpt lat="48.6936" lon="-3.21301"></trkpt>
      <trkpt lat="48.69358" lon="-3.21298"></trkpt>
      <trkpt lat="48.69333" lon="-3.21262"></trkpt>
      <trkpt lat="48.69311" lon="-3.21222"></trkpt>
      <trkpt lat="48.69286" lon="-3.21184"></trkpt>
      <trkpt lat="48.69276" lon="-3.21169"></trkpt>
      <trkpt lat="48.69261" lon="-3.21154"></trkpt>
      <trkpt lat="48.69247" lon="-3.21144"></trkpt>
      <trkpt lat="48.69181" lon="-3.211"></trkpt>
      <trkpt lat="48.69175" lon="-3.21095"></trkpt>
      <trkpt lat="48.69166" lon="-3.21089"></trkpt>
      <trkpt lat="48.69141" lon="-3.21067"></trkpt>
      <trkpt lat="48.69141" lon="-3.21066"></trkpt>
      <trkpt lat="48.69129" lon="-3.21052"></trkpt>
      <trkpt lat="48.69121" lon="-3.21038"></trkpt>
      <trkpt lat="48.69101" lon="-3.20998"></trkpt>
      <trkpt lat="48.69058" lon="-3.2092"></trkpt>
      <trkpt lat="48.69045" lon="-3.20905"></trkpt>
      <trkpt lat="48.68944" lon="-3.20801"></trkpt>
      <trkpt lat="48.68935" lon="-3.20791"></trkpt>
      <trkpt lat="48.68904" lon="-3.20762"></trkpt>
      <trkpt lat="48.68889" lon="-3.20751"></trkpt>
      <trkpt lat="48.68875" lon="-3.20736"></trkpt>
      <trkpt lat="48.68852" lon="-3.20702"></trkpt>
      <trkpt lat="48.68839" lon="-3.20682"></trkpt>
      <trkpt lat="48.68832" lon="-3.20672"></trkpt>
      <trkpt lat="48.68824" lon="-3.20659"></trkpt>
      <trkpt lat="48.68758" lon="-3.20546"></trkpt>
      <trkpt lat="48.68736" lon="-3.20516"></trkpt>
      <trkpt lat="48.68682" lon="-3.20461"></trkpt>
      <trkpt lat="48.68667" lon="-3.20446"></trkpt>
      <trkpt lat="48.68652" lon="-3.20437"></trkpt>
      <trkpt lat="48.6852" lon="-3.20359"></trkpt>
      <trkpt lat="48.68493" lon="-3.20349"></trkpt>
      <trkpt lat="48.68446" lon="-3.20343"></trkpt>
      <trkpt lat="48.68424" lon="-3.20332"></trkpt>
      <trkpt lat="48.68401" lon="-3.20319"></trkpt>
      <trkpt lat="48.68321" lon="-3.20275"></trkpt>
      <trkpt lat="48.68308" lon="-3.20265"></trkpt>
      <trkpt lat="48.68294" lon="-3.20253"></trkpt>
      <trkpt lat="48.68239" lon="-3.20193"></trkpt>
      <trkpt lat="48.68202" lon="-3.20149"></trkpt>
      <trkpt lat="48.68098" lon="-3.20007"></trkpt>
      <trkpt lat="48.68085" lon="-3.19978"></trkpt>
      <trkpt lat="48.6805" lon="-3.19871"></trkpt>
      <trkpt lat="48.6804" lon="-3.19851"></trkpt>
      <trkpt lat="48.6794" lon="-3.19684"></trkpt>
      <trkpt lat="48.67896" lon="-3.19611"></trkpt>
      <trkpt lat="48.67882" lon="-3.19595"></trkpt>
      <trkpt lat="48.67851" lon="-3.1957"></trkpt>
      <trkpt lat="48.67837" lon="-3.19555"></trkpt>
      <trkpt lat="48.67828" lon="-3.19543"></trkpt>
      <trkpt lat="48.67818" lon="-3.19524"></trkpt>
      <trkpt lat="48.67806" lon="-3.19489"></trkpt>
      <trkpt lat="48.678" lon="-3.19469"></trkpt>
      <trkpt lat="48.67772" lon="-3.19383"></trkpt>
      <trkpt lat="48.67768" lon="-3.19371"></trkpt>
      <trkpt lat="48.67756" lon="-3.19353"></trkpt>
      <trkpt lat="48.6774" lon="-3.19332"></trkpt>
      <trkpt lat="48.67723" lon="-3.19312"></trkpt>
      <trkpt lat="48.67706" lon="-3.19294"></trkpt>
      <trkpt lat="48.67664" lon="-3.19241"></trkpt>
      <trkpt lat="48.67656" lon="-3.19231"></trkpt>
      <trkpt lat="48.67618" lon="-3.19182"></trkpt>
      <trkpt lat="48.67593" lon="-3.19145"></trkpt>
      <trkpt lat="48.67591" lon="-3.19142"></trkpt>
      <trkpt lat="48.67585" lon="-3.19137"></trkpt>
      <trkpt lat="48.67582" lon="-3.19135"></trkpt>
      <trkpt lat="48.67542" lon="-3.19123"></trkpt>
      <trkpt lat="48.67536" lon="-3.1912"></trkpt>
      <trkpt lat="48.67529" lon="-3.19113"></trkpt>
      <trkpt lat="48.67524" lon="-3.19108"></trkpt>
      <trkpt lat="48.67485" lon="-3.19064"></trkpt>
      <trkpt lat="48.67499" lon="-3.19034"></trkpt>
      <trkpt lat="48.67472" lon="-3.18978"></trkpt>
      <trkpt lat="48.67467" lon="-3.18967"></trkpt>
      <trkpt lat="48.67444" lon="-3.18918"></trkpt>
      <trkpt lat="48.6742" lon="-3.18873"></trkpt>
      <trkpt lat="48.67407" lon="-3.18848"></trkpt>
      <trkpt lat="48.67388" lon="-3.18823"></trkpt>
      <trkpt lat="48.67374" lon="-3.18806"></trkpt>
      <trkpt lat="48.67292" lon="-3.18737"></trkpt>
      <trkpt lat="48.67252" lon="-3.18706"></trkpt>
      <trkpt lat="48.67246" lon="-3.18701"></trkpt>
      <trkpt lat="48.67226" lon="-3.18685"></trkpt>
      <trkpt lat="48.67156" lon="-3.18641"></trkpt>
      <trkpt lat="48.67137" lon="-3.18628"></trkpt>
      <trkpt lat="48.67112" lon="-3.18604"></trkpt>
      <trkpt lat="48.67102" lon="-3.18594"></trkpt>
      <trkpt lat="48.67081" lon="-3.18579"></trkpt>
      <trkpt lat="48.6699" lon="-3.18534"></trkpt>
      <trkpt lat="48.66943" lon="-3.1851"></trkpt>
      <trkpt lat="48.66933" lon="-3.18504"></trkpt>
      <trkpt lat="48.66836" lon="-3.18462"></trkpt>
      <trkpt lat="48.66786" lon="-3.18437"></trkpt>
      <trkpt lat="48.66709" lon="-3.1839"></trkpt>
      <trkpt lat="48.66702" lon="-3.18386"></trkpt>
      <trkpt lat="48.6669" lon="-3.1838"></trkpt>
      <trkpt lat="48.66671" lon="-3.18374"></trkpt>
      <trkpt lat="48.66616" lon="-3.18362"></trkpt>
      <trkpt lat="48.66594" lon="-3.18353"></trkpt>
      <trkpt lat="48.66578" lon="-3.18344"></trkpt>
      <trkpt lat="48.66563" lon="-3.1833"></trkpt>
      <trkpt lat="48.66546" lon="-3.18313"></trkpt>
      <trkpt lat="48.66536" lon="-3.18301"></trkpt>
      <trkpt lat="48.66522" lon="-3.18278"></trkpt>
      <trkpt lat="48.66516" lon="-3.18266"></trkpt>
      <trkpt lat="48.66505" lon="-3.1824"></trkpt>
      <trkpt lat="48.66489" lon="-3.18184"></trkpt>
      <trkpt lat="48.66474" lon="-3.18132"></trkpt>
      <trkpt lat="48.66465" lon="-3.18109"></trkpt>
      <trkpt lat="48.66455" lon="-3.1809"></trkpt>
      <trkpt lat="48.66443" lon="-3.18076"></trkpt>
      <trkpt lat="48.66395" lon="-3.1803"></trkpt>
      <trkpt lat="48.66367" lon="-3.17996"></trkpt>
      <trkpt lat="48.66316" lon="-3.17942"></trkpt>
      <trkpt lat="48.66299" lon="-3.17904"></trkpt>
      <trkpt lat="48.66285" lon="-3.17868"></trkpt>
      <trkpt lat="48.66258" lon="-3.17793"></trkpt>
      <trkpt lat="48.66248" lon="-3.17763"></trkpt>
      <trkpt lat="48.66233" lon="-3.17739"></trkpt>
      <trkpt lat="48.66198" lon="-3.17693"></trkpt>
      <trkpt lat="48.66163" lon="-3.17659"></trkpt>
      <trkpt lat="48.66159" lon="-3.17658"></trkpt>
      <trkpt lat="48.66154" lon="-3.17659"></trkpt>
      <trkpt lat="48.66149" lon="-3.17663"></trkpt>
      <trkpt lat="48.66131" lon="-3.17673"></trkpt>
      <trkpt lat="48.66099" lon="-3.17684"></trkpt>
      <trkpt lat="48.66022" lon="-3.17692"></trkpt>
      <trkpt lat="48.65985" lon="-3.17695"></trkpt>
      <trkpt lat="48.65964" lon="-3.17691"></trkpt>
      <trkpt lat="48.65939" lon="-3.17686"></trkpt>
      <trkpt lat="48.65917" lon="-3.17682"></trkpt>
      <trkpt lat="48.65865" lon="-3.17667"></trkpt>
      <trkpt lat="48.65853" lon="-3.17666"></trkpt>
      <trkpt lat="48.65843" lon="-3.1767"></trkpt>
      <trkpt lat="48.65834" lon="-3.17677"></trkpt>
      <trkpt lat="48.65806" lon="-3.17712"></trkpt>
      <trkpt lat="48.65779" lon="-3.17734"></trkpt>
      <trkpt lat="48.65726" lon="-3.1778"></trkpt>
      <trkpt lat="48.6571" lon="-3.17791"></trkpt>
      <trkpt lat="48.65685" lon="-3.17803"></trkpt>
      <trkpt lat="48.6567" lon="-3.17818"></trkpt>
      <trkpt lat="48.65662" lon="-3.17831"></trkpt>
      <trkpt lat="48.6563" lon="-3.1787"></trkpt>
      <trkpt lat="48.6562" lon="-3.17879"></trkpt>
      <trkpt lat="48.6559" lon="-3.17895"></trkpt>
      <trkpt lat="48.65576" lon="-3.17901"></trkpt>
      <trkpt lat="48.65569" lon="-3.17907"></trkpt>
      <trkpt lat="48.65554" lon="-3.17916"></trkpt>
      <trkpt lat="48.65543" lon="-3.17919"></trkpt>
      <trkpt lat="48.65533" lon="-3.17919"></trkpt>
      <trkpt lat="48.65517" lon="-3.17916"></trkpt>
      <trkpt lat="48.65485" lon="-3.17911"></trkpt>
      <trkpt lat="48.65468" lon="-3.17911"></trkpt>
      <trkpt lat="48.6539" lon="-3.17889"></trkpt>
      <trkpt lat="48.65377" lon="-3.17888"></trkpt>
      <trkpt lat="48.65339" lon="-3.17892"></trkpt>
      <trkpt lat="48.65324" lon="-3.17894"></trkpt>
      <trkpt lat="48.65304" lon="-3.17894"></trkpt>
      <trkpt lat="48.65216" lon="-3.17883"></trkpt>
      <trkpt lat="48.65099" lon="-3.17883"></trkpt>
      <trkpt lat="48.65079" lon="-3.17881"></trkpt>
      <trkpt lat="48.65072" lon="-3.17878"></trkpt>
      <trkpt lat="48.65037" lon="-3.17853"></trkpt>
      <trkpt lat="48.64981" lon="-3.1781"></trkpt>
      <trkpt lat="48.64967" lon="-3.17801"></trkpt>
      <trkpt lat="48.64956" lon="-3.178"></trkpt>
      <trkpt lat="48.64944" lon="-3.17802"></trkpt>
      <trkpt lat="48.6492" lon="-3.17812"></trkpt>
      <trkpt lat="48.64857" lon="-3.17847"></trkpt>
      <trkpt lat="48.64846" lon="-3.17851"></trkpt>
      <trkpt lat="48.64823" lon="-3.17856"></trkpt>
      <trkpt lat="48.64746" lon="-3.17866"></trkpt>
      <trkpt lat="48.647" lon="-3.17871"></trkpt>
      <trkpt lat="48.64689" lon="-3.1787"></trkpt>
      <trkpt lat="48.64666" lon="-3.17861"></trkpt>
      <trkpt lat="48.64661" lon="-3.17861"></trkpt>
      <trkpt lat="48.64657" lon="-3.17861"></trkpt>
      <trkpt lat="48.64646" lon="-3.1787"></trkpt>
      <trkpt lat="48.64636" lon="-3.17879"></trkpt>
      <trkpt lat="48.64626" lon="-3.17886"></trkpt>
      <trkpt lat="48.64607" lon="-3.17891"></trkpt>
      <trkpt lat="48.64587" lon="-3.17892"></trkpt>
      <trkpt lat="48.64563" lon="-3.17905"></trkpt>
      <trkpt lat="48.64529" lon="-3.17925"></trkpt>
      <trkpt lat="48.64461" lon="-3.17958"></trkpt>
      <trkpt lat="48.6443" lon="-3.17964"></trkpt>
      <trkpt lat="48.6432" lon="-3.17973"></trkpt>
      <trkpt lat="48.64301" lon="-3.17971"></trkpt>
      <trkpt lat="48.6425" lon="-3.17949"></trkpt>
      <trkpt lat="48.6423" lon="-3.17936"></trkpt>
      <trkpt lat="48.64163" lon="-3.17862"></trkpt>
      <trkpt lat="48.64151" lon="-3.17853"></trkpt>
      <trkpt lat="48.64139" lon="-3.1785"></trkpt>
      <trkpt lat="48.64116" lon="-3.17849"></trkpt>
      <trkpt lat="48.64091" lon="-3.17852"></trkpt>
      <trkpt lat="48.64033" lon="-3.17858"></trkpt>
      <trkpt lat="48.63999" lon="-3.17856"></trkpt>
      <trkpt lat="48.63959" lon="-3.17853"></trkpt>
      <trkpt lat="48.63925" lon="-3.17849"></trkpt>
      <trkpt lat="48.63893" lon="-3.17837"></trkpt>
      <trkpt lat="48.63839" lon="-3.17803"></trkpt>
      <trkpt lat="48.63767" lon="-3.17754"></trkpt>
      <trkpt lat="48.63734" lon="-3.17711"></trkpt>
      <trkpt lat="48.63712" lon="-3.17692"></trkpt>
      <trkpt lat="48.63627" lon="-3.17604"></trkpt>
      <trkpt lat="48.63554" lon="-3.17539"></trkpt>
      <trkpt lat="48.63502" lon="-3.17495"></trkpt>
      <trkpt lat="48.63475" lon="-3.17475"></trkpt>
      <trkpt lat="48.63455" lon="-3.17462"></trkpt>
      <trkpt lat="48.63437" lon="-3.17454"></trkpt>
      <trkpt lat="48.63414" lon="-3.1744"></trkpt>
      <trkpt lat="48.63408" lon="-3.17432"></trkpt>
      <trkpt lat="48.63401" lon="-3.17417"></trkpt>
      <trkpt lat="48.63396" lon="-3.17395"></trkpt>
      <trkpt lat="48.63396" lon="-3.17335"></trkpt>
      <trkpt lat="48.63395" lon="-3.17297"></trkpt>
      <trkpt lat="48.63393" lon="-3.17284"></trkpt>
      <trkpt lat="48.63388" lon="-3.17263"></trkpt>
      <trkpt lat="48.63364" lon="-3.17196"></trkpt>
      <trkpt lat="48.63361" lon="-3.17181"></trkpt>
      <trkpt lat="48.6336" lon="-3.17157"></trkpt>
      <trkpt lat="48.63366" lon="-3.17097"></trkpt>
      <trkpt lat="48.63365" lon="-3.17076"></trkpt>
      <trkpt lat="48.63364" lon="-3.17058"></trkpt>
      <trkpt lat="48.63352" lon="-3.16972"></trkpt>
      <trkpt lat="48.63345" lon="-3.16937"></trkpt>
      <trkpt lat="48.63334" lon="-3.16907"></trkpt>
      <trkpt lat="48.63322" lon="-3.1689"></trkpt>
      <trkpt lat="48.6331" lon="-3.16882"></trkpt>
      <trkpt lat="48.6328" lon="-3.16857"></trkpt>
      <trkpt lat="48.63259" lon="-3.16829"></trkpt>
      <trkpt lat="48.63245" lon="-3.16805"></trkpt>
      <trkpt lat="48.63227" lon="-3.16768"></trkpt>
      <trkpt lat="48.63219" lon="-3.16746"></trkpt>
      <trkpt lat="48.63204" lon="-3.16722"></trkpt>
      <trkpt lat="48.63185" lon="-3.16694"></trkpt>
      <trkpt lat="48.63168" lon="-3.16675"></trkpt>
      <trkpt lat="48.63044" lon="-3.16455"></trkpt>
      <trkpt lat="48.63034" lon="-3.16433"></trkpt>
      <trkpt lat="48.63016" lon="-3.16458"></trkpt>
      <trkpt lat="48.62996" lon="-3.16479"></trkpt>
      <trkpt lat="48.62975" lon="-3.16496"></trkpt>
      <trkpt lat="48.62953" lon="-3.16511"></trkpt>
      <trkpt lat="48.62934" lon="-3.16521"></trkpt>
      <trkpt lat="48.6289" lon="-3.16537"></trkpt>
      <trkpt lat="48.62855" lon="-3.16543"></trkpt>
      <trkpt lat="48.62816" lon="-3.16545"></trkpt>
      <trkpt lat="48.62796" lon="-3.16539"></trkpt>
      <trkpt lat="48.62735" lon="-3.1651"></trkpt>
      <trkpt lat="48.62723" lon="-3.16546"></trkpt>
      <trkpt lat="48.62701" lon="-3.16612"></trkpt>
      <trkpt lat="48.62654" lon="-3.16735"></trkpt>
      <trkpt lat="48.62637" lon="-3.1678"></trkpt>
      <trkpt lat="48.62631" lon="-3.16808"></trkpt>
      <trkpt lat="48.62628" lon="-3.16829"></trkpt>
      <trkpt lat="48.62629" lon="-3.16854"></trkpt>
      <trkpt lat="48.62634" lon="-3.16895"></trkpt>
      <trkpt lat="48.62638" lon="-3.16951"></trkpt>
      <trkpt lat="48.62638" lon="-3.17012"></trkpt>
      <trkpt lat="48.62635" lon="-3.17034"></trkpt>
      <trkpt lat="48.62627" lon="-3.17075"></trkpt>
      <trkpt lat="48.62617" lon="-3.17109"></trkpt>
      <trkpt lat="48.6256" lon="-3.17277"></trkpt>
      <trkpt lat="48.62553" lon="-3.17306"></trkpt>
      <trkpt lat="48.62549" lon="-3.17319"></trkpt>
      <trkpt lat="48.62542" lon="-3.17341"></trkpt>
      <trkpt lat="48.62531" lon="-3.17369"></trkpt>
      <trkpt lat="48.62517" lon="-3.17403"></trkpt>
      <trkpt lat="48.62501" lon="-3.1744"></trkpt>
      <trkpt lat="48.62491" lon="-3.17472"></trkpt>
      <trkpt lat="48.62477" lon="-3.17517"></trkpt>
      <trkpt lat="48.62442" lon="-3.17696"></trkpt>
      <trkpt lat="48.62403" lon="-3.17907"></trkpt>
      <trkpt lat="48.62387" lon="-3.17988"></trkpt>
      <trkpt lat="48.62366" lon="-3.18072"></trkpt>
      <trkpt lat="48.62357" lon="-3.18106"></trkpt>
      <trkpt lat="48.62352" lon="-3.18138"></trkpt>
      <trkpt lat="48.62351" lon="-3.18163"></trkpt>
      <trkpt lat="48.62353" lon="-3.18181"></trkpt>
      <trkpt lat="48.62361" lon="-3.18214"></trkpt>
      <trkpt lat="48.62377" lon="-3.18255"></trkpt>
      <trkpt lat="48.62401" lon="-3.18302"></trkpt>
      <trkpt lat="48.62416" lon="-3.18329"></trkpt>
      <trkpt lat="48.62439" lon="-3.18362"></trkpt>
      <trkpt lat="48.62483" lon="-3.18421"></trkpt>
      <trkpt lat="48.62488" lon="-3.18427"></trkpt>
      <trkpt lat="48.62497" lon="-3.18443"></trkpt>
      <trkpt lat="48.62505" lon="-3.18457"></trkpt>
      <trkpt lat="48.62509" lon="-3.18469"></trkpt>
      <trkpt lat="48.62513" lon="-3.18481"></trkpt>
      <trkpt lat="48.62514" lon="-3.18489"></trkpt>
      <trkpt lat="48.62515" lon="-3.18507"></trkpt>
      <trkpt lat="48.62516" lon="-3.18514"></trkpt>
      <trkpt lat="48.62516" lon="-3.18549"></trkpt>
      <trkpt lat="48.62515" lon="-3.18553"></trkpt>
      <trkpt lat="48.62514" lon="-3.18555"></trkpt>
      <trkpt lat="48.62514" lon="-3.18556"></trkpt>
      <trkpt lat="48.62516" lon="-3.1856"></trkpt>
      <trkpt lat="48.62518" lon="-3.18564"></trkpt>
      <trkpt lat="48.62519" lon="-3.1857"></trkpt>
      <trkpt lat="48.62519" lon="-3.18575"></trkpt>
      <trkpt lat="48.62519" lon="-3.18579"></trkpt>
      <trkpt lat="48.62518" lon="-3.18588"></trkpt>
      <trkpt lat="48.62517" lon="-3.18589"></trkpt>
      <trkpt lat="48.62515" lon="-3.18594"></trkpt>
      <trkpt lat="48.62512" lon="-3.18597"></trkpt>
      <trkpt lat="48.62509" lon="-3.18599"></trkpt>
      <trkpt lat="48.62505" lon="-3.186"></trkpt>
      <trkpt lat="48.62501" lon="-3.186"></trkpt>
      <trkpt lat="48.62498" lon="-3.18599"></trkpt>
      <trkpt lat="48.62495" lon="-3.18597"></trkpt>
      <trkpt lat="48.62492" lon="-3.18594"></trkpt>
      <trkpt lat="48.6249" lon="-3.1859"></trkpt>
      <trkpt lat="48.62489" lon="-3.18589"></trkpt>
      <trkpt lat="48.62488" lon="-3.18585"></trkpt>
      <trkpt lat="48.62487" lon="-3.1858"></trkpt>
      <trkpt lat="48.62487" lon="-3.18574"></trkpt>
      <trkpt lat="48.62487" lon="-3.18569"></trkpt>
      <trkpt lat="48.62488" lon="-3.18564"></trkpt>
      <trkpt lat="48.62489" lon="-3.18563"></trkpt>
      <trkpt lat="48.6245" lon="-3.18527"></trkpt>
      <trkpt lat="48.62368" lon="-3.18451"></trkpt>
      <trkpt lat="48.62333" lon="-3.18417"></trkpt>
      <trkpt lat="48.62308" lon="-3.18401"></trkpt>
      <trkpt lat="48.62274" lon="-3.18387"></trkpt>
      <trkpt lat="48.62244" lon="-3.18376"></trkpt>
      <trkpt lat="48.62169" lon="-3.18348"></trkpt>
      <trkpt lat="48.62123" lon="-3.18326"></trkpt>
      <trkpt lat="48.62106" lon="-3.18318"></trkpt>
      <trkpt lat="48.62073" lon="-3.18302"></trkpt>
      <trkpt lat="48.6205" lon="-3.18294"></trkpt>
      <trkpt lat="48.62" lon="-3.18284"></trkpt>
      <trkpt lat="48.61965" lon="-3.18282"></trkpt>
      <trkpt lat="48.61913" lon="-3.18281"></trkpt>
      <trkpt lat="48.61733" lon="-3.18285"></trkpt>
      <trkpt lat="48.61719" lon="-3.18286"></trkpt>
      <trkpt lat="48.61525" lon="-3.18315"></trkpt>
      <trkpt lat="48.61413" lon="-3.1833"></trkpt>
      <trkpt lat="48.61395" lon="-3.18332"></trkpt>
      <trkpt lat="48.61357" lon="-3.18331"></trkpt>
      <trkpt lat="48.61334" lon="-3.18328"></trkpt>
      <trkpt lat="48.61316" lon="-3.18324"></trkpt>
      <trkpt lat="48.61302" lon="-3.18319"></trkpt>
      <trkpt lat="48.61292" lon="-3.18313"></trkpt>
      <trkpt lat="48.61159" lon="-3.18216"></trkpt>
      <trkpt lat="48.6115" lon="-3.18209"></trkpt>
      <trkpt lat="48.61086" lon="-3.18162"></trkpt>
      <trkpt lat="48.61014" lon="-3.18116"></trkpt>
      <trkpt lat="48.60993" lon="-3.18106"></trkpt>
      <trkpt lat="48.60903" lon="-3.18064"></trkpt>
      <trkpt lat="48.60901" lon="-3.18063"></trkpt>
      <trkpt lat="48.60885" lon="-3.18057"></trkpt>
      <trkpt lat="48.60857" lon="-3.18046"></trkpt>
      <trkpt lat="48.60825" lon="-3.18032"></trkpt>
      <trkpt lat="48.60789" lon="-3.18016"></trkpt>
      <trkpt lat="48.60732" lon="-3.18"></trkpt>
      <trkpt lat="48.60697" lon="-3.17982"></trkpt>
      <trkpt lat="48.60685" lon="-3.17976"></trkpt>
      <trkpt lat="48.6068" lon="-3.17973"></trkpt>
      <trkpt lat="48.6055" lon="-3.17881"></trkpt>
      <trkpt lat="48.60525" lon="-3.17865"></trkpt>
      <trkpt lat="48.60479" lon="-3.17835"></trkpt>
      <trkpt lat="48.6042" lon="-3.17792"></trkpt>
      <trkpt lat="48.60399" lon="-3.17781"></trkpt>
      <trkpt lat="48.60352" lon="-3.17764"></trkpt>
      <trkpt lat="48.60338" lon="-3.17759"></trkpt>
      <trkpt lat="48.6022" lon="-3.1772"></trkpt>
      <trkpt lat="48.6012" lon="-3.17696"></trkpt>
      <trkpt lat="48.60048" lon="-3.17678"></trkpt>
      <trkpt lat="48.59887" lon="-3.17636"></trkpt>
      <trkpt lat="48.5987" lon="-3.17631"></trkpt>
      <trkpt lat="48.59853" lon="-3.17629"></trkpt>
      <trkpt lat="48.59836" lon="-3.17628"></trkpt>
      <trkpt lat="48.59822" lon="-3.1763"></trkpt>
      <trkpt lat="48.59756" lon="-3.17652"></trkpt>
      <trkpt lat="48.59554" lon="-3.17763"></trkpt>
      <trkpt lat="48.59509" lon="-3.17775"></trkpt>
      <trkpt lat="48.59484" lon="-3.17774"></trkpt>
      <trkpt lat="48.59451" lon="-3.17771"></trkpt>
      <trkpt lat="48.59406" lon="-3.17755"></trkpt>
      <trkpt lat="48.5939" lon="-3.17747"></trkpt>
      <trkpt lat="48.59356" lon="-3.17718"></trkpt>
      <trkpt lat="48.59352" lon="-3.17716"></trkpt>
      <trkpt lat="48.59344" lon="-3.17707"></trkpt>
      <trkpt lat="48.5931" lon="-3.17673"></trkpt>
      <trkpt lat="48.59288" lon="-3.17653"></trkpt>
      <trkpt lat="48.59273" lon="-3.17639"></trkpt>
      <trkpt lat="48.59253" lon="-3.17619"></trkpt>
      <trkpt lat="48.59242" lon="-3.17609"></trkpt>
      <trkpt lat="48.5922" lon="-3.17592"></trkpt>
      <trkpt lat="48.5917" lon="-3.17544"></trkpt>
      <trkpt lat="48.59166" lon="-3.17557"></trkpt>
      <trkpt lat="48.59162" lon="-3.17563"></trkpt>
      <trkpt lat="48.59156" lon="-3.17569"></trkpt>
      <trkpt lat="48.59152" lon="-3.17571"></trkpt>
      <trkpt lat="48.59145" lon="-3.17571"></trkpt>
      <trkpt lat="48.59137" lon="-3.17568"></trkpt>
      <trkpt lat="48.59132" lon="-3.17564"></trkpt>
      <trkpt lat="48.59129" lon="-3.1756"></trkpt>
      <trkpt lat="48.59127" lon="-3.17553"></trkpt>
      <trkpt lat="48.59125" lon="-3.17545"></trkpt>
      <trkpt lat="48.59124" lon="-3.17535"></trkpt>
      <trkpt lat="48.59126" lon="-3.17525"></trkpt>
      <trkpt lat="48.59089" lon="-3.17501"></trkpt>
      <trkpt lat="48.59067" lon="-3.17491"></trkpt>
      <trkpt lat="48.5903" lon="-3.1748"></trkpt>
      <trkpt lat="48.58994" lon="-3.17474"></trkpt>
      <trkpt lat="48.5898" lon="-3.17473"></trkpt>
      <trkpt lat="48.58946" lon="-3.17474"></trkpt>
      <trkpt lat="48.58915" lon="-3.17478"></trkpt>
      <trkpt lat="48.5888" lon="-3.1748"></trkpt>
      <trkpt lat="48.58857" lon="-3.17482"></trkpt>
      <trkpt lat="48.58847" lon="-3.17483"></trkpt>
      <trkpt lat="48.58822" lon="-3.17485"></trkpt>
      <trkpt lat="48.5882" lon="-3.17485"></trkpt>
      <trkpt lat="48.58734" lon="-3.175"></trkpt>
      <trkpt lat="48.58565" lon="-3.17518"></trkpt>
      <trkpt lat="48.58462" lon="-3.17529"></trkpt>
      <trkpt lat="48.58394" lon="-3.17535"></trkpt>
      <trkpt lat="48.58345" lon="-3.1754"></trkpt>
      <trkpt lat="48.58306" lon="-3.17539"></trkpt>
      <trkpt lat="48.58255" lon="-3.17528"></trkpt>
      <trkpt lat="48.58195" lon="-3.17509"></trkpt>
      <trkpt lat="48.58154" lon="-3.17497"></trkpt>
      <trkpt lat="48.58114" lon="-3.17485"></trkpt>
      <trkpt lat="48.58065" lon="-3.17469"></trkpt>
      <trkpt lat="48.58033" lon="-3.17457"></trkpt>
      <trkpt lat="48.58009" lon="-3.17443"></trkpt>
      <trkpt lat="48.58008" lon="-3.17442"></trkpt>
      <trkpt lat="48.57969" lon="-3.17413"></trkpt>
      <trkpt lat="48.57945" lon="-3.17397"></trkpt>
      <trkpt lat="48.57923" lon="-3.17377"></trkpt>
      <trkpt lat="48.57867" lon="-3.17319"></trkpt>
      <trkpt lat="48.57807" lon="-3.17247"></trkpt>
      <trkpt lat="48.57769" lon="-3.17201"></trkpt>
      <trkpt lat="48.57747" lon="-3.17175"></trkpt>
      <trkpt lat="48.5773" lon="-3.17159"></trkpt>
      <trkpt lat="48.5768" lon="-3.17132"></trkpt>
      <trkpt lat="48.57633" lon="-3.17107"></trkpt>
      <trkpt lat="48.57618" lon="-3.17101"></trkpt>
      <trkpt lat="48.57598" lon="-3.17094"></trkpt>
      <trkpt lat="48.57559" lon="-3.17071"></trkpt>
      <trkpt lat="48.57537" lon="-3.17051"></trkpt>
      <trkpt lat="48.57512" lon="-3.17025"></trkpt>
      <trkpt lat="48.57492" lon="-3.16998"></trkpt>
      <trkpt lat="48.5747" lon="-3.16961"></trkpt>
      <trkpt lat="48.57458" lon="-3.16936"></trkpt>
      <trkpt lat="48.57446" lon="-3.16905"></trkpt>
      <trkpt lat="48.5744" lon="-3.1688"></trkpt>
      <trkpt lat="48.57434" lon="-3.1684"></trkpt>
      <trkpt lat="48.57433" lon="-3.16817"></trkpt>
      <trkpt lat="48.57431" lon="-3.16783"></trkpt>
      <trkpt lat="48.57439" lon="-3.16721"></trkpt>
      <trkpt lat="48.57455" lon="-3.16653"></trkpt>
      <trkpt lat="48.57477" lon="-3.16567"></trkpt>
      <trkpt lat="48.57481" lon="-3.16544"></trkpt>
      <trkpt lat="48.57479" lon="-3.16516"></trkpt>
      <trkpt lat="48.57475" lon="-3.16498"></trkpt>
      <trkpt lat="48.57464" lon="-3.16479"></trkpt>
      <trkpt lat="48.57449" lon="-3.16466"></trkpt>
      <trkpt lat="48.57417" lon="-3.16444"></trkpt>
      <trkpt lat="48.57373" lon="-3.16418"></trkpt>
      <trkpt lat="48.5736" lon="-3.16406"></trkpt>
      <trkpt lat="48.57355" lon="-3.16402"></trkpt>
      <trkpt lat="48.57316" lon="-3.16369"></trkpt>
      <trkpt lat="48.57263" lon="-3.16333"></trkpt>
      <trkpt lat="48.57247" lon="-3.16321"></trkpt>
      <trkpt lat="48.57237" lon="-3.16312"></trkpt>
      <trkpt lat="48.57217" lon="-3.1629"></trkpt>
      <trkpt lat="48.57206" lon="-3.1628"></trkpt>
      <trkpt lat="48.57194" lon="-3.16261"></trkpt>
      <trkpt lat="48.57184" lon="-3.16229"></trkpt>
      <trkpt lat="48.57181" lon="-3.16217"></trkpt>
      <trkpt lat="48.57178" lon="-3.16207"></trkpt>
      <trkpt lat="48.57176" lon="-3.16177"></trkpt>
      <trkpt lat="48.57169" lon="-3.16143"></trkpt>
      <trkpt lat="48.57152" lon="-3.16079"></trkpt>
      <trkpt lat="48.57143" lon="-3.16063"></trkpt>
      <trkpt lat="48.57126" lon="-3.16037"></trkpt>
      <trkpt lat="48.57096" lon="-3.16012"></trkpt>
      <trkpt lat="48.57078" lon="-3.16002"></trkpt>
      <trkpt lat="48.57017" lon="-3.15968"></trkpt>
      <trkpt lat="48.56953" lon="-3.15925"></trkpt>
      <trkpt lat="48.56948" lon="-3.15926"></trkpt>
      <trkpt lat="48.56945" lon="-3.15924"></trkpt>
      <trkpt lat="48.56903" lon="-3.15907"></trkpt>
      <trkpt lat="48.56898" lon="-3.15906"></trkpt>
      <trkpt lat="48.56886" lon="-3.15906"></trkpt>
      <trkpt lat="48.56881" lon="-3.15913"></trkpt>
      <trkpt lat="48.56878" lon="-3.15914"></trkpt>
      <trkpt lat="48.56872" lon="-3.15914"></trkpt>
      <trkpt lat="48.56869" lon="-3.15912"></trkpt>
      <trkpt lat="48.56867" lon="-3.1591"></trkpt>
      <trkpt lat="48.56864" lon="-3.15907"></trkpt>
      <trkpt lat="48.56864" lon="-3.15906"></trkpt>
      <trkpt lat="48.56863" lon="-3.15904"></trkpt>
      <trkpt lat="48.56862" lon="-3.15899"></trkpt>
      <trkpt lat="48.56862" lon="-3.15894"></trkpt>
      <trkpt lat="48.56862" lon="-3.15891"></trkpt>
      <trkpt lat="48.56863" lon="-3.15888"></trkpt>
      <trkpt lat="48.56864" lon="-3.15886"></trkpt>
      <trkpt lat="48.56865" lon="-3.15883"></trkpt>
      <trkpt lat="48.56854" lon="-3.15873"></trkpt>
      <trkpt lat="48.56848" lon="-3.15867"></trkpt>
      <trkpt lat="48.5684" lon="-3.15863"></trkpt>
      <trkpt lat="48.56832" lon="-3.1586"></trkpt>
      <trkpt lat="48.56815" lon="-3.15857"></trkpt>
      <trkpt lat="48.56774" lon="-3.15855"></trkpt>
      <trkpt lat="48.56765" lon="-3.15854"></trkpt>
      <trkpt lat="48.5676" lon="-3.15851"></trkpt>
      <trkpt lat="48.5675" lon="-3.15847"></trkpt>
      <trkpt lat="48.56683" lon="-3.15806"></trkpt>
      <trkpt lat="48.56655" lon="-3.15788"></trkpt>
      <trkpt lat="48.56638" lon="-3.15774"></trkpt>
      <trkpt lat="48.56637" lon="-3.15772"></trkpt>
      <trkpt lat="48.56616" lon="-3.15743"></trkpt>
      <trkpt lat="48.56579" lon="-3.15686"></trkpt>
      <trkpt lat="48.5656" lon="-3.1565"></trkpt>
      <trkpt lat="48.56532" lon="-3.15596"></trkpt>
      <trkpt lat="48.56475" lon="-3.1548"></trkpt>
      <trkpt lat="48.56471" lon="-3.15475"></trkpt>
      <trkpt lat="48.56433" lon="-3.15436"></trkpt>
      <trkpt lat="48.56417" lon="-3.15419"></trkpt>
      <trkpt lat="48.56416" lon="-3.15423"></trkpt>
      <trkpt lat="48.56414" lon="-3.15426"></trkpt>
      <trkpt lat="48.5641" lon="-3.15429"></trkpt>
      <trkpt lat="48.56408" lon="-3.15429"></trkpt>
      <trkpt lat="48.56406" lon="-3.15428"></trkpt>
      <trkpt lat="48.56403" lon="-3.15427"></trkpt>
      <trkpt lat="48.56401" lon="-3.15423"></trkpt>
      <trkpt lat="48.564" lon="-3.15418"></trkpt>
      <trkpt lat="48.56399" lon="-3.15413"></trkpt>
      <trkpt lat="48.56399" lon="-3.15412"></trkpt>
      <trkpt lat="48.564" lon="-3.15409"></trkpt>
      <trkpt lat="48.56402" lon="-3.15406"></trkpt>
      <trkpt lat="48.56403" lon="-3.15403"></trkpt>
      <trkpt lat="48.56405" lon="-3.15402"></trkpt>
      <trkpt lat="48.56404" lon="-3.1539"></trkpt>
      <trkpt lat="48.56402" lon="-3.1536"></trkpt>
      <trkpt lat="48.56388" lon="-3.15253"></trkpt>
      <trkpt lat="48.56381" lon="-3.15183"></trkpt>
      <trkpt lat="48.56377" lon="-3.15149"></trkpt>
      <trkpt lat="48.56371" lon="-3.15093"></trkpt>
      <trkpt lat="48.56367" lon="-3.15069"></trkpt>
      <trkpt lat="48.56363" lon="-3.15051"></trkpt>
      <trkpt lat="48.56353" lon="-3.15027"></trkpt>
      <trkpt lat="48.56346" lon="-3.15018"></trkpt>
      <trkpt lat="48.56338" lon="-3.15006"></trkpt>
      <trkpt lat="48.56321" lon="-3.14986"></trkpt>
      <trkpt lat="48.5631" lon="-3.14976"></trkpt>
      <trkpt lat="48.56264" lon="-3.14937"></trkpt>
      <trkpt lat="48.56259" lon="-3.14938"></trkpt>
      <trkpt lat="48.56156" lon="-3.1489"></trkpt>
      <trkpt lat="48.5612" lon="-3.14873"></trkpt>
      <trkpt lat="48.56109" lon="-3.14867"></trkpt>
      <trkpt lat="48.56097" lon="-3.14856"></trkpt>
      <trkpt lat="48.56078" lon="-3.14839"></trkpt>
      <trkpt lat="48.56073" lon="-3.14833"></trkpt>
      <trkpt lat="48.56058" lon="-3.14863"></trkpt>
      <trkpt lat="48.56053" lon="-3.14869"></trkpt>
      <trkpt lat="48.56049" lon="-3.14871"></trkpt>
      <trkpt lat="48.56044" lon="-3.14869"></trkpt>
      <trkpt lat="48.5604" lon="-3.14866"></trkpt>
      <trkpt lat="48.56037" lon="-3.14863"></trkpt>
      <trkpt lat="48.56036" lon="-3.14861"></trkpt>
      <trkpt lat="48.56035" lon="-3.14858"></trkpt>
      <trkpt lat="48.56035" lon="-3.14854"></trkpt>
      <trkpt lat="48.56025" lon="-3.14848"></trkpt>
      <trkpt lat="48.5602" lon="-3.14844"></trkpt>
      <trkpt lat="48.5599" lon="-3.14807"></trkpt>
      <trkpt lat="48.55959" lon="-3.14772"></trkpt>
      <trkpt lat="48.55957" lon="-3.14769"></trkpt>
      <trkpt lat="48.5595" lon="-3.1476"></trkpt>
      <trkpt lat="48.55942" lon="-3.14742"></trkpt>
      <trkpt lat="48.5592" lon="-3.14685"></trkpt>
      <trkpt lat="48.55912" lon="-3.14665"></trkpt>
      <trkpt lat="48.559" lon="-3.14629"></trkpt>
      <trkpt lat="48.55877" lon="-3.14552"></trkpt>
      <trkpt lat="48.55864" lon="-3.14499"></trkpt>
      <trkpt lat="48.55862" lon="-3.14488"></trkpt>
      <trkpt lat="48.55853" lon="-3.14449"></trkpt>
      <trkpt lat="48.5591" lon="-3.14449"></trkpt>
      <trkpt lat="48.55932" lon="-3.14449"></trkpt>
      <trkpt lat="48.55957" lon="-3.14448"></trkpt>
      <trkpt lat="48.55992" lon="-3.14447"></trkpt>
      <trkpt lat="48.56003" lon="-3.14447"></trkpt>
      <trkpt lat="48.56022" lon="-3.14447"></trkpt>
      <trkpt lat="48.56022" lon="-3.14447"></trkpt>
      <trkpt lat="48.56043" lon="-3.14434"></trkpt>
      <trkpt lat="48.56079" lon="-3.14412"></trkpt>
      <trkpt lat="48.56116" lon="-3.14394"></trkpt>
      <trkpt lat="48.56134" lon="-3.14385"></trkpt>
      <trkpt lat="48.56133" lon="-3.14384"></trkpt>
      <trkpt lat="48.56133" lon="-3.14382"></trkpt>
      <trkpt lat="48.56133" lon="-3.1438"></trkpt>
      <trkpt lat="48.56134" lon="-3.14378"></trkpt>
      <trkpt lat="48.56134" lon="-3.14377"></trkpt>
      <trkpt lat="48.56135" lon="-3.14375"></trkpt>
      <trkpt lat="48.56137" lon="-3.14374"></trkpt>
      <trkpt lat="48.56138" lon="-3.14373"></trkpt>
      <trkpt lat="48.5614" lon="-3.14373"></trkpt>
      <trkpt lat="48.56135" lon="-3.14334"></trkpt>
      <trkpt lat="48.56132" lon="-3.1431"></trkpt>
      <trkpt lat="48.56123" lon="-3.14237"></trkpt>
      <trkpt lat="48.5612" lon="-3.14209"></trkpt>
      <trkpt lat="48.56118" lon="-3.14195"></trkpt>
      <trkpt lat="48.56113" lon="-3.14193"></trkpt>
      <trkpt lat="48.56109" lon="-3.14193"></trkpt>
      <trkpt lat="48.56079" lon="-3.14201"></trkpt>
      <trkpt lat="48.56049" lon="-3.14209"></trkpt>
      <trkpt lat="48.55991" lon="-3.14224"></trkpt>
      <trkpt lat="48.55988" lon="-3.14212"></trkpt>
      <trkpt lat="48.55988" lon="-3.14209"></trkpt>
      <trkpt lat="48.55979" lon="-3.14166"></trkpt>
      <trkpt lat="48.55974" lon="-3.14146"></trkpt>
      <trkpt lat="48.55963" lon="-3.14085"></trkpt>
      <trkpt lat="48.55957" lon="-3.1405"></trkpt>
      <trkpt lat="48.55952" lon="-3.14024"></trkpt>
      <trkpt lat="48.55951" lon="-3.14008"></trkpt>
      <trkpt lat="48.5595" lon="-3.13985"></trkpt>
      <trkpt lat="48.55949" lon="-3.13975"></trkpt>
      <trkpt lat="48.55945" lon="-3.13933"></trkpt>
      <trkpt lat="48.55944" lon="-3.13834"></trkpt>
      <trkpt lat="48.55944" lon="-3.13802"></trkpt>
      <trkpt lat="48.55947" lon="-3.13784"></trkpt>
      <trkpt lat="48.55954" lon="-3.13739"></trkpt>
      <trkpt lat="48.55957" lon="-3.13717"></trkpt>
      <trkpt lat="48.55966" lon="-3.13654"></trkpt>
      <trkpt lat="48.55968" lon="-3.13639"></trkpt>
      <trkpt lat="48.55972" lon="-3.13608"></trkpt>
      <trkpt lat="48.55976" lon="-3.13576"></trkpt>
      <trkpt lat="48.55981" lon="-3.13542"></trkpt>
      <trkpt lat="48.55987" lon="-3.13505"></trkpt>
      <trkpt lat="48.5599" lon="-3.13487"></trkpt>
      <trkpt lat="48.55991" lon="-3.13473"></trkpt>
      <trkpt lat="48.55999" lon="-3.13417"></trkpt>
      <trkpt lat="48.56005" lon="-3.13377"></trkpt>
      <trkpt lat="48.5601" lon="-3.13338"></trkpt>
      <trkpt lat="48.56013" lon="-3.13323"></trkpt>
      <trkpt lat="48.56016" lon="-3.13304"></trkpt>
      <trkpt lat="48.56019" lon="-3.13289"></trkpt>
      <trkpt lat="48.56027" lon="-3.1326"></trkpt>
      <trkpt lat="48.56053" lon="-3.13143"></trkpt>
      <trkpt lat="48.56059" lon="-3.13104"></trkpt>
      <trkpt lat="48.56064" lon="-3.13066"></trkpt>
      <trkpt lat="48.56072" lon="-3.13018"></trkpt>
      <trkpt lat="48.56075" lon="-3.13004"></trkpt>
      <trkpt lat="48.56073" lon="-3.13003"></trkpt>
      <trkpt lat="48.56072" lon="-3.13003"></trkpt>
      <trkpt lat="48.5607" lon="-3.13001"></trkpt>
      <trkpt lat="48.56069" lon="-3.13"></trkpt>
      <trkpt lat="48.56068" lon="-3.12998"></trkpt>
      <trkpt lat="48.56067" lon="-3.12996"></trkpt>
      <trkpt lat="48.56066" lon="-3.12991"></trkpt>
      <trkpt lat="48.56067" lon="-3.12987"></trkpt>
      <trkpt lat="48.56068" lon="-3.12983"></trkpt>
      <trkpt lat="48.56069" lon="-3.12981"></trkpt>
      <trkpt lat="48.56073" lon="-3.12977"></trkpt>
      <trkpt lat="48.56076" lon="-3.12939"></trkpt>
      <trkpt lat="48.56078" lon="-3.12908"></trkpt>
      <trkpt lat="48.5608" lon="-3.1286"></trkpt>
      <trkpt lat="48.56079" lon="-3.12846"></trkpt>
      <trkpt lat="48.56077" lon="-3.1283"></trkpt>
      <trkpt lat="48.56074" lon="-3.12816"></trkpt>
      <trkpt lat="48.56074" lon="-3.12811"></trkpt>
      <trkpt lat="48.56074" lon="-3.12805"></trkpt>
      <trkpt lat="48.56075" lon="-3.12801"></trkpt>
      <trkpt lat="48.56079" lon="-3.12789"></trkpt>
      <trkpt lat="48.56081" lon="-3.12779"></trkpt>
      <trkpt lat="48.56081" lon="-3.12769"></trkpt>
      <trkpt lat="48.56085" lon="-3.1272"></trkpt>
      <trkpt lat="48.56081" lon="-3.12718"></trkpt>
      <trkpt lat="48.56077" lon="-3.12714"></trkpt>
      <trkpt lat="48.56076" lon="-3.12712"></trkpt>
      <trkpt lat="48.56072" lon="-3.12705"></trkpt>
      <trkpt lat="48.56071" lon="-3.12705"></trkpt>
      <trkpt lat="48.56069" lon="-3.12698"></trkpt>
      <trkpt lat="48.56068" lon="-3.1269"></trkpt>
      <trkpt lat="48.56067" lon="-3.12686"></trkpt>
      <trkpt lat="48.56067" lon="-3.12676"></trkpt>
      <trkpt lat="48.56067" lon="-3.12669"></trkpt>
      <trkpt lat="48.5607" lon="-3.1266"></trkpt>
      <trkpt lat="48.56074" lon="-3.12652"></trkpt>
      <trkpt lat="48.56079" lon="-3.12647"></trkpt>
      <trkpt lat="48.56081" lon="-3.12644"></trkpt>
      <trkpt lat="48.56085" lon="-3.12643"></trkpt>
      <trkpt lat="48.5609" lon="-3.12641"></trkpt>
      <trkpt lat="48.56096" lon="-3.12641"></trkpt>
      <trkpt lat="48.56098" lon="-3.12618"></trkpt>
      <trkpt lat="48.56099" lon="-3.12589"></trkpt>
      <trkpt lat="48.56103" lon="-3.12525"></trkpt>
      <trkpt lat="48.56107" lon="-3.12466"></trkpt>
      <trkpt lat="48.56108" lon="-3.1246"></trkpt>
      <trkpt lat="48.56111" lon="-3.12436"></trkpt>
      <trkpt lat="48.56118" lon="-3.12403"></trkpt>
      <trkpt lat="48.56138" lon="-3.12339"></trkpt>
      <trkpt lat="48.56148" lon="-3.12313"></trkpt>
      <trkpt lat="48.56198" lon="-3.12179"></trkpt>
      <trkpt lat="48.56175" lon="-3.12109"></trkpt>
      <trkpt lat="48.56159" lon="-3.12057"></trkpt>
      <trkpt lat="48.5615" lon="-3.1203"></trkpt>
      <trkpt lat="48.56145" lon="-3.12012"></trkpt>
      <trkpt lat="48.56142" lon="-3.12003"></trkpt>
      <trkpt lat="48.56132" lon="-3.11962"></trkpt>
      <trkpt lat="48.56114" lon="-3.11888"></trkpt>
      <trkpt lat="48.56108" lon="-3.11857"></trkpt>
      <trkpt lat="48.56106" lon="-3.11846"></trkpt>
      <trkpt lat="48.56101" lon="-3.11786"></trkpt>
      <trkpt lat="48.56101" lon="-3.11768"></trkpt>
      <trkpt lat="48.56102" lon="-3.11728"></trkpt>
      <trkpt lat="48.5611" lon="-3.11659"></trkpt>
      <trkpt lat="48.5611" lon="-3.11648"></trkpt>
      <trkpt lat="48.56111" lon="-3.11639"></trkpt>
      <trkpt lat="48.5611" lon="-3.11629"></trkpt>
      <trkpt lat="48.56109" lon="-3.11602"></trkpt>
      <trkpt lat="48.56109" lon="-3.11601"></trkpt>
      <trkpt lat="48.56098" lon="-3.11518"></trkpt>
      <trkpt lat="48.56096" lon="-3.11503"></trkpt>
      <trkpt lat="48.56093" lon="-3.11454"></trkpt>
      <trkpt lat="48.56092" lon="-3.11418"></trkpt>
      <trkpt lat="48.56094" lon="-3.11345"></trkpt>
      <trkpt lat="48.56081" lon="-3.1128"></trkpt>
      <trkpt lat="48.56072" lon="-3.11221"></trkpt>
      <trkpt lat="48.56065" lon="-3.11157"></trkpt>
      <trkpt lat="48.56058" lon="-3.11063"></trkpt>
      <trkpt lat="48.56052" lon="-3.11032"></trkpt>
      <trkpt lat="48.5604" lon="-3.10977"></trkpt>
      <trkpt lat="48.56025" lon="-3.10914"></trkpt>
      <trkpt lat="48.56022" lon="-3.10896"></trkpt>
      <trkpt lat="48.5602" lon="-3.10888"></trkpt>
      <trkpt lat="48.56015" lon="-3.10867"></trkpt>
      <trkpt lat="48.56005" lon="-3.10826"></trkpt>
      <trkpt lat="48.55999" lon="-3.10805"></trkpt>
      <trkpt lat="48.55992" lon="-3.10783"></trkpt>
      <trkpt lat="48.55987" lon="-3.10774"></trkpt>
      <trkpt lat="48.55983" lon="-3.10769"></trkpt>
      <trkpt lat="48.55975" lon="-3.10755"></trkpt>
      <trkpt lat="48.55957" lon="-3.10732"></trkpt>
      <trkpt lat="48.55957" lon="-3.10732"></trkpt>
      <trkpt lat="48.55951" lon="-3.10716"></trkpt>
      <trkpt lat="48.55948" lon="-3.10705"></trkpt>
      <trkpt lat="48.55936" lon="-3.10634"></trkpt>
      <trkpt lat="48.55923" lon="-3.10571"></trkpt>
      <trkpt lat="48.55922" lon="-3.10551"></trkpt>
      <trkpt lat="48.55924" lon="-3.10538"></trkpt>
      <trkpt lat="48.55927" lon="-3.10526"></trkpt>
      <trkpt lat="48.5593" lon="-3.10519"></trkpt>
      <trkpt lat="48.55932" lon="-3.10515"></trkpt>
      <trkpt lat="48.55937" lon="-3.10508"></trkpt>
      <trkpt lat="48.55939" lon="-3.10506"></trkpt>
      <trkpt lat="48.5594" lon="-3.10503"></trkpt>
      <trkpt lat="48.5594" lon="-3.10502"></trkpt>
      <trkpt lat="48.5594" lon="-3.10499"></trkpt>
      <trkpt lat="48.55938" lon="-3.10497"></trkpt>
      <trkpt lat="48.55913" lon="-3.10465"></trkpt>
      <trkpt lat="48.55911" lon="-3.10463"></trkpt>
      <trkpt lat="48.55911" lon="-3.10459"></trkpt>
      <trkpt lat="48.55911" lon="-3.1045"></trkpt>
      <trkpt lat="48.55915" lon="-3.10404"></trkpt>
      <trkpt lat="48.55915" lon="-3.10396"></trkpt>
      <trkpt lat="48.55912" lon="-3.10386"></trkpt>
      <trkpt lat="48.55894" lon="-3.10342"></trkpt>
      <trkpt lat="48.55889" lon="-3.10329"></trkpt>
      <trkpt lat="48.5588" lon="-3.10306"></trkpt>
      <trkpt lat="48.55876" lon="-3.10287"></trkpt>
      <trkpt lat="48.55873" lon="-3.10263"></trkpt>
      <trkpt lat="48.55871" lon="-3.10226"></trkpt>
      <trkpt lat="48.55866" lon="-3.10155"></trkpt>
      <trkpt lat="48.55863" lon="-3.10122"></trkpt>
      <trkpt lat="48.55862" lon="-3.10117"></trkpt>
      <trkpt lat="48.55852" lon="-3.10068"></trkpt>
      <trkpt lat="48.55845" lon="-3.10047"></trkpt>
      <trkpt lat="48.55843" lon="-3.10048"></trkpt>
      <trkpt lat="48.55841" lon="-3.10048"></trkpt>
      <trkpt lat="48.55839" lon="-3.10047"></trkpt>
      <trkpt lat="48.55837" lon="-3.10045"></trkpt>
      <trkpt lat="48.55836" lon="-3.10042"></trkpt>
      <trkpt lat="48.55835" lon="-3.10038"></trkpt>
      <trkpt lat="48.55836" lon="-3.10034"></trkpt>
      <trkpt lat="48.55836" lon="-3.10031"></trkpt>
      <trkpt lat="48.55838" lon="-3.10028"></trkpt>
      <trkpt lat="48.55834" lon="-3.10004"></trkpt>
      <trkpt lat="48.55831" lon="-3.09995"></trkpt>
      <trkpt lat="48.55818" lon="-3.09964"></trkpt>
      <trkpt lat="48.55791" lon="-3.09909"></trkpt>
      <trkpt lat="48.55785" lon="-3.09894"></trkpt>
      <trkpt lat="48.55781" lon="-3.09876"></trkpt>
      <trkpt lat="48.55779" lon="-3.09859"></trkpt>
      <trkpt lat="48.5578" lon="-3.09838"></trkpt>
      <trkpt lat="48.55781" lon="-3.09831"></trkpt>
      <trkpt lat="48.55782" lon="-3.09822"></trkpt>
      <trkpt lat="48.55785" lon="-3.09814"></trkpt>
      <trkpt lat="48.55785" lon="-3.09814"></trkpt>
      <trkpt lat="48.55789" lon="-3.09804"></trkpt>
      <trkpt lat="48.55796" lon="-3.09788"></trkpt>
      <trkpt lat="48.55798" lon="-3.09783"></trkpt>
      <trkpt lat="48.55809" lon="-3.0975"></trkpt>
      <trkpt lat="48.5581" lon="-3.09737"></trkpt>
      <trkpt lat="48.5581" lon="-3.09729"></trkpt>
      <trkpt lat="48.55808" lon="-3.09714"></trkpt>
      <trkpt lat="48.558" lon="-3.09676"></trkpt>
      <trkpt lat="48.55792" lon="-3.09645"></trkpt>
      <trkpt lat="48.55785" lon="-3.09606"></trkpt>
      <trkpt lat="48.55783" lon="-3.09592"></trkpt>
      <trkpt lat="48.55782" lon="-3.09536"></trkpt>
      <trkpt lat="48.55781" lon="-3.09522"></trkpt>
      <trkpt lat="48.5578" lon="-3.095"></trkpt>
      <trkpt lat="48.55774" lon="-3.09408"></trkpt>
      <trkpt lat="48.55768" lon="-3.09345"></trkpt>
      <trkpt lat="48.55766" lon="-3.09326"></trkpt>
      <trkpt lat="48.55761" lon="-3.09286"></trkpt>
      <trkpt lat="48.55758" lon="-3.0927"></trkpt>
      <trkpt lat="48.55755" lon="-3.09245"></trkpt>
      <trkpt lat="48.55752" lon="-3.09192"></trkpt>
      <trkpt lat="48.55749" lon="-3.09135"></trkpt>
      <trkpt lat="48.55746" lon="-3.09092"></trkpt>
      <trkpt lat="48.55743" lon="-3.09052"></trkpt>
      <trkpt lat="48.5574" lon="-3.09026"></trkpt>
      <trkpt lat="48.55735" lon="-3.08979"></trkpt>
      <trkpt lat="48.55716" lon="-3.08901"></trkpt>
      <trkpt lat="48.55713" lon="-3.08888"></trkpt>
      <trkpt lat="48.55665" lon="-3.08678"></trkpt>
      <trkpt lat="48.55634" lon="-3.08569"></trkpt>
      <trkpt lat="48.55585" lon="-3.0841"></trkpt>
      <trkpt lat="48.55565" lon="-3.08335"></trkpt>
      <trkpt lat="48.55559" lon="-3.08289"></trkpt>
      <trkpt lat="48.55551" lon="-3.08208"></trkpt>
      <trkpt lat="48.55545" lon="-3.08171"></trkpt>
      <trkpt lat="48.55541" lon="-3.08154"></trkpt>
      <trkpt lat="48.55539" lon="-3.08145"></trkpt>
      <trkpt lat="48.55521" lon="-3.08069"></trkpt>
      <trkpt lat="48.55505" lon="-3.07978"></trkpt>
      <trkpt lat="48.55485" lon="-3.07926"></trkpt>
      <trkpt lat="48.5546" lon="-3.07874"></trkpt>
      <trkpt lat="48.55445" lon="-3.07846"></trkpt>
      <trkpt lat="48.55437" lon="-3.07825"></trkpt>
      <trkpt lat="48.5543" lon="-3.07794"></trkpt>
      <trkpt lat="48.55413" lon="-3.07695"></trkpt>
      <trkpt lat="48.55403" lon="-3.07646"></trkpt>
      <trkpt lat="48.55394" lon="-3.07617"></trkpt>
      <trkpt lat="48.55379" lon="-3.07572"></trkpt>
      <trkpt lat="48.55374" lon="-3.0755"></trkpt>
      <trkpt lat="48.55372" lon="-3.07523"></trkpt>
      <trkpt lat="48.55375" lon="-3.07447"></trkpt>
      <trkpt lat="48.55376" lon="-3.07328"></trkpt>
      <trkpt lat="48.55373" lon="-3.07269"></trkpt>
      <trkpt lat="48.55368" lon="-3.07236"></trkpt>
      <trkpt lat="48.55367" lon="-3.07225"></trkpt>
      <trkpt lat="48.5537" lon="-3.07142"></trkpt>
      <trkpt lat="48.55372" lon="-3.0711"></trkpt>
      <trkpt lat="48.55378" lon="-3.07056"></trkpt>
      <trkpt lat="48.55433" lon="-3.06732"></trkpt>
      <trkpt lat="48.5545" lon="-3.06634"></trkpt>
      <trkpt lat="48.55456" lon="-3.06598"></trkpt>
      <trkpt lat="48.55467" lon="-3.06527"></trkpt>
      <trkpt lat="48.55518" lon="-3.06224"></trkpt>
      <trkpt lat="48.55518" lon="-3.0621"></trkpt>
      <trkpt lat="48.55518" lon="-3.06195"></trkpt>
      <trkpt lat="48.55517" lon="-3.06186"></trkpt>
      <trkpt lat="48.55514" lon="-3.06176"></trkpt>
      <trkpt lat="48.555" lon="-3.0613"></trkpt>
      <trkpt lat="48.55499" lon="-3.06113"></trkpt>
      <trkpt lat="48.55499" lon="-3.06099"></trkpt>
      <trkpt lat="48.55503" lon="-3.06073"></trkpt>
      <trkpt lat="48.55513" lon="-3.06019"></trkpt>
      <trkpt lat="48.55515" lon="-3.06004"></trkpt>
      <trkpt lat="48.55599" lon="-3.05559"></trkpt>
      <trkpt lat="48.55624" lon="-3.0542"></trkpt>
      <trkpt lat="48.55639" lon="-3.05336"></trkpt>
      <trkpt lat="48.55686" lon="-3.0507"></trkpt>
      <trkpt lat="48.55728" lon="-3.04823"></trkpt>
      <trkpt lat="48.55738" lon="-3.04773"></trkpt>
      <trkpt lat="48.55752" lon="-3.04723"></trkpt>
      <trkpt lat="48.5576" lon="-3.04661"></trkpt>
      <trkpt lat="48.55763" lon="-3.04631"></trkpt>
      <trkpt lat="48.5577" lon="-3.04593"></trkpt>
      <trkpt lat="48.55777" lon="-3.04525"></trkpt>
      <trkpt lat="48.55784" lon="-3.04421"></trkpt>
      <trkpt lat="48.55792" lon="-3.04344"></trkpt>
      <trkpt lat="48.55803" lon="-3.04268"></trkpt>
      <trkpt lat="48.55806" lon="-3.04218"></trkpt>
      <trkpt lat="48.5581" lon="-3.04186"></trkpt>
      <trkpt lat="48.55816" lon="-3.04156"></trkpt>
      <trkpt lat="48.55828" lon="-3.0413"></trkpt>
      <trkpt lat="48.55815" lon="-3.04103"></trkpt>
      <trkpt lat="48.55782" lon="-3.03976"></trkpt>
      <trkpt lat="48.55769" lon="-3.03892"></trkpt>
      <trkpt lat="48.55757" lon="-3.03835"></trkpt>
      <trkpt lat="48.55739" lon="-3.03735"></trkpt>
      <trkpt lat="48.55746" lon="-3.03685"></trkpt>
      <trkpt lat="48.55767" lon="-3.03621"></trkpt>
      <trkpt lat="48.55804" lon="-3.03518"></trkpt>
      <trkpt lat="48.55839" lon="-3.03425"></trkpt>
      <trkpt lat="48.55862" lon="-3.03342"></trkpt>
      <trkpt lat="48.55864" lon="-3.03323"></trkpt>
      <trkpt lat="48.55866" lon="-3.03298"></trkpt>
      <trkpt lat="48.55858" lon="-3.03232"></trkpt>
      <trkpt lat="48.55857" lon="-3.03223"></trkpt>
      <trkpt lat="48.55844" lon="-3.03151"></trkpt>
      <trkpt lat="48.55834" lon="-3.03082"></trkpt>
      <trkpt lat="48.55834" lon="-3.03034"></trkpt>
      <trkpt lat="48.55836" lon="-3.02995"></trkpt>
      <trkpt lat="48.55847" lon="-3.02911"></trkpt>
      <trkpt lat="48.55857" lon="-3.02847"></trkpt>
      <trkpt lat="48.55863" lon="-3.02798"></trkpt>
      <trkpt lat="48.55865" lon="-3.02762"></trkpt>
      <trkpt lat="48.55862" lon="-3.02699"></trkpt>
      <trkpt lat="48.55853" lon="-3.02594"></trkpt>
      <trkpt lat="48.55848" lon="-3.02502"></trkpt>
      <trkpt lat="48.55864" lon="-3.02265"></trkpt>
      <trkpt lat="48.55863" lon="-3.02246"></trkpt>
      <trkpt lat="48.55837" lon="-3.02262"></trkpt>
      <trkpt lat="48.55805" lon="-3.02271"></trkpt>
      <trkpt lat="48.55776" lon="-3.0227"></trkpt>
      <trkpt lat="48.5573" lon="-3.02262"></trkpt>
      <trkpt lat="48.55706" lon="-3.02248"></trkpt>
      <trkpt lat="48.55668" lon="-3.02222"></trkpt>
      <trkpt lat="48.55639" lon="-3.02199"></trkpt>
      <trkpt lat="48.55623" lon="-3.02181"></trkpt>
      <trkpt lat="48.556" lon="-3.02164"></trkpt>
      <trkpt lat="48.55585" lon="-3.02155"></trkpt>
      <trkpt lat="48.55558" lon="-3.02136"></trkpt>
      <trkpt lat="48.55532" lon="-3.02113"></trkpt>
      <trkpt lat="48.55516" lon="-3.02102"></trkpt>
      <trkpt lat="48.55433" lon="-3.02071"></trkpt>
      <trkpt lat="48.5541" lon="-3.02066"></trkpt>
      <trkpt lat="48.55397" lon="-3.02064"></trkpt>
      <trkpt lat="48.55372" lon="-3.02065"></trkpt>
      <trkpt lat="48.55342" lon="-3.02068"></trkpt>
      <trkpt lat="48.5533" lon="-3.02066"></trkpt>
      <trkpt lat="48.55317" lon="-3.0206"></trkpt>
      <trkpt lat="48.55303" lon="-3.02049"></trkpt>
      <trkpt lat="48.55286" lon="-3.0203"></trkpt>
      <trkpt lat="48.55275" lon="-3.02015"></trkpt>
      <trkpt lat="48.55264" lon="-3.01991"></trkpt>
      <trkpt lat="48.55258" lon="-3.01973"></trkpt>
      <trkpt lat="48.55254" lon="-3.01948"></trkpt>
      <trkpt lat="48.55251" lon="-3.01875"></trkpt>
      <trkpt lat="48.55249" lon="-3.01854"></trkpt>
      <trkpt lat="48.55245" lon="-3.01831"></trkpt>
      <trkpt lat="48.5523" lon="-3.0178"></trkpt>
      <trkpt lat="48.55199" lon="-3.01685"></trkpt>
      <trkpt lat="48.55191" lon="-3.0166"></trkpt>
      <trkpt lat="48.5518" lon="-3.01633"></trkpt>
      <trkpt lat="48.5517" lon="-3.01616"></trkpt>
      <trkpt lat="48.55156" lon="-3.01601"></trkpt>
      <trkpt lat="48.55131" lon="-3.01565"></trkpt>
      <trkpt lat="48.55114" lon="-3.01534"></trkpt>
      <trkpt lat="48.55096" lon="-3.01495"></trkpt>
      <trkpt lat="48.55082" lon="-3.01455"></trkpt>
      <trkpt lat="48.55069" lon="-3.01423"></trkpt>
      <trkpt lat="48.55045" lon="-3.01372"></trkpt>
      <trkpt lat="48.55003" lon="-3.01305"></trkpt>
      <trkpt lat="48.5499" lon="-3.01275"></trkpt>
      <trkpt lat="48.54978" lon="-3.01245"></trkpt>
      <trkpt lat="48.5497" lon="-3.0122"></trkpt>
      <trkpt lat="48.5495" lon="-3.01156"></trkpt>
      <trkpt lat="48.54903" lon="-3.01025"></trkpt>
      <trkpt lat="48.54898" lon="-3.01009"></trkpt>
      <trkpt lat="48.54881" lon="-3.00941"></trkpt>
      <trkpt lat="48.54868" lon="-3.00879"></trkpt>
      <trkpt lat="48.5486" lon="-3.00823"></trkpt>
      <trkpt lat="48.54851" lon="-3.00738"></trkpt>
      <trkpt lat="48.54849" lon="-3.00666"></trkpt>
      <trkpt lat="48.5485" lon="-3.00561"></trkpt>
      <trkpt lat="48.54852" lon="-3.00506"></trkpt>
      <trkpt lat="48.54861" lon="-3.00421"></trkpt>
      <trkpt lat="48.54861" lon="-3.00378"></trkpt>
      <trkpt lat="48.54859" lon="-3.0034"></trkpt>
      <trkpt lat="48.54855" lon="-3.00305"></trkpt>
      <trkpt lat="48.54848" lon="-3.00277"></trkpt>
      <trkpt lat="48.54832" lon="-3.00222"></trkpt>
      <trkpt lat="48.54818" lon="-3.00161"></trkpt>
      <trkpt lat="48.54801" lon="-3.00105"></trkpt>
      <trkpt lat="48.54798" lon="-3.00075"></trkpt>
      <trkpt lat="48.548" lon="-3.00051"></trkpt>
      <trkpt lat="48.54787" lon="-3.00002"></trkpt>
      <trkpt lat="48.5478" lon="-2.99948"></trkpt>
      <trkpt lat="48.54778" lon="-2.99915"></trkpt>
      <trkpt lat="48.54777" lon="-2.99859"></trkpt>
      <trkpt lat="48.54781" lon="-2.99779"></trkpt>
      <trkpt lat="48.5478" lon="-2.99743"></trkpt>
      <trkpt lat="48.54777" lon="-2.99715"></trkpt>
      <trkpt lat="48.5477" lon="-2.99694"></trkpt>
      <trkpt lat="48.54742" lon="-2.99635"></trkpt>
      <trkpt lat="48.54682" lon="-2.99522"></trkpt>
      <trkpt lat="48.54646" lon="-2.99444"></trkpt>
      <trkpt lat="48.54634" lon="-2.99404"></trkpt>
      <trkpt lat="48.5463" lon="-2.99376"></trkpt>
      <trkpt lat="48.54613" lon="-2.993"></trkpt>
      <trkpt lat="48.54592" lon="-2.99231"></trkpt>
      <trkpt lat="48.54565" lon="-2.99176"></trkpt>
      <trkpt lat="48.54555" lon="-2.99151"></trkpt>
      <trkpt lat="48.54536" lon="-2.9909"></trkpt>
      <trkpt lat="48.54522" lon="-2.99055"></trkpt>
      <trkpt lat="48.54498" lon="-2.99019"></trkpt>
      <trkpt lat="48.54454" lon="-2.98956"></trkpt>
      <trkpt lat="48.54438" lon="-2.98929"></trkpt>
      <trkpt lat="48.54428" lon="-2.98906"></trkpt>
      <trkpt lat="48.54418" lon="-2.98875"></trkpt>
      <trkpt lat="48.54406" lon="-2.98828"></trkpt>
      <trkpt lat="48.54394" lon="-2.98776"></trkpt>
      <trkpt lat="48.54389" lon="-2.98689"></trkpt>
      <trkpt lat="48.54388" lon="-2.98649"></trkpt>
      <trkpt lat="48.54395" lon="-2.98525"></trkpt>
      <trkpt lat="48.54399" lon="-2.98496"></trkpt>
      <trkpt lat="48.544" lon="-2.98467"></trkpt>
      <trkpt lat="48.54402" lon="-2.98445"></trkpt>
      <trkpt lat="48.54409" lon="-2.98371"></trkpt>
      <trkpt lat="48.54413" lon="-2.98299"></trkpt>
      <trkpt lat="48.54412" lon="-2.98215"></trkpt>
      <trkpt lat="48.54401" lon="-2.98141"></trkpt>
      <trkpt lat="48.54397" lon="-2.98113"></trkpt>
      <trkpt lat="48.54391" lon="-2.98099"></trkpt>
      <trkpt lat="48.54377" lon="-2.98057"></trkpt>
      <trkpt lat="48.54368" lon="-2.98024"></trkpt>
      <trkpt lat="48.54366" lon="-2.98011"></trkpt>
      <trkpt lat="48.54366" lon="-2.97999"></trkpt>
      <trkpt lat="48.54368" lon="-2.97984"></trkpt>
      <trkpt lat="48.54371" lon="-2.97965"></trkpt>
      <trkpt lat="48.54388" lon="-2.97849"></trkpt>
      <trkpt lat="48.5438" lon="-2.97846"></trkpt>
      <trkpt lat="48.54355" lon="-2.9783"></trkpt>
      <trkpt lat="48.54325" lon="-2.97796"></trkpt>
      <trkpt lat="48.54271" lon="-2.97715"></trkpt>
      <trkpt lat="48.54255" lon="-2.97691"></trkpt>
      <trkpt lat="48.54226" lon="-2.97653"></trkpt>
      <trkpt lat="48.54192" lon="-2.97614"></trkpt>
      <trkpt lat="48.54184" lon="-2.97606"></trkpt>
      <trkpt lat="48.54162" lon="-2.97591"></trkpt>
      <trkpt lat="48.54162" lon="-2.97533"></trkpt>
      <trkpt lat="48.54165" lon="-2.97497"></trkpt>
      <trkpt lat="48.54165" lon="-2.97474"></trkpt>
      <trkpt lat="48.54166" lon="-2.97455"></trkpt>
      <trkpt lat="48.54166" lon="-2.97437"></trkpt>
      <trkpt lat="48.54166" lon="-2.9741"></trkpt>
      <trkpt lat="48.54167" lon="-2.97399"></trkpt>
      <trkpt lat="48.54173" lon="-2.97331"></trkpt>
      <trkpt lat="48.54207" lon="-2.97229"></trkpt>
      <trkpt lat="48.54224" lon="-2.97172"></trkpt>
      <trkpt lat="48.54229" lon="-2.97159"></trkpt>
      <trkpt lat="48.54246" lon="-2.97112"></trkpt>
      <trkpt lat="48.5427" lon="-2.97032"></trkpt>
      <trkpt lat="48.54286" lon="-2.96985"></trkpt>
      <trkpt lat="48.54304" lon="-2.96924"></trkpt>
      <trkpt lat="48.54312" lon="-2.96897"></trkpt>
      <trkpt lat="48.54319" lon="-2.96873"></trkpt>
      <trkpt lat="48.54344" lon="-2.96796"></trkpt>
      <trkpt lat="48.5435" lon="-2.96781"></trkpt>
      <trkpt lat="48.5438" lon="-2.96692"></trkpt>
      <trkpt lat="48.54386" lon="-2.96677"></trkpt>
      <trkpt lat="48.54406" lon="-2.96631"></trkpt>
      <trkpt lat="48.54414" lon="-2.96614"></trkpt>
      <trkpt lat="48.54429" lon="-2.96587"></trkpt>
      <trkpt lat="48.54458" lon="-2.96526"></trkpt>
      <trkpt lat="48.54475" lon="-2.96495"></trkpt>
      <trkpt lat="48.54485" lon="-2.96471"></trkpt>
      <trkpt lat="48.54491" lon="-2.96446"></trkpt>
      <trkpt lat="48.54495" lon="-2.96412"></trkpt>
      <trkpt lat="48.54495" lon="-2.96378"></trkpt>
      <trkpt lat="48.54488" lon="-2.96331"></trkpt>
      <trkpt lat="48.54478" lon="-2.96292"></trkpt>
      <trkpt lat="48.5447" lon="-2.96268"></trkpt>
      <trkpt lat="48.54463" lon="-2.9625"></trkpt>
      <trkpt lat="48.5446" lon="-2.96241"></trkpt>
      <trkpt lat="48.54444" lon="-2.96214"></trkpt>
      <trkpt lat="48.54429" lon="-2.96194"></trkpt>
      <trkpt lat="48.54406" lon="-2.96174"></trkpt>
      <trkpt lat="48.54336" lon="-2.96126"></trkpt>
      <trkpt lat="48.54328" lon="-2.9612"></trkpt>
      <trkpt lat="48.54309" lon="-2.96109"></trkpt>
      <trkpt lat="48.54232" lon="-2.9606"></trkpt>
      <trkpt lat="48.54143" lon="-2.96002"></trkpt>
      <trkpt lat="48.54133" lon="-2.95995"></trkpt>
      <trkpt lat="48.54095" lon="-2.95964"></trkpt>
      <trkpt lat="48.5406" lon="-2.95929"></trkpt>
      <trkpt lat="48.54021" lon="-2.95881"></trkpt>
      <trkpt lat="48.54007" lon="-2.95857"></trkpt>
      <trkpt lat="48.53979" lon="-2.958"></trkpt>
      <trkpt lat="48.5397" lon="-2.95777"></trkpt>
      <trkpt lat="48.539" lon="-2.95553"></trkpt>
      <trkpt lat="48.53876" lon="-2.95482"></trkpt>
      <trkpt lat="48.53846" lon="-2.95383"></trkpt>
      <trkpt lat="48.53797" lon="-2.95251"></trkpt>
      <trkpt lat="48.5377" lon="-2.95183"></trkpt>
      <trkpt lat="48.5376" lon="-2.95158"></trkpt>
      <trkpt lat="48.53725" lon="-2.95079"></trkpt>
      <trkpt lat="48.53698" lon="-2.95012"></trkpt>
      <trkpt lat="48.53654" lon="-2.94892"></trkpt>
      <trkpt lat="48.53632" lon="-2.94831"></trkpt>
      <trkpt lat="48.53621" lon="-2.94799"></trkpt>
      <trkpt lat="48.53588" lon="-2.94708"></trkpt>
      <trkpt lat="48.53575" lon="-2.94662"></trkpt>
      <trkpt lat="48.53542" lon="-2.94556"></trkpt>
      <trkpt lat="48.53505" lon="-2.94434"></trkpt>
      <trkpt lat="48.53474" lon="-2.94323"></trkpt>
      <trkpt lat="48.5346" lon="-2.94279"></trkpt>
      <trkpt lat="48.5342" lon="-2.94165"></trkpt>
      <trkpt lat="48.53394" lon="-2.94092"></trkpt>
      <trkpt lat="48.53351" lon="-2.93963"></trkpt>
      <trkpt lat="48.53317" lon="-2.93863"></trkpt>
      <trkpt lat="48.5329" lon="-2.9379"></trkpt>
      <trkpt lat="48.53264" lon="-2.93739"></trkpt>
      <trkpt lat="48.5324" lon="-2.93697"></trkpt>
      <trkpt lat="48.53212" lon="-2.93664"></trkpt>
      <trkpt lat="48.53176" lon="-2.93639"></trkpt>
      <trkpt lat="48.53153" lon="-2.93623"></trkpt>
      <trkpt lat="48.5314" lon="-2.93615"></trkpt>
      <trkpt lat="48.53102" lon="-2.9359"></trkpt>
      <trkpt lat="48.53098" lon="-2.93595"></trkpt>
      <trkpt lat="48.53092" lon="-2.936"></trkpt>
      <trkpt lat="48.53085" lon="-2.93602"></trkpt>
      <trkpt lat="48.53079" lon="-2.93601"></trkpt>
      <trkpt lat="48.53072" lon="-2.93598"></trkpt>
      <trkpt lat="48.53067" lon="-2.93592"></trkpt>
      <trkpt lat="48.53063" lon="-2.93584"></trkpt>
      <trkpt lat="48.5306" lon="-2.93576"></trkpt>
      <trkpt lat="48.53059" lon="-2.93565"></trkpt>
      <trkpt lat="48.53061" lon="-2.93555"></trkpt>
      <trkpt lat="48.53063" lon="-2.93547"></trkpt>
      <trkpt lat="48.53067" lon="-2.9354"></trkpt>
      <trkpt lat="48.53072" lon="-2.93534"></trkpt>
      <trkpt lat="48.53088" lon="-2.93463"></trkpt>
      <trkpt lat="48.53108" lon="-2.93392"></trkpt>
      <trkpt lat="48.53115" lon="-2.93353"></trkpt>
      <trkpt lat="48.53116" lon="-2.93344"></trkpt>
      <trkpt lat="48.53118" lon="-2.93315"></trkpt>
      <trkpt lat="48.53119" lon="-2.93149"></trkpt>
      <trkpt lat="48.53119" lon="-2.9314"></trkpt>
      <trkpt lat="48.53118" lon="-2.93061"></trkpt>
      <trkpt lat="48.53118" lon="-2.93047"></trkpt>
      <trkpt lat="48.53115" lon="-2.9279"></trkpt>
      <trkpt lat="48.53114" lon="-2.92648"></trkpt>
      <trkpt lat="48.53113" lon="-2.92619"></trkpt>
      <trkpt lat="48.53109" lon="-2.92344"></trkpt>
      <trkpt lat="48.53107" lon="-2.92289"></trkpt>
      <trkpt lat="48.53105" lon="-2.92255"></trkpt>
      <trkpt lat="48.53102" lon="-2.92236"></trkpt>
      <trkpt lat="48.53102" lon="-2.92235"></trkpt>
      <trkpt lat="48.52999" lon="-2.91588"></trkpt>
      <trkpt lat="48.52896" lon="-2.90945"></trkpt>
      <trkpt lat="48.52843" lon="-2.90612"></trkpt>
      <trkpt lat="48.52823" lon="-2.90482"></trkpt>
      <trkpt lat="48.52805" lon="-2.9036"></trkpt>
      <trkpt lat="48.52764" lon="-2.90106"></trkpt>
      <trkpt lat="48.52762" lon="-2.90097"></trkpt>
      <trkpt lat="48.52755" lon="-2.90065"></trkpt>
      <trkpt lat="48.52749" lon="-2.90039"></trkpt>
      <trkpt lat="48.52739" lon="-2.90001"></trkpt>
      <trkpt lat="48.52731" lon="-2.89977"></trkpt>
      <trkpt lat="48.5272" lon="-2.89948"></trkpt>
      <trkpt lat="48.52717" lon="-2.89943"></trkpt>
      <trkpt lat="48.52712" lon="-2.89935"></trkpt>
      <trkpt lat="48.52701" lon="-2.89922"></trkpt>
      <trkpt lat="48.52694" lon="-2.89915"></trkpt>
      <trkpt lat="48.52669" lon="-2.89904"></trkpt>
      <trkpt lat="48.5261" lon="-2.89881"></trkpt>
      <trkpt lat="48.52583" lon="-2.89866"></trkpt>
      <trkpt lat="48.52565" lon="-2.89848"></trkpt>
      <trkpt lat="48.52539" lon="-2.89818"></trkpt>
      <trkpt lat="48.52529" lon="-2.89802"></trkpt>
      <trkpt lat="48.52525" lon="-2.89794"></trkpt>
      <trkpt lat="48.52521" lon="-2.89781"></trkpt>
      <trkpt lat="48.52519" lon="-2.89766"></trkpt>
      <trkpt lat="48.52522" lon="-2.89753"></trkpt>
      <trkpt lat="48.52525" lon="-2.89743"></trkpt>
      <trkpt lat="48.52531" lon="-2.89728"></trkpt>
      <trkpt lat="48.5254" lon="-2.89701"></trkpt>
      <trkpt lat="48.52545" lon="-2.89672"></trkpt>
      <trkpt lat="48.52549" lon="-2.89618"></trkpt>
      <trkpt lat="48.52561" lon="-2.89499"></trkpt>
      <trkpt lat="48.52564" lon="-2.89448"></trkpt>
      <trkpt lat="48.52564" lon="-2.89426"></trkpt>
      <trkpt lat="48.52562" lon="-2.89409"></trkpt>
      <trkpt lat="48.52558" lon="-2.89384"></trkpt>
      <trkpt lat="48.52551" lon="-2.89352"></trkpt>
      <trkpt lat="48.52534" lon="-2.89301"></trkpt>
      <trkpt lat="48.52517" lon="-2.89256"></trkpt>
      <trkpt lat="48.52493" lon="-2.89185"></trkpt>
      <trkpt lat="48.5247" lon="-2.89113"></trkpt>
      <trkpt lat="48.52452" lon="-2.89069"></trkpt>
      <trkpt lat="48.5244" lon="-2.89051"></trkpt>
      <trkpt lat="48.52397" lon="-2.89002"></trkpt>
      <trkpt lat="48.52386" lon="-2.88984"></trkpt>
      <trkpt lat="48.52376" lon="-2.88963"></trkpt>
      <trkpt lat="48.52368" lon="-2.8893"></trkpt>
      <trkpt lat="48.52366" lon="-2.889"></trkpt>
      <trkpt lat="48.5237" lon="-2.88819"></trkpt>
      <trkpt lat="48.52371" lon="-2.88791"></trkpt>
      <trkpt lat="48.5237" lon="-2.88763"></trkpt>
      <trkpt lat="48.52369" lon="-2.88752"></trkpt>
      <trkpt lat="48.52361" lon="-2.88726"></trkpt>
      <trkpt lat="48.52344" lon="-2.88671"></trkpt>
      <trkpt lat="48.52333" lon="-2.88627"></trkpt>
      <trkpt lat="48.52314" lon="-2.88559"></trkpt>
      <trkpt lat="48.52307" lon="-2.88533"></trkpt>
      <trkpt lat="48.52293" lon="-2.88468"></trkpt>
      <trkpt lat="48.52277" lon="-2.88378"></trkpt>
      <trkpt lat="48.52261" lon="-2.88283"></trkpt>
      <trkpt lat="48.52257" lon="-2.88242"></trkpt>
      <trkpt lat="48.5225" lon="-2.88167"></trkpt>
      <trkpt lat="48.52249" lon="-2.88128"></trkpt>
      <trkpt lat="48.5224" lon="-2.88029"></trkpt>
      <trkpt lat="48.52237" lon="-2.87976"></trkpt>
      <trkpt lat="48.52235" lon="-2.8793"></trkpt>
      <trkpt lat="48.52236" lon="-2.87842"></trkpt>
      <trkpt lat="48.52236" lon="-2.87795"></trkpt>
      <trkpt lat="48.52238" lon="-2.87752"></trkpt>
      <trkpt lat="48.52239" lon="-2.87687"></trkpt>
      <trkpt lat="48.52239" lon="-2.87679"></trkpt>
      <trkpt lat="48.52237" lon="-2.8766"></trkpt>
      <trkpt lat="48.52242" lon="-2.87648"></trkpt>
      <trkpt lat="48.52244" lon="-2.87641"></trkpt>
      <trkpt lat="48.52245" lon="-2.87635"></trkpt>
      <trkpt lat="48.52245" lon="-2.87629"></trkpt>
      <trkpt lat="48.52243" lon="-2.87555"></trkpt>
      <trkpt lat="48.52242" lon="-2.87526"></trkpt>
      <trkpt lat="48.52238" lon="-2.87452"></trkpt>
      <trkpt lat="48.52235" lon="-2.87416"></trkpt>
      <trkpt lat="48.52232" lon="-2.87399"></trkpt>
      <trkpt lat="48.52228" lon="-2.87388"></trkpt>
      <trkpt lat="48.52224" lon="-2.8738"></trkpt>
      <trkpt lat="48.52216" lon="-2.87366"></trkpt>
      <trkpt lat="48.52207" lon="-2.87358"></trkpt>
      <trkpt lat="48.52194" lon="-2.87349"></trkpt>
      <trkpt lat="48.52182" lon="-2.87338"></trkpt>
      <trkpt lat="48.52175" lon="-2.87329"></trkpt>
      <trkpt lat="48.52171" lon="-2.87309"></trkpt>
      <trkpt lat="48.52171" lon="-2.8729"></trkpt>
      <trkpt lat="48.52174" lon="-2.8728"></trkpt>
      <trkpt lat="48.52178" lon="-2.87271"></trkpt>
      <trkpt lat="48.52183" lon="-2.87264"></trkpt>
      <trkpt lat="48.52201" lon="-2.87249"></trkpt>
      <trkpt lat="48.522" lon="-2.87239"></trkpt>
      <trkpt lat="48.52199" lon="-2.87229"></trkpt>
      <trkpt lat="48.52201" lon="-2.87218"></trkpt>
      <trkpt lat="48.52204" lon="-2.87211"></trkpt>
      <trkpt lat="48.52207" lon="-2.87207"></trkpt>
      <trkpt lat="48.52211" lon="-2.87202"></trkpt>
      <trkpt lat="48.52217" lon="-2.872"></trkpt>
      <trkpt lat="48.52224" lon="-2.87199"></trkpt>
      <trkpt lat="48.52231" lon="-2.87186"></trkpt>
      <trkpt lat="48.52235" lon="-2.87175"></trkpt>
      <trkpt lat="48.52238" lon="-2.87163"></trkpt>
      <trkpt lat="48.52238" lon="-2.87149"></trkpt>
      <trkpt lat="48.52235" lon="-2.87102"></trkpt>
      <trkpt lat="48.52239" lon="-2.87085"></trkpt>
      <trkpt lat="48.52239" lon="-2.87017"></trkpt>
      <trkpt lat="48.52241" lon="-2.86922"></trkpt>
      <trkpt lat="48.52246" lon="-2.86758"></trkpt>
      <trkpt lat="48.52248" lon="-2.86602"></trkpt>
      <trkpt lat="48.52255" lon="-2.8641"></trkpt>
      <trkpt lat="48.52259" lon="-2.86334"></trkpt>
      <trkpt lat="48.52266" lon="-2.86063"></trkpt>
      <trkpt lat="48.5227" lon="-2.85906"></trkpt>
      <trkpt lat="48.52271" lon="-2.85882"></trkpt>
      <trkpt lat="48.52273" lon="-2.85822"></trkpt>
      <trkpt lat="48.52272" lon="-2.8581"></trkpt>
      <trkpt lat="48.52271" lon="-2.85793"></trkpt>
      <trkpt lat="48.52275" lon="-2.85737"></trkpt>
      <trkpt lat="48.52275" lon="-2.85713"></trkpt>
      <trkpt lat="48.52272" lon="-2.85683"></trkpt>
      <trkpt lat="48.52273" lon="-2.85645"></trkpt>
      <trkpt lat="48.52273" lon="-2.85642"></trkpt>
      <trkpt lat="48.52274" lon="-2.8561"></trkpt>
      <trkpt lat="48.52275" lon="-2.85576"></trkpt>
      <trkpt lat="48.52279" lon="-2.85562"></trkpt>
      <trkpt lat="48.5228" lon="-2.85525"></trkpt>
      <trkpt lat="48.52282" lon="-2.85402"></trkpt>
      <trkpt lat="48.52285" lon="-2.85317"></trkpt>
      <trkpt lat="48.52281" lon="-2.85315"></trkpt>
      <trkpt lat="48.52279" lon="-2.85312"></trkpt>
      <trkpt lat="48.52277" lon="-2.85308"></trkpt>
      <trkpt lat="48.52277" lon="-2.85304"></trkpt>
      <trkpt lat="48.52278" lon="-2.85297"></trkpt>
      <trkpt lat="48.5228" lon="-2.85295"></trkpt>
      <trkpt lat="48.52282" lon="-2.85293"></trkpt>
      <trkpt lat="48.52283" lon="-2.85221"></trkpt>
      <trkpt lat="48.52287" lon="-2.85211"></trkpt>
      <trkpt lat="48.52288" lon="-2.85196"></trkpt>
      <trkpt lat="48.5229" lon="-2.85126"></trkpt>
      <trkpt lat="48.5229" lon="-2.85106"></trkpt>
      <trkpt lat="48.5229" lon="-2.85057"></trkpt>
      <trkpt lat="48.52291" lon="-2.84998"></trkpt>
      <trkpt lat="48.52289" lon="-2.84997"></trkpt>
      <trkpt lat="48.52287" lon="-2.84996"></trkpt>
      <trkpt lat="48.52286" lon="-2.84994"></trkpt>
      <trkpt lat="48.52285" lon="-2.84992"></trkpt>
      <trkpt lat="48.52285" lon="-2.84989"></trkpt>
      <trkpt lat="48.52286" lon="-2.84986"></trkpt>
      <trkpt lat="48.52289" lon="-2.84984"></trkpt>
      <trkpt lat="48.52292" lon="-2.84984"></trkpt>
      <trkpt lat="48.52294" lon="-2.84951"></trkpt>
      <trkpt lat="48.52295" lon="-2.84895"></trkpt>
      <trkpt lat="48.52294" lon="-2.84881"></trkpt>
      <trkpt lat="48.52292" lon="-2.84863"></trkpt>
      <trkpt lat="48.52288" lon="-2.84846"></trkpt>
      <trkpt lat="48.52278" lon="-2.84818"></trkpt>
      <trkpt lat="48.52222" lon="-2.84708"></trkpt>
      <trkpt lat="48.52216" lon="-2.84695"></trkpt>
      <trkpt lat="48.52209" lon="-2.84669"></trkpt>
      <trkpt lat="48.52205" lon="-2.84665"></trkpt>
      <trkpt lat="48.52198" lon="-2.84637"></trkpt>
      <trkpt lat="48.52196" lon="-2.8463"></trkpt>
      <trkpt lat="48.52194" lon="-2.84615"></trkpt>
      <trkpt lat="48.52193" lon="-2.84571"></trkpt>
      <trkpt lat="48.52197" lon="-2.84529"></trkpt>
      <trkpt lat="48.52205" lon="-2.84501"></trkpt>
      <trkpt lat="48.52211" lon="-2.84484"></trkpt>
      <trkpt lat="48.52219" lon="-2.84462"></trkpt>
      <trkpt lat="48.52223" lon="-2.84458"></trkpt>
      <trkpt lat="48.52232" lon="-2.84435"></trkpt>
      <trkpt lat="48.52234" lon="-2.84429"></trkpt>
      <trkpt lat="48.5225" lon="-2.84387"></trkpt>
      <trkpt lat="48.52259" lon="-2.84355"></trkpt>
      <trkpt lat="48.52266" lon="-2.84325"></trkpt>
      <trkpt lat="48.52274" lon="-2.8427"></trkpt>
      <trkpt lat="48.52277" lon="-2.84244"></trkpt>
      <trkpt lat="48.52279" lon="-2.84228"></trkpt>
      <trkpt lat="48.52279" lon="-2.84207"></trkpt>
      <trkpt lat="48.52274" lon="-2.84147"></trkpt>
      <trkpt lat="48.52264" lon="-2.84099"></trkpt>
      <trkpt lat="48.52256" lon="-2.84061"></trkpt>
      <trkpt lat="48.52238" lon="-2.84013"></trkpt>
      <trkpt lat="48.52212" lon="-2.83938"></trkpt>
      <trkpt lat="48.52193" lon="-2.83884"></trkpt>
      <trkpt lat="48.52175" lon="-2.83832"></trkpt>
      <trkpt lat="48.52167" lon="-2.83806"></trkpt>
      <trkpt lat="48.52154" lon="-2.83754"></trkpt>
      <trkpt lat="48.52149" lon="-2.83725"></trkpt>
      <trkpt lat="48.52143" lon="-2.83679"></trkpt>
      <trkpt lat="48.52142" lon="-2.83637"></trkpt>
      <trkpt lat="48.52148" lon="-2.83573"></trkpt>
      <trkpt lat="48.52152" lon="-2.83553"></trkpt>
      <trkpt lat="48.52158" lon="-2.83536"></trkpt>
      <trkpt lat="48.52172" lon="-2.83512"></trkpt>
      <trkpt lat="48.52207" lon="-2.83468"></trkpt>
      <trkpt lat="48.52215" lon="-2.83456"></trkpt>
      <trkpt lat="48.52218" lon="-2.83447"></trkpt>
      <trkpt lat="48.52219" lon="-2.83445"></trkpt>
      <trkpt lat="48.52223" lon="-2.83423"></trkpt>
      <trkpt lat="48.52223" lon="-2.83406"></trkpt>
      <trkpt lat="48.52218" lon="-2.83387"></trkpt>
      <trkpt lat="48.52206" lon="-2.83356"></trkpt>
      <trkpt lat="48.52196" lon="-2.83336"></trkpt>
      <trkpt lat="48.52193" lon="-2.83332"></trkpt>
      <trkpt lat="48.52186" lon="-2.83314"></trkpt>
      <trkpt lat="48.52183" lon="-2.83297"></trkpt>
      <trkpt lat="48.52183" lon="-2.83282"></trkpt>
      <trkpt lat="48.52186" lon="-2.83261"></trkpt>
      <trkpt lat="48.52211" lon="-2.83204"></trkpt>
      <trkpt lat="48.52217" lon="-2.83187"></trkpt>
      <trkpt lat="48.52222" lon="-2.83165"></trkpt>
      <trkpt lat="48.52224" lon="-2.83148"></trkpt>
      <trkpt lat="48.52223" lon="-2.83136"></trkpt>
      <trkpt lat="48.52217" lon="-2.83112"></trkpt>
      <trkpt lat="48.52205" lon="-2.83084"></trkpt>
      <trkpt lat="48.52193" lon="-2.8306"></trkpt>
      <trkpt lat="48.52189" lon="-2.83044"></trkpt>
      <trkpt lat="48.52187" lon="-2.83009"></trkpt>
      <trkpt lat="48.52189" lon="-2.82983"></trkpt>
      <trkpt lat="48.52201" lon="-2.82946"></trkpt>
      <trkpt lat="48.52215" lon="-2.82911"></trkpt>
      <trkpt lat="48.52233" lon="-2.82867"></trkpt>
      <trkpt lat="48.52262" lon="-2.82802"></trkpt>
      <trkpt lat="48.52294" lon="-2.82747"></trkpt>
      <trkpt lat="48.523" lon="-2.82735"></trkpt>
      <trkpt lat="48.52314" lon="-2.8271"></trkpt>
      <trkpt lat="48.52335" lon="-2.82668"></trkpt>
      <trkpt lat="48.52346" lon="-2.82641"></trkpt>
      <trkpt lat="48.5236" lon="-2.826"></trkpt>
      <trkpt lat="48.52364" lon="-2.82579"></trkpt>
      <trkpt lat="48.52374" lon="-2.82556"></trkpt>
      <trkpt lat="48.52386" lon="-2.82517"></trkpt>
      <trkpt lat="48.52388" lon="-2.82512"></trkpt>
      <trkpt lat="48.52398" lon="-2.82493"></trkpt>
      <trkpt lat="48.52406" lon="-2.82479"></trkpt>
      <trkpt lat="48.52426" lon="-2.82454"></trkpt>
      <trkpt lat="48.52463" lon="-2.82421"></trkpt>
      <trkpt lat="48.52532" lon="-2.82359"></trkpt>
      <trkpt lat="48.5254" lon="-2.8235"></trkpt>
      <trkpt lat="48.52548" lon="-2.82337"></trkpt>
      <trkpt lat="48.52553" lon="-2.82328"></trkpt>
      <trkpt lat="48.52558" lon="-2.823"></trkpt>
      <trkpt lat="48.52559" lon="-2.82289"></trkpt>
      <trkpt lat="48.52559" lon="-2.82276"></trkpt>
      <trkpt lat="48.52557" lon="-2.82265"></trkpt>
      <trkpt lat="48.52554" lon="-2.82255"></trkpt>
      <trkpt lat="48.52551" lon="-2.82246"></trkpt>
      <trkpt lat="48.52545" lon="-2.82236"></trkpt>
      <trkpt lat="48.52536" lon="-2.82225"></trkpt>
      <trkpt lat="48.52528" lon="-2.82219"></trkpt>
      <trkpt lat="48.52517" lon="-2.82213"></trkpt>
      <trkpt lat="48.52481" lon="-2.82198"></trkpt>
      <trkpt lat="48.52473" lon="-2.82194"></trkpt>
      <trkpt lat="48.52438" lon="-2.82164"></trkpt>
      <trkpt lat="48.5242" lon="-2.82142"></trkpt>
      <trkpt lat="48.52399" lon="-2.82115"></trkpt>
      <trkpt lat="48.52378" lon="-2.82081"></trkpt>
      <trkpt lat="48.52357" lon="-2.82042"></trkpt>
      <trkpt lat="48.52318" lon="-2.81976"></trkpt>
      <trkpt lat="48.52311" lon="-2.81961"></trkpt>
      <trkpt lat="48.52303" lon="-2.81933"></trkpt>
      <trkpt lat="48.52301" lon="-2.81918"></trkpt>
      <trkpt lat="48.52298" lon="-2.81848"></trkpt>
      <trkpt lat="48.52296" lon="-2.81822"></trkpt>
      <trkpt lat="48.52283" lon="-2.81763"></trkpt>
      <trkpt lat="48.52276" lon="-2.81741"></trkpt>
      <trkpt lat="48.52264" lon="-2.81715"></trkpt>
      <trkpt lat="48.52259" lon="-2.81706"></trkpt>
      <trkpt lat="48.52254" lon="-2.81698"></trkpt>
      <trkpt lat="48.52237" lon="-2.81682"></trkpt>
      <trkpt lat="48.52225" lon="-2.81675"></trkpt>
      <trkpt lat="48.52213" lon="-2.81669"></trkpt>
      <trkpt lat="48.52157" lon="-2.81652"></trkpt>
      <trkpt lat="48.5214" lon="-2.81644"></trkpt>
      <trkpt lat="48.52111" lon="-2.81625"></trkpt>
      <trkpt lat="48.52024" lon="-2.8156"></trkpt>
      <trkpt lat="48.52018" lon="-2.81556"></trkpt>
      <trkpt lat="48.5193" lon="-2.81488"></trkpt>
      <trkpt lat="48.51916" lon="-2.81477"></trkpt>
      <trkpt lat="48.51879" lon="-2.81449"></trkpt>
      <trkpt lat="48.51858" lon="-2.81428"></trkpt>
      <trkpt lat="48.51847" lon="-2.81411"></trkpt>
      <trkpt lat="48.51834" lon="-2.81385"></trkpt>
      <trkpt lat="48.51824" lon="-2.81357"></trkpt>
      <trkpt lat="48.51818" lon="-2.81333"></trkpt>
      <trkpt lat="48.51814" lon="-2.81302"></trkpt>
      <trkpt lat="48.51814" lon="-2.81274"></trkpt>
      <trkpt lat="48.51813" lon="-2.81263"></trkpt>
      <trkpt lat="48.51812" lon="-2.8125"></trkpt>
      <trkpt lat="48.5181" lon="-2.8123"></trkpt>
      <trkpt lat="48.5181" lon="-2.81216"></trkpt>
      <trkpt lat="48.51801" lon="-2.81156"></trkpt>
      <trkpt lat="48.518" lon="-2.81125"></trkpt>
      <trkpt lat="48.51799" lon="-2.81092"></trkpt>
      <trkpt lat="48.51803" lon="-2.81022"></trkpt>
      <trkpt lat="48.51804" lon="-2.80994"></trkpt>
      <trkpt lat="48.51803" lon="-2.80918"></trkpt>
      <trkpt lat="48.51798" lon="-2.80812"></trkpt>
      <trkpt lat="48.51796" lon="-2.80753"></trkpt>
      <trkpt lat="48.51789" lon="-2.80684"></trkpt>
      <trkpt lat="48.51779" lon="-2.80587"></trkpt>
      <trkpt lat="48.51778" lon="-2.80589"></trkpt>
      <trkpt lat="48.51774" lon="-2.80593"></trkpt>
      <trkpt lat="48.51769" lon="-2.80595"></trkpt>
      <trkpt lat="48.51766" lon="-2.80595"></trkpt>
      <trkpt lat="48.51762" lon="-2.80593"></trkpt>
      <trkpt lat="48.51759" lon="-2.80592"></trkpt>
      <trkpt lat="48.51755" lon="-2.80587"></trkpt>
      <trkpt lat="48.51752" lon="-2.80579"></trkpt>
      <trkpt lat="48.5175" lon="-2.8057"></trkpt>
      <trkpt lat="48.5175" lon="-2.80563"></trkpt>
      <trkpt lat="48.51753" lon="-2.80556"></trkpt>
      <trkpt lat="48.51756" lon="-2.80551"></trkpt>
      <trkpt lat="48.51761" lon="-2.80548"></trkpt>
      <trkpt lat="48.51767" lon="-2.80546"></trkpt>
      <trkpt lat="48.51773" lon="-2.80548"></trkpt>
      <trkpt lat="48.51777" lon="-2.8055"></trkpt>
      <trkpt lat="48.5178" lon="-2.80524"></trkpt>
      <trkpt lat="48.51783" lon="-2.80507"></trkpt>
      <trkpt lat="48.51785" lon="-2.80474"></trkpt>
      <trkpt lat="48.51789" lon="-2.80345"></trkpt>
      <trkpt lat="48.51794" lon="-2.80189"></trkpt>
      <trkpt lat="48.51796" lon="-2.80142"></trkpt>
      <trkpt lat="48.51798" lon="-2.80106"></trkpt>
      <trkpt lat="48.51801" lon="-2.80022"></trkpt>
      <trkpt lat="48.51803" lon="-2.79992"></trkpt>
      <trkpt lat="48.51805" lon="-2.79976"></trkpt>
      <trkpt lat="48.51796" lon="-2.79979"></trkpt>
      <trkpt lat="48.51792" lon="-2.79979"></trkpt>
      <trkpt lat="48.51782" lon="-2.79972"></trkpt>
      <trkpt lat="48.51781" lon="-2.79969"></trkpt>
      <trkpt lat="48.51778" lon="-2.79962"></trkpt>
      <trkpt lat="48.51776" lon="-2.79957"></trkpt>
      <trkpt lat="48.51775" lon="-2.79952"></trkpt>
      <trkpt lat="48.51778" lon="-2.79939"></trkpt>
      <trkpt lat="48.51781" lon="-2.79934"></trkpt>
      <trkpt lat="48.51786" lon="-2.79928"></trkpt>
      <trkpt lat="48.51792" lon="-2.79925"></trkpt>
      <trkpt lat="48.51796" lon="-2.79924"></trkpt>
      <trkpt lat="48.51802" lon="-2.79926"></trkpt>
      <trkpt lat="48.51806" lon="-2.79885"></trkpt>
      <trkpt lat="48.5181" lon="-2.79853"></trkpt>
      <trkpt lat="48.51822" lon="-2.79765"></trkpt>
      <trkpt lat="48.51842" lon="-2.79648"></trkpt>
      <trkpt lat="48.5185" lon="-2.79604"></trkpt>
      <trkpt lat="48.51857" lon="-2.79556"></trkpt>
      <trkpt lat="48.51865" lon="-2.79516"></trkpt>
      <trkpt lat="48.51883" lon="-2.79404"></trkpt>
      <trkpt lat="48.51896" lon="-2.79316"></trkpt>
      <trkpt lat="48.5191" lon="-2.79237"></trkpt>
      <trkpt lat="48.51919" lon="-2.79208"></trkpt>
      <trkpt lat="48.51916" lon="-2.79205"></trkpt>
      <trkpt lat="48.51913" lon="-2.79197"></trkpt>
      <trkpt lat="48.51912" lon="-2.79192"></trkpt>
      <trkpt lat="48.51912" lon="-2.79186"></trkpt>
      <trkpt lat="48.51913" lon="-2.79175"></trkpt>
      <trkpt lat="48.51914" lon="-2.79169"></trkpt>
      <trkpt lat="48.51917" lon="-2.79165"></trkpt>
      <trkpt lat="48.5192" lon="-2.79161"></trkpt>
      <trkpt lat="48.51923" lon="-2.79159"></trkpt>
      <trkpt lat="48.51927" lon="-2.79158"></trkpt>
      <trkpt lat="48.51934" lon="-2.79122"></trkpt>
      <trkpt lat="48.5194" lon="-2.79089"></trkpt>
      <trkpt lat="48.51946" lon="-2.79053"></trkpt>
      <trkpt lat="48.51953" lon="-2.79009"></trkpt>
      <trkpt lat="48.51956" lon="-2.78981"></trkpt>
      <trkpt lat="48.51956" lon="-2.78946"></trkpt>
      <trkpt lat="48.51955" lon="-2.78926"></trkpt>
      <trkpt lat="48.51953" lon="-2.78915"></trkpt>
      <trkpt lat="48.51953" lon="-2.78896"></trkpt>
      <trkpt lat="48.51952" lon="-2.78875"></trkpt>
      <trkpt lat="48.51948" lon="-2.78852"></trkpt>
      <trkpt lat="48.51943" lon="-2.78811"></trkpt>
      <trkpt lat="48.51933" lon="-2.78775"></trkpt>
      <trkpt lat="48.51929" lon="-2.78719"></trkpt>
      <trkpt lat="48.51917" lon="-2.78648"></trkpt>
      <trkpt lat="48.51913" lon="-2.78624"></trkpt>
      <trkpt lat="48.51899" lon="-2.78543"></trkpt>
      <trkpt lat="48.51897" lon="-2.78534"></trkpt>
      <trkpt lat="48.51892" lon="-2.78529"></trkpt>
      <trkpt lat="48.51891" lon="-2.78522"></trkpt>
      <trkpt lat="48.51882" lon="-2.78481"></trkpt>
      <trkpt lat="48.51879" lon="-2.78467"></trkpt>
      <trkpt lat="48.51877" lon="-2.78454"></trkpt>
      <trkpt lat="48.5187" lon="-2.78404"></trkpt>
      <trkpt lat="48.51872" lon="-2.78395"></trkpt>
      <trkpt lat="48.51866" lon="-2.78366"></trkpt>
      <trkpt lat="48.51866" lon="-2.7836"></trkpt>
      <trkpt lat="48.51846" lon="-2.78264"></trkpt>
      <trkpt lat="48.51845" lon="-2.78256"></trkpt>
      <trkpt lat="48.51836" lon="-2.78223"></trkpt>
      <trkpt lat="48.51804" lon="-2.78097"></trkpt>
      <trkpt lat="48.51793" lon="-2.78044"></trkpt>
      <trkpt lat="48.51749" lon="-2.7789"></trkpt>
      <trkpt lat="48.51745" lon="-2.77879"></trkpt>
      <trkpt lat="48.51739" lon="-2.77858"></trkpt>
      <trkpt lat="48.51731" lon="-2.77839"></trkpt>
      <trkpt lat="48.51726" lon="-2.77823"></trkpt>
      <trkpt lat="48.51724" lon="-2.77818"></trkpt>
      <trkpt lat="48.5172" lon="-2.77807"></trkpt>
      <trkpt lat="48.51711" lon="-2.77792"></trkpt>
      <trkpt lat="48.51709" lon="-2.77786"></trkpt>
      <trkpt lat="48.51706" lon="-2.7778"></trkpt>
      <trkpt lat="48.51696" lon="-2.7776"></trkpt>
      <trkpt lat="48.51651" lon="-2.77684"></trkpt>
      <trkpt lat="48.51641" lon="-2.77663"></trkpt>
      <trkpt lat="48.51633" lon="-2.77643"></trkpt>
      <trkpt lat="48.51618" lon="-2.77597"></trkpt>
      <trkpt lat="48.51602" lon="-2.7753"></trkpt>
      <trkpt lat="48.51569" lon="-2.77391"></trkpt>
      <trkpt lat="48.51567" lon="-2.77384"></trkpt>
      <trkpt lat="48.51563" lon="-2.77372"></trkpt>
      <trkpt lat="48.51561" lon="-2.77368"></trkpt>
      <trkpt lat="48.51559" lon="-2.7737"></trkpt>
      <trkpt lat="48.51555" lon="-2.77372"></trkpt>
      <trkpt lat="48.5155" lon="-2.77371"></trkpt>
      <trkpt lat="48.51549" lon="-2.77369"></trkpt>
      <trkpt lat="48.51547" lon="-2.77368"></trkpt>
      <trkpt lat="48.51546" lon="-2.77365"></trkpt>
      <trkpt lat="48.51544" lon="-2.77358"></trkpt>
      <trkpt lat="48.51544" lon="-2.77352"></trkpt>
      <trkpt lat="48.51546" lon="-2.77346"></trkpt>
      <trkpt lat="48.5155" lon="-2.77343"></trkpt>
      <trkpt lat="48.51547" lon="-2.77337"></trkpt>
      <trkpt lat="48.51546" lon="-2.77334"></trkpt>
      <trkpt lat="48.51534" lon="-2.77296"></trkpt>
      <trkpt lat="48.51531" lon="-2.77289"></trkpt>
      <trkpt lat="48.51528" lon="-2.77275"></trkpt>
      <trkpt lat="48.5152" lon="-2.77234"></trkpt>
      <trkpt lat="48.5152" lon="-2.77232"></trkpt>
      <trkpt lat="48.51517" lon="-2.77219"></trkpt>
      <trkpt lat="48.51515" lon="-2.77194"></trkpt>
      <trkpt lat="48.51513" lon="-2.77151"></trkpt>
      <trkpt lat="48.51508" lon="-2.77141"></trkpt>
      <trkpt lat="48.51504" lon="-2.77107"></trkpt>
      <trkpt lat="48.51495" lon="-2.77068"></trkpt>
      <trkpt lat="48.51479" lon="-2.77042"></trkpt>
      <trkpt lat="48.51471" lon="-2.77031"></trkpt>
      <trkpt lat="48.5146" lon="-2.77017"></trkpt>
      <trkpt lat="48.51458" lon="-2.77009"></trkpt>
      <trkpt lat="48.51449" lon="-2.76998"></trkpt>
      <trkpt lat="48.51437" lon="-2.76986"></trkpt>
      <trkpt lat="48.51404" lon="-2.76954"></trkpt>
      <trkpt lat="48.51382" lon="-2.7693"></trkpt>
      <trkpt lat="48.51345" lon="-2.76892"></trkpt>
      <trkpt lat="48.51335" lon="-2.76889"></trkpt>
      <trkpt lat="48.5133" lon="-2.76885"></trkpt>
      <trkpt lat="48.513" lon="-2.76855"></trkpt>
      <trkpt lat="48.5126" lon="-2.76816"></trkpt>
      <trkpt lat="48.51257" lon="-2.76812"></trkpt>
      <trkpt lat="48.51241" lon="-2.7679"></trkpt>
      <trkpt lat="48.51239" lon="-2.76785"></trkpt>
      <trkpt lat="48.51235" lon="-2.76779"></trkpt>
      <trkpt lat="48.51234" lon="-2.76778"></trkpt>
      <trkpt lat="48.51233" lon="-2.76777"></trkpt>
      <trkpt lat="48.51232" lon="-2.76775"></trkpt>
      <trkpt lat="48.51232" lon="-2.76773"></trkpt>
      <trkpt lat="48.51231" lon="-2.76771"></trkpt>
      <trkpt lat="48.51232" lon="-2.76767"></trkpt>
      <trkpt lat="48.51233" lon="-2.76765"></trkpt>
      <trkpt lat="48.5122" lon="-2.76741"></trkpt>
      <trkpt lat="48.51201" lon="-2.76704"></trkpt>
      <trkpt lat="48.51198" lon="-2.76695"></trkpt>
      <trkpt lat="48.51195" lon="-2.76685"></trkpt>
      <trkpt lat="48.51188" lon="-2.76643"></trkpt>
      <trkpt lat="48.51184" lon="-2.7662"></trkpt>
      <trkpt lat="48.51182" lon="-2.76619"></trkpt>
      <trkpt lat="48.51181" lon="-2.76617"></trkpt>
      <trkpt lat="48.5118" lon="-2.76616"></trkpt>
      <trkpt lat="48.51179" lon="-2.76614"></trkpt>
      <trkpt lat="48.51179" lon="-2.76612"></trkpt>
      <trkpt lat="48.5118" lon="-2.76609"></trkpt>
      <trkpt lat="48.51181" lon="-2.76608"></trkpt>
      <trkpt lat="48.51182" lon="-2.76606"></trkpt>
      <trkpt lat="48.5118" lon="-2.76592"></trkpt>
      <trkpt lat="48.51179" lon="-2.76589"></trkpt>
      <trkpt lat="48.51164" lon="-2.76512"></trkpt>
      <trkpt lat="48.51154" lon="-2.76458"></trkpt>
      <trkpt lat="48.51151" lon="-2.76433"></trkpt>
      <trkpt lat="48.51137" lon="-2.76361"></trkpt>
      <trkpt lat="48.51123" lon="-2.76276"></trkpt>
      <trkpt lat="48.51118" lon="-2.76226"></trkpt>
      <trkpt lat="48.51116" lon="-2.76196"></trkpt>
      <trkpt lat="48.51114" lon="-2.76191"></trkpt>
      <trkpt lat="48.5111" lon="-2.76137"></trkpt>
      <trkpt lat="48.51109" lon="-2.76126"></trkpt>
      <trkpt lat="48.511" lon="-2.76027"></trkpt>
      <trkpt lat="48.51094" lon="-2.75948"></trkpt>
      <trkpt lat="48.51093" lon="-2.75937"></trkpt>
      <trkpt lat="48.51092" lon="-2.75931"></trkpt>
      <trkpt lat="48.51083" lon="-2.75909"></trkpt>
      <trkpt lat="48.5108" lon="-2.75908"></trkpt>
      <trkpt lat="48.51078" lon="-2.75907"></trkpt>
      <trkpt lat="48.51075" lon="-2.75905"></trkpt>
      <trkpt lat="48.51074" lon="-2.75901"></trkpt>
      <trkpt lat="48.51073" lon="-2.75897"></trkpt>
      <trkpt lat="48.51072" lon="-2.75892"></trkpt>
      <trkpt lat="48.51073" lon="-2.75886"></trkpt>
      <trkpt lat="48.51075" lon="-2.75882"></trkpt>
      <trkpt lat="48.51078" lon="-2.75879"></trkpt>
      <trkpt lat="48.51081" lon="-2.75879"></trkpt>
      <trkpt lat="48.51084" lon="-2.75879"></trkpt>
      <trkpt lat="48.51086" lon="-2.75879"></trkpt>
      <trkpt lat="48.51089" lon="-2.75882"></trkpt>
      <trkpt lat="48.5109" lon="-2.75885"></trkpt>
      <trkpt lat="48.5111" lon="-2.75868"></trkpt>
      <trkpt lat="48.51145" lon="-2.75817"></trkpt>
      <trkpt lat="48.51153" lon="-2.75806"></trkpt>
      <trkpt lat="48.51138" lon="-2.75792"></trkpt>
      <trkpt lat="48.51112" lon="-2.75759"></trkpt>
      <trkpt lat="48.51078" lon="-2.75704"></trkpt>
      <trkpt lat="48.51048" lon="-2.75657"></trkpt>
      <trkpt lat="48.51045" lon="-2.75652"></trkpt>
      <trkpt lat="48.51031" lon="-2.7563"></trkpt>
      <trkpt lat="48.5102" lon="-2.75611"></trkpt>
      <trkpt lat="48.51003" lon="-2.75585"></trkpt>
      <trkpt lat="48.50963" lon="-2.75524"></trkpt>
      <trkpt lat="48.50935" lon="-2.75479"></trkpt>
      <trkpt lat="48.5091" lon="-2.75438"></trkpt>
      <trkpt lat="48.50886" lon="-2.75391"></trkpt>
      <trkpt lat="48.50879" lon="-2.75374"></trkpt>
      <trkpt lat="48.50845" lon="-2.75306"></trkpt>
      <trkpt lat="48.50828" lon="-2.75271"></trkpt>
      <trkpt lat="48.50811" lon="-2.75239"></trkpt>
      <trkpt lat="48.50805" lon="-2.75226"></trkpt>
      <trkpt lat="48.50781" lon="-2.75185"></trkpt>
      <trkpt lat="48.50757" lon="-2.75148"></trkpt>
      <trkpt lat="48.50726" lon="-2.75089"></trkpt>
      <trkpt lat="48.50719" lon="-2.75073"></trkpt>
      <trkpt lat="48.50704" lon="-2.75028"></trkpt>
      <trkpt lat="48.50692" lon="-2.74989"></trkpt>
      <trkpt lat="48.50686" lon="-2.74964"></trkpt>
      <trkpt lat="48.50677" lon="-2.74927"></trkpt>
      <trkpt lat="48.50664" lon="-2.7487"></trkpt>
      <trkpt lat="48.50648" lon="-2.74816"></trkpt>
      <trkpt lat="48.50639" lon="-2.74778"></trkpt>
      <trkpt lat="48.5063" lon="-2.74739"></trkpt>
      <trkpt lat="48.50626" lon="-2.74723"></trkpt>
      <trkpt lat="48.50621" lon="-2.74704"></trkpt>
      <trkpt lat="48.50617" lon="-2.74688"></trkpt>
      <trkpt lat="48.50609" lon="-2.74658"></trkpt>
      <trkpt lat="48.50586" lon="-2.74566"></trkpt>
      <trkpt lat="48.5058" lon="-2.74544"></trkpt>
      <trkpt lat="48.50568" lon="-2.7451"></trkpt>
      <trkpt lat="48.50555" lon="-2.74471"></trkpt>
      <trkpt lat="48.50544" lon="-2.74441"></trkpt>
      <trkpt lat="48.50531" lon="-2.74409"></trkpt>
      <trkpt lat="48.50523" lon="-2.74389"></trkpt>
      <trkpt lat="48.50512" lon="-2.74363"></trkpt>
      <trkpt lat="48.50494" lon="-2.74324"></trkpt>
      <trkpt lat="48.50487" lon="-2.74307"></trkpt>
      <trkpt lat="48.5047" lon="-2.74268"></trkpt>
      <trkpt lat="48.5044" lon="-2.74195"></trkpt>
      <trkpt lat="48.50414" lon="-2.74133"></trkpt>
      <trkpt lat="48.504" lon="-2.741"></trkpt>
      <trkpt lat="48.5039" lon="-2.74075"></trkpt>
      <trkpt lat="48.50388" lon="-2.74076"></trkpt>
      <trkpt lat="48.50385" lon="-2.74078"></trkpt>
      <trkpt lat="48.50383" lon="-2.74078"></trkpt>
      <trkpt lat="48.50382" lon="-2.74078"></trkpt>
      <trkpt lat="48.5038" lon="-2.74076"></trkpt>
      <trkpt lat="48.50378" lon="-2.74075"></trkpt>
      <trkpt lat="48.50377" lon="-2.74074"></trkpt>
      <trkpt lat="48.50376" lon="-2.74071"></trkpt>
      <trkpt lat="48.50375" lon="-2.74069"></trkpt>
      <trkpt lat="48.50375" lon="-2.74067"></trkpt>
      <trkpt lat="48.50375" lon="-2.74064"></trkpt>
      <trkpt lat="48.50375" lon="-2.7406"></trkpt>
      <trkpt lat="48.50376" lon="-2.74056"></trkpt>
      <trkpt lat="48.50378" lon="-2.74053"></trkpt>
      <trkpt lat="48.50359" lon="-2.74006"></trkpt>
      <trkpt lat="48.50314" lon="-2.73907"></trkpt>
      <trkpt lat="48.50291" lon="-2.73863"></trkpt>
      <trkpt lat="48.50266" lon="-2.7382"></trkpt>
      <trkpt lat="48.50265" lon="-2.73822"></trkpt>
      <trkpt lat="48.50262" lon="-2.73824"></trkpt>
      <trkpt lat="48.5026" lon="-2.73826"></trkpt>
      <trkpt lat="48.50257" lon="-2.73827"></trkpt>
      <trkpt lat="48.50254" lon="-2.73827"></trkpt>
      <trkpt lat="48.50252" lon="-2.73827"></trkpt>
      <trkpt lat="48.50249" lon="-2.73826"></trkpt>
      <trkpt lat="48.50247" lon="-2.73824"></trkpt>
      <trkpt lat="48.50245" lon="-2.73822"></trkpt>
      <trkpt lat="48.50244" lon="-2.7382"></trkpt>
      <trkpt lat="48.50243" lon="-2.73817"></trkpt>
      <trkpt lat="48.50241" lon="-2.73811"></trkpt>
      <trkpt lat="48.50241" lon="-2.73808"></trkpt>
      <trkpt lat="48.50241" lon="-2.73803"></trkpt>
      <trkpt lat="48.50241" lon="-2.738"></trkpt>
      <trkpt lat="48.50242" lon="-2.73797"></trkpt>
      <trkpt lat="48.50243" lon="-2.73794"></trkpt>
      <trkpt lat="48.50245" lon="-2.73791"></trkpt>
      <trkpt lat="48.50247" lon="-2.73788"></trkpt>
      <trkpt lat="48.50236" lon="-2.73771"></trkpt>
      <trkpt lat="48.50232" lon="-2.73763"></trkpt>
      <trkpt lat="48.5021" lon="-2.73723"></trkpt>
      <trkpt lat="48.50199" lon="-2.73699"></trkpt>
      <trkpt lat="48.50184" lon="-2.73663"></trkpt>
      <trkpt lat="48.50169" lon="-2.73623"></trkpt>
      <trkpt lat="48.50159" lon="-2.73576"></trkpt>
      <trkpt lat="48.50154" lon="-2.73553"></trkpt>
      <trkpt lat="48.50148" lon="-2.73543"></trkpt>
      <trkpt lat="48.50144" lon="-2.73524"></trkpt>
      <trkpt lat="48.50142" lon="-2.73511"></trkpt>
      <trkpt lat="48.50135" lon="-2.73472"></trkpt>
      <trkpt lat="48.50133" lon="-2.73455"></trkpt>
      <trkpt lat="48.5013" lon="-2.73439"></trkpt>
      <trkpt lat="48.50128" lon="-2.73429"></trkpt>
      <trkpt lat="48.50127" lon="-2.73421"></trkpt>
      <trkpt lat="48.50124" lon="-2.73403"></trkpt>
      <trkpt lat="48.50117" lon="-2.73355"></trkpt>
      <trkpt lat="48.50108" lon="-2.733"></trkpt>
      <trkpt lat="48.50096" lon="-2.73226"></trkpt>
      <trkpt lat="48.50088" lon="-2.73186"></trkpt>
      <trkpt lat="48.5008" lon="-2.73151"></trkpt>
      <trkpt lat="48.50062" lon="-2.73062"></trkpt>
      <trkpt lat="48.50049" lon="-2.73005"></trkpt>
      <trkpt lat="48.50044" lon="-2.73002"></trkpt>
      <trkpt lat="48.50041" lon="-2.73"></trkpt>
      <trkpt lat="48.5004" lon="-2.72998"></trkpt>
      <trkpt lat="48.50038" lon="-2.72993"></trkpt>
      <trkpt lat="48.50036" lon="-2.72989"></trkpt>
      <trkpt lat="48.50035" lon="-2.72984"></trkpt>
      <trkpt lat="48.50036" lon="-2.72976"></trkpt>
      <trkpt lat="48.50037" lon="-2.72972"></trkpt>
      <trkpt lat="48.50039" lon="-2.72968"></trkpt>
      <trkpt lat="48.50041" lon="-2.72964"></trkpt>
      <trkpt lat="48.50043" lon="-2.72961"></trkpt>
      <trkpt lat="48.50047" lon="-2.72959"></trkpt>
      <trkpt lat="48.50051" lon="-2.72959"></trkpt>
      <trkpt lat="48.50056" lon="-2.7296"></trkpt>
      <trkpt lat="48.50059" lon="-2.72962"></trkpt>
      <trkpt lat="48.50076" lon="-2.72929"></trkpt>
      <trkpt lat="48.50095" lon="-2.72896"></trkpt>
      <trkpt lat="48.50112" lon="-2.72863"></trkpt>
      <trkpt lat="48.50126" lon="-2.72839"></trkpt>
      <trkpt lat="48.50131" lon="-2.72827"></trkpt>
      <trkpt lat="48.50144" lon="-2.72806"></trkpt>
      <trkpt lat="48.50154" lon="-2.72786"></trkpt>
      <trkpt lat="48.50157" lon="-2.72773"></trkpt>
      <trkpt lat="48.50158" lon="-2.72765"></trkpt>
      <trkpt lat="48.50158" lon="-2.72754"></trkpt>
      <trkpt lat="48.50156" lon="-2.72744"></trkpt>
      <trkpt lat="48.50154" lon="-2.72735"></trkpt>
      <trkpt lat="48.50152" lon="-2.7273"></trkpt>
      <trkpt lat="48.50149" lon="-2.72724"></trkpt>
      <trkpt lat="48.50143" lon="-2.72714"></trkpt>
      <trkpt lat="48.5013" lon="-2.72701"></trkpt>
      <trkpt lat="48.50121" lon="-2.727"></trkpt>
      <trkpt lat="48.50075" lon="-2.72668"></trkpt>
      <trkpt lat="48.50064" lon="-2.72659"></trkpt>
      <trkpt lat="48.50013" lon="-2.72623"></trkpt>
      <trkpt lat="48.49948" lon="-2.72571"></trkpt>
      <trkpt lat="48.499" lon="-2.72534"></trkpt>
      <trkpt lat="48.49883" lon="-2.72518"></trkpt>
      <trkpt lat="48.49878" lon="-2.72511"></trkpt>
      <trkpt lat="48.49867" lon="-2.72489"></trkpt>
      <trkpt lat="48.49866" lon="-2.72486"></trkpt>
      <trkpt lat="48.49864" lon="-2.7248"></trkpt>
      <trkpt lat="48.49861" lon="-2.72473"></trkpt>
      <trkpt lat="48.49858" lon="-2.72464"></trkpt>
      <trkpt lat="48.49858" lon="-2.72461"></trkpt>
      <trkpt lat="48.49851" lon="-2.72442"></trkpt>
      <trkpt lat="48.49843" lon="-2.72416"></trkpt>
      <trkpt lat="48.49834" lon="-2.72386"></trkpt>
      <trkpt lat="48.49827" lon="-2.72363"></trkpt>
      <trkpt lat="48.49826" lon="-2.72354"></trkpt>
      <trkpt lat="48.49826" lon="-2.72343"></trkpt>
      <trkpt lat="48.49825" lon="-2.72342"></trkpt>
      <trkpt lat="48.49824" lon="-2.7234"></trkpt>
      <trkpt lat="48.49823" lon="-2.72337"></trkpt>
      <trkpt lat="48.49823" lon="-2.72332"></trkpt>
      <trkpt lat="48.49823" lon="-2.7233"></trkpt>
      <trkpt lat="48.49824" lon="-2.72327"></trkpt>
      <trkpt lat="48.49809" lon="-2.72312"></trkpt>
      <trkpt lat="48.49806" lon="-2.72313"></trkpt>
      <trkpt lat="48.49804" lon="-2.72313"></trkpt>
      <trkpt lat="48.49799" lon="-2.72312"></trkpt>
      <trkpt lat="48.49798" lon="-2.72312"></trkpt>
      <trkpt lat="48.49796" lon="-2.72308"></trkpt>
      <trkpt lat="48.49795" lon="-2.72303"></trkpt>
      <trkpt lat="48.49796" lon="-2.72299"></trkpt>
      <trkpt lat="48.49797" lon="-2.72296"></trkpt>
      <trkpt lat="48.498" lon="-2.72294"></trkpt>
      <trkpt lat="48.49804" lon="-2.72293"></trkpt>
      <trkpt lat="48.49797" lon="-2.72262"></trkpt>
      <trkpt lat="48.49779" lon="-2.72218"></trkpt>
      <trkpt lat="48.49763" lon="-2.72184"></trkpt>
      <trkpt lat="48.49728" lon="-2.72123"></trkpt>
      <trkpt lat="48.49712" lon="-2.72095"></trkpt>
      <trkpt lat="48.49706" lon="-2.72088"></trkpt>
      <trkpt lat="48.49689" lon="-2.72059"></trkpt>
      <trkpt lat="48.49629" lon="-2.71944"></trkpt>
      <trkpt lat="48.49597" lon="-2.71874"></trkpt>
      <trkpt lat="48.49576" lon="-2.71828"></trkpt>
      <trkpt lat="48.49558" lon="-2.71789"></trkpt>
      <trkpt lat="48.49553" lon="-2.71777"></trkpt>
      <trkpt lat="48.49549" lon="-2.71769"></trkpt>
      <trkpt lat="48.49546" lon="-2.71763"></trkpt>
      <trkpt lat="48.49534" lon="-2.71731"></trkpt>
      <trkpt lat="48.49525" lon="-2.71707"></trkpt>
      <trkpt lat="48.49519" lon="-2.71688"></trkpt>
      <trkpt lat="48.49511" lon="-2.71654"></trkpt>
      <trkpt lat="48.49498" lon="-2.71597"></trkpt>
      <trkpt lat="48.49494" lon="-2.71581"></trkpt>
      <trkpt lat="48.49476" lon="-2.71524"></trkpt>
      <trkpt lat="48.49458" lon="-2.71472"></trkpt>
      <trkpt lat="48.4945" lon="-2.71446"></trkpt>
      <trkpt lat="48.49444" lon="-2.71427"></trkpt>
      <trkpt lat="48.49427" lon="-2.71365"></trkpt>
      <trkpt lat="48.49414" lon="-2.71324"></trkpt>
      <trkpt lat="48.49405" lon="-2.71291"></trkpt>
      <trkpt lat="48.49397" lon="-2.71266"></trkpt>
      <trkpt lat="48.4939" lon="-2.71239"></trkpt>
      <trkpt lat="48.49377" lon="-2.71193"></trkpt>
      <trkpt lat="48.49372" lon="-2.71176"></trkpt>
      <trkpt lat="48.49365" lon="-2.71148"></trkpt>
      <trkpt lat="48.49364" lon="-2.71143"></trkpt>
      <trkpt lat="48.49333" lon="-2.71031"></trkpt>
      <trkpt lat="48.4932" lon="-2.70986"></trkpt>
      <trkpt lat="48.49315" lon="-2.70969"></trkpt>
      <trkpt lat="48.49302" lon="-2.70927"></trkpt>
      <trkpt lat="48.49286" lon="-2.70886"></trkpt>
      <trkpt lat="48.49283" lon="-2.70888"></trkpt>
      <trkpt lat="48.49279" lon="-2.70888"></trkpt>
      <trkpt lat="48.49276" lon="-2.70888"></trkpt>
      <trkpt lat="48.49273" lon="-2.70886"></trkpt>
      <trkpt lat="48.49271" lon="-2.70884"></trkpt>
      <trkpt lat="48.4927" lon="-2.70881"></trkpt>
      <trkpt lat="48.49269" lon="-2.70875"></trkpt>
      <trkpt lat="48.4927" lon="-2.70869"></trkpt>
      <trkpt lat="48.49272" lon="-2.70863"></trkpt>
      <trkpt lat="48.49277" lon="-2.70859"></trkpt>
      <trkpt lat="48.49276" lon="-2.70857"></trkpt>
      <trkpt lat="48.49275" lon="-2.70837"></trkpt>
      <trkpt lat="48.49268" lon="-2.70792"></trkpt>
      <trkpt lat="48.49263" lon="-2.70772"></trkpt>
      <trkpt lat="48.49239" lon="-2.70697"></trkpt>
      <trkpt lat="48.49233" lon="-2.7069"></trkpt>
      <trkpt lat="48.49231" lon="-2.7068"></trkpt>
      <trkpt lat="48.49174" lon="-2.70478"></trkpt>
      <trkpt lat="48.49169" lon="-2.70462"></trkpt>
      <trkpt lat="48.4916" lon="-2.70431"></trkpt>
      <trkpt lat="48.49122" lon="-2.70294"></trkpt>
      <trkpt lat="48.49113" lon="-2.70264"></trkpt>
      <trkpt lat="48.49045" lon="-2.70029"></trkpt>
      <trkpt lat="48.49031" lon="-2.69977"></trkpt>
      <trkpt lat="48.48995" lon="-2.6985"></trkpt>
      <trkpt lat="48.4899" lon="-2.69832"></trkpt>
      <trkpt lat="48.48991" lon="-2.69824"></trkpt>
      <trkpt lat="48.48982" lon="-2.69792"></trkpt>
      <trkpt lat="48.48958" lon="-2.6971"></trkpt>
      <trkpt lat="48.48953" lon="-2.69693"></trkpt>
      <trkpt lat="48.48933" lon="-2.69626"></trkpt>
      <trkpt lat="48.48922" lon="-2.69586"></trkpt>
      <trkpt lat="48.48915" lon="-2.69563"></trkpt>
      <trkpt lat="48.48908" lon="-2.69542"></trkpt>
      <trkpt lat="48.48891" lon="-2.69485"></trkpt>
      <trkpt lat="48.48887" lon="-2.69472"></trkpt>
      <trkpt lat="48.48886" lon="-2.69466"></trkpt>
      <trkpt lat="48.4888" lon="-2.69448"></trkpt>
      <trkpt lat="48.48849" lon="-2.69354"></trkpt>
      <trkpt lat="48.48818" lon="-2.69249"></trkpt>
      <trkpt lat="48.48804" lon="-2.692"></trkpt>
      <trkpt lat="48.48764" lon="-2.69064"></trkpt>
      <trkpt lat="48.48752" lon="-2.69018"></trkpt>
      <trkpt lat="48.48672" lon="-2.68741"></trkpt>
      <trkpt lat="48.48661" lon="-2.6869"></trkpt>
      <trkpt lat="48.4864" lon="-2.6861"></trkpt>
      <trkpt lat="48.48622" lon="-2.68545"></trkpt>
      <trkpt lat="48.4862" lon="-2.68536"></trkpt>
      <trkpt lat="48.48616" lon="-2.68525"></trkpt>
      <trkpt lat="48.48606" lon="-2.68489"></trkpt>
      <trkpt lat="48.48577" lon="-2.68389"></trkpt>
      <trkpt lat="48.48574" lon="-2.6839"></trkpt>
      <trkpt lat="48.4857" lon="-2.6839"></trkpt>
      <trkpt lat="48.48566" lon="-2.68387"></trkpt>
      <trkpt lat="48.48563" lon="-2.68381"></trkpt>
      <trkpt lat="48.48562" lon="-2.68375"></trkpt>
      <trkpt lat="48.48563" lon="-2.68368"></trkpt>
      <trkpt lat="48.48565" lon="-2.68363"></trkpt>
      <trkpt lat="48.48567" lon="-2.68361"></trkpt>
      <trkpt lat="48.48569" lon="-2.68359"></trkpt>
      <trkpt lat="48.48563" lon="-2.68335"></trkpt>
      <trkpt lat="48.48543" lon="-2.68267"></trkpt>
      <trkpt lat="48.48541" lon="-2.6826"></trkpt>
      <trkpt lat="48.4854" lon="-2.68255"></trkpt>
      <trkpt lat="48.48538" lon="-2.6825"></trkpt>
      <trkpt lat="48.48535" lon="-2.68239"></trkpt>
      <trkpt lat="48.48521" lon="-2.68185"></trkpt>
      <trkpt lat="48.48518" lon="-2.68173"></trkpt>
      <trkpt lat="48.48513" lon="-2.68066"></trkpt>
      <trkpt lat="48.4851" lon="-2.67989"></trkpt>
      <trkpt lat="48.4851" lon="-2.67956"></trkpt>
      <trkpt lat="48.4851" lon="-2.67933"></trkpt>
      <trkpt lat="48.48511" lon="-2.67839"></trkpt>
      <trkpt lat="48.48511" lon="-2.678"></trkpt>
      <trkpt lat="48.48511" lon="-2.67771"></trkpt>
      <trkpt lat="48.4851" lon="-2.67731"></trkpt>
      <trkpt lat="48.48511" lon="-2.67686"></trkpt>
      <trkpt lat="48.48512" lon="-2.67662"></trkpt>
      <trkpt lat="48.4851" lon="-2.67661"></trkpt>
      <trkpt lat="48.48509" lon="-2.67659"></trkpt>
      <trkpt lat="48.48508" lon="-2.67657"></trkpt>
      <trkpt lat="48.48507" lon="-2.67654"></trkpt>
      <trkpt lat="48.48507" lon="-2.6765"></trkpt>
      <trkpt lat="48.48507" lon="-2.67645"></trkpt>
      <trkpt lat="48.48511" lon="-2.6764"></trkpt>
      <trkpt lat="48.48513" lon="-2.67639"></trkpt>
      <trkpt lat="48.48514" lon="-2.67638"></trkpt>
      <trkpt lat="48.48516" lon="-2.67544"></trkpt>
      <trkpt lat="48.48518" lon="-2.67499"></trkpt>
      <trkpt lat="48.48518" lon="-2.67421"></trkpt>
      <trkpt lat="48.48521" lon="-2.67359"></trkpt>
      <trkpt lat="48.48522" lon="-2.67304"></trkpt>
      <trkpt lat="48.48522" lon="-2.67285"></trkpt>
      <trkpt lat="48.48523" lon="-2.67273"></trkpt>
      <trkpt lat="48.48527" lon="-2.67241"></trkpt>
      <trkpt lat="48.48526" lon="-2.67241"></trkpt>
      <trkpt lat="48.48524" lon="-2.67239"></trkpt>
      <trkpt lat="48.48523" lon="-2.67237"></trkpt>
      <trkpt lat="48.48522" lon="-2.67233"></trkpt>
      <trkpt lat="48.48522" lon="-2.6723"></trkpt>
      <trkpt lat="48.48523" lon="-2.67227"></trkpt>
      <trkpt lat="48.48524" lon="-2.67224"></trkpt>
      <trkpt lat="48.48526" lon="-2.67222"></trkpt>
      <trkpt lat="48.48528" lon="-2.67222"></trkpt>
      <trkpt lat="48.48528" lon="-2.67219"></trkpt>
      <trkpt lat="48.48527" lon="-2.67182"></trkpt>
      <trkpt lat="48.48528" lon="-2.67147"></trkpt>
      <trkpt lat="48.48528" lon="-2.67137"></trkpt>
      <trkpt lat="48.48528" lon="-2.67094"></trkpt>
      <trkpt lat="48.48528" lon="-2.67069"></trkpt>
      <trkpt lat="48.4853" lon="-2.66979"></trkpt>
      <trkpt lat="48.4853" lon="-2.66963"></trkpt>
      <trkpt lat="48.48532" lon="-2.66934"></trkpt>
      <trkpt lat="48.48535" lon="-2.66793"></trkpt>
      <trkpt lat="48.48532" lon="-2.66739"></trkpt>
      <trkpt lat="48.48531" lon="-2.66656"></trkpt>
      <trkpt lat="48.48529" lon="-2.66514"></trkpt>
      <trkpt lat="48.48529" lon="-2.66464"></trkpt>
      <trkpt lat="48.48527" lon="-2.66324"></trkpt>
      <trkpt lat="48.48526" lon="-2.66246"></trkpt>
      <trkpt lat="48.48524" lon="-2.66245"></trkpt>
      <trkpt lat="48.48522" lon="-2.66243"></trkpt>
      <trkpt lat="48.4852" lon="-2.66237"></trkpt>
      <trkpt lat="48.4852" lon="-2.66232"></trkpt>
      <trkpt lat="48.4852" lon="-2.6623"></trkpt>
      <trkpt lat="48.48521" lon="-2.66226"></trkpt>
      <trkpt lat="48.48524" lon="-2.66223"></trkpt>
      <trkpt lat="48.48527" lon="-2.66222"></trkpt>
      <trkpt lat="48.48524" lon="-2.66163"></trkpt>
      <trkpt lat="48.48522" lon="-2.66099"></trkpt>
      <trkpt lat="48.48522" lon="-2.66054"></trkpt>
      <trkpt lat="48.48521" lon="-2.66008"></trkpt>
      <trkpt lat="48.48521" lon="-2.65983"></trkpt>
      <trkpt lat="48.48518" lon="-2.65869"></trkpt>
      <trkpt lat="48.48517" lon="-2.65807"></trkpt>
      <trkpt lat="48.48514" lon="-2.65535"></trkpt>
      <trkpt lat="48.48514" lon="-2.65462"></trkpt>
      <trkpt lat="48.48514" lon="-2.65413"></trkpt>
      <trkpt lat="48.48513" lon="-2.65402"></trkpt>
      <trkpt lat="48.48512" lon="-2.65312"></trkpt>
      <trkpt lat="48.48512" lon="-2.65296"></trkpt>
      <trkpt lat="48.48512" lon="-2.65284"></trkpt>
      <trkpt lat="48.48511" lon="-2.6523"></trkpt>
      <trkpt lat="48.48511" lon="-2.65203"></trkpt>
      <trkpt lat="48.4851" lon="-2.65185"></trkpt>
      <trkpt lat="48.48509" lon="-2.65086"></trkpt>
      <trkpt lat="48.48508" lon="-2.65005"></trkpt>
      <trkpt lat="48.48508" lon="-2.64946"></trkpt>
      <trkpt lat="48.48508" lon="-2.64877"></trkpt>
      <trkpt lat="48.48507" lon="-2.64795"></trkpt>
      <trkpt lat="48.48507" lon="-2.64768"></trkpt>
      <trkpt lat="48.48506" lon="-2.64687"></trkpt>
      <trkpt lat="48.48505" lon="-2.64652"></trkpt>
      <trkpt lat="48.48506" lon="-2.64629"></trkpt>
      <trkpt lat="48.48505" lon="-2.64545"></trkpt>
      <trkpt lat="48.48501" lon="-2.64507"></trkpt>
      <trkpt lat="48.48498" lon="-2.64473"></trkpt>
      <trkpt lat="48.48493" lon="-2.64445"></trkpt>
      <trkpt lat="48.48488" lon="-2.64447"></trkpt>
      <trkpt lat="48.48484" lon="-2.64448"></trkpt>
      <trkpt lat="48.48481" lon="-2.64446"></trkpt>
      <trkpt lat="48.48478" lon="-2.64444"></trkpt>
      <trkpt lat="48.48476" lon="-2.64441"></trkpt>
      <trkpt lat="48.48475" lon="-2.64435"></trkpt>
      <trkpt lat="48.48475" lon="-2.64428"></trkpt>
      <trkpt lat="48.48476" lon="-2.64423"></trkpt>
      <trkpt lat="48.48478" lon="-2.6442"></trkpt>
      <trkpt lat="48.48481" lon="-2.64418"></trkpt>
      <trkpt lat="48.48485" lon="-2.64416"></trkpt>
      <trkpt lat="48.48482" lon="-2.644"></trkpt>
      <trkpt lat="48.48481" lon="-2.6439"></trkpt>
      <trkpt lat="48.48467" lon="-2.64338"></trkpt>
      <trkpt lat="48.48461" lon="-2.64312"></trkpt>
      <trkpt lat="48.4846" lon="-2.64311"></trkpt>
      <trkpt lat="48.48457" lon="-2.64309"></trkpt>
      <trkpt lat="48.48456" lon="-2.64307"></trkpt>
      <trkpt lat="48.48455" lon="-2.64305"></trkpt>
      <trkpt lat="48.48455" lon="-2.64303"></trkpt>
      <trkpt lat="48.48455" lon="-2.643"></trkpt>
      <trkpt lat="48.48456" lon="-2.64297"></trkpt>
      <trkpt lat="48.48452" lon="-2.64284"></trkpt>
      <trkpt lat="48.48442" lon="-2.64249"></trkpt>
      <trkpt lat="48.48434" lon="-2.64218"></trkpt>
      <trkpt lat="48.48425" lon="-2.64188"></trkpt>
      <trkpt lat="48.48393" lon="-2.64076"></trkpt>
      <trkpt lat="48.48392" lon="-2.64064"></trkpt>
      <trkpt lat="48.48392" lon="-2.64056"></trkpt>
      <trkpt lat="48.48396" lon="-2.64035"></trkpt>
      <trkpt lat="48.48414" lon="-2.63975"></trkpt>
      <trkpt lat="48.48435" lon="-2.63915"></trkpt>
      <trkpt lat="48.48441" lon="-2.63891"></trkpt>
      <trkpt lat="48.4844" lon="-2.6388"></trkpt>
      <trkpt lat="48.48437" lon="-2.63866"></trkpt>
      <trkpt lat="48.4843" lon="-2.63853"></trkpt>
      <trkpt lat="48.48421" lon="-2.63842"></trkpt>
      <trkpt lat="48.48413" lon="-2.63838"></trkpt>
      <trkpt lat="48.48399" lon="-2.63833"></trkpt>
      <trkpt lat="48.48382" lon="-2.63827"></trkpt>
      <trkpt lat="48.48365" lon="-2.63816"></trkpt>
      <trkpt lat="48.48356" lon="-2.63811"></trkpt>
      <trkpt lat="48.48355" lon="-2.6381"></trkpt>
      <trkpt lat="48.4835" lon="-2.63807"></trkpt>
      <trkpt lat="48.48346" lon="-2.63802"></trkpt>
      <trkpt lat="48.48345" lon="-2.638"></trkpt>
      <trkpt lat="48.48343" lon="-2.63797"></trkpt>
      <trkpt lat="48.48338" lon="-2.63789"></trkpt>
      <trkpt lat="48.48309" lon="-2.63722"></trkpt>
      <trkpt lat="48.4829" lon="-2.63672"></trkpt>
      <trkpt lat="48.48287" lon="-2.63665"></trkpt>
      <trkpt lat="48.48285" lon="-2.63659"></trkpt>
      <trkpt lat="48.48274" lon="-2.63627"></trkpt>
      <trkpt lat="48.48255" lon="-2.63574"></trkpt>
      <trkpt lat="48.48236" lon="-2.63517"></trkpt>
      <trkpt lat="48.48221" lon="-2.63477"></trkpt>
      <trkpt lat="48.48211" lon="-2.6345"></trkpt>
      <trkpt lat="48.48188" lon="-2.63397"></trkpt>
      <trkpt lat="48.48157" lon="-2.63332"></trkpt>
      <trkpt lat="48.48102" lon="-2.6321"></trkpt>
      <trkpt lat="48.48086" lon="-2.63168"></trkpt>
      <trkpt lat="48.48074" lon="-2.6313"></trkpt>
      <trkpt lat="48.48067" lon="-2.63099"></trkpt>
      <trkpt lat="48.48043" lon="-2.62967"></trkpt>
      <trkpt lat="48.47987" lon="-2.62656"></trkpt>
      <trkpt lat="48.47961" lon="-2.62521"></trkpt>
      <trkpt lat="48.47943" lon="-2.62439"></trkpt>
      <trkpt lat="48.47923" lon="-2.62334"></trkpt>
      <trkpt lat="48.47889" lon="-2.62133"></trkpt>
      <trkpt lat="48.47865" lon="-2.61998"></trkpt>
      <trkpt lat="48.47809" lon="-2.61701"></trkpt>
      <trkpt lat="48.47806" lon="-2.61672"></trkpt>
      <trkpt lat="48.47807" lon="-2.61648"></trkpt>
      <trkpt lat="48.47809" lon="-2.61628"></trkpt>
      <trkpt lat="48.47815" lon="-2.61608"></trkpt>
      <trkpt lat="48.47824" lon="-2.6159"></trkpt>
      <trkpt lat="48.47832" lon="-2.61577"></trkpt>
      <trkpt lat="48.47848" lon="-2.61562"></trkpt>
      <trkpt lat="48.47863" lon="-2.61552"></trkpt>
      <trkpt lat="48.4802" lon="-2.61497"></trkpt>
      <trkpt lat="48.48067" lon="-2.61475"></trkpt>
      <trkpt lat="48.48067" lon="-2.61475"></trkpt>
      <trkpt lat="48.48092" lon="-2.61454"></trkpt>
      <trkpt lat="48.48119" lon="-2.61429"></trkpt>
      <trkpt lat="48.4815" lon="-2.61394"></trkpt>
      <trkpt lat="48.482" lon="-2.61332"></trkpt>
      <trkpt lat="48.48213" lon="-2.61308"></trkpt>
      <trkpt lat="48.48219" lon="-2.61292"></trkpt>
      <trkpt lat="48.48228" lon="-2.61268"></trkpt>
      <trkpt lat="48.4823" lon="-2.61255"></trkpt>
      <trkpt lat="48.4823" lon="-2.61247"></trkpt>
      <trkpt lat="48.48229" lon="-2.61239"></trkpt>
      <trkpt lat="48.48227" lon="-2.61231"></trkpt>
      <trkpt lat="48.48222" lon="-2.6122"></trkpt>
      <trkpt lat="48.48215" lon="-2.61207"></trkpt>
      <trkpt lat="48.48109" lon="-2.61047"></trkpt>
      <trkpt lat="48.48082" lon="-2.60996"></trkpt>
      <trkpt lat="48.48062" lon="-2.60954"></trkpt>
      <trkpt lat="48.48031" lon="-2.60884"></trkpt>
      <trkpt lat="48.4802" lon="-2.60859"></trkpt>
      <trkpt lat="48.48014" lon="-2.60847"></trkpt>
      <trkpt lat="48.4801" lon="-2.60839"></trkpt>
      <trkpt lat="48.47985" lon="-2.60791"></trkpt>
      <trkpt lat="48.47917" lon="-2.60689"></trkpt>
      <trkpt lat="48.47834" lon="-2.60566"></trkpt>
      <trkpt lat="48.47811" lon="-2.60528"></trkpt>
      <trkpt lat="48.47789" lon="-2.60488"></trkpt>
      <trkpt lat="48.47755" lon="-2.60431"></trkpt>
      <trkpt lat="48.47785" lon="-2.60379"></trkpt>
      <trkpt lat="48.47794" lon="-2.6036"></trkpt>
      <trkpt lat="48.47799" lon="-2.60344"></trkpt>
      <trkpt lat="48.47803" lon="-2.60317"></trkpt>
      <trkpt lat="48.47803" lon="-2.60288"></trkpt>
      <trkpt lat="48.47803" lon="-2.60275"></trkpt>
      <trkpt lat="48.47791" lon="-2.60152"></trkpt>
      <trkpt lat="48.4779" lon="-2.60118"></trkpt>
      <trkpt lat="48.4779" lon="-2.60101"></trkpt>
      <trkpt lat="48.47792" lon="-2.60088"></trkpt>
      <trkpt lat="48.47797" lon="-2.60064"></trkpt>
      <trkpt lat="48.47806" lon="-2.60038"></trkpt>
      <trkpt lat="48.47834" lon="-2.5998"></trkpt>
      <trkpt lat="48.47919" lon="-2.59801"></trkpt>
      <trkpt lat="48.47948" lon="-2.59725"></trkpt>
      <trkpt lat="48.47951" lon="-2.59709"></trkpt>
      <trkpt lat="48.47958" lon="-2.59647"></trkpt>
      <trkpt lat="48.47955" lon="-2.59537"></trkpt>
      <trkpt lat="48.47934" lon="-2.59399"></trkpt>
      <trkpt lat="48.47914" lon="-2.59277"></trkpt>
      <trkpt lat="48.47914" lon="-2.59273"></trkpt>
      <trkpt lat="48.4791" lon="-2.59218"></trkpt>
      <trkpt lat="48.47911" lon="-2.5916"></trkpt>
      <trkpt lat="48.47915" lon="-2.59125"></trkpt>
      <trkpt lat="48.47926" lon="-2.59069"></trkpt>
      <trkpt lat="48.47938" lon="-2.5902"></trkpt>
      <trkpt lat="48.4799" lon="-2.58836"></trkpt>
      <trkpt lat="48.48023" lon="-2.58709"></trkpt>
      <trkpt lat="48.48056" lon="-2.58541"></trkpt>
      <trkpt lat="48.48068" lon="-2.58505"></trkpt>
      <trkpt lat="48.48078" lon="-2.58484"></trkpt>
      <trkpt lat="48.48087" lon="-2.58467"></trkpt>
      <trkpt lat="48.48104" lon="-2.58444"></trkpt>
      <trkpt lat="48.48119" lon="-2.58428"></trkpt>
      <trkpt lat="48.48136" lon="-2.58412"></trkpt>
      <trkpt lat="48.48117" lon="-2.58378"></trkpt>
      <trkpt lat="48.48102" lon="-2.58354"></trkpt>
      <trkpt lat="48.48098" lon="-2.5835"></trkpt>
      <trkpt lat="48.4808" lon="-2.58324"></trkpt>
      <trkpt lat="48.48069" lon="-2.58311"></trkpt>
      <trkpt lat="48.4804" lon="-2.58278"></trkpt>
      <trkpt lat="48.47995" lon="-2.5823"></trkpt>
      <trkpt lat="48.47968" lon="-2.58203"></trkpt>
      <trkpt lat="48.47947" lon="-2.58185"></trkpt>
      <trkpt lat="48.47935" lon="-2.58178"></trkpt>
      <trkpt lat="48.47924" lon="-2.58174"></trkpt>
      <trkpt lat="48.47912" lon="-2.58174"></trkpt>
      <trkpt lat="48.47897" lon="-2.58177"></trkpt>
      <trkpt lat="48.47881" lon="-2.5818"></trkpt>
      <trkpt lat="48.47873" lon="-2.58182"></trkpt>
      <trkpt lat="48.47842" lon="-2.58189"></trkpt>
      <trkpt lat="48.47828" lon="-2.58189"></trkpt>
      <trkpt lat="48.47814" lon="-2.58188"></trkpt>
      <trkpt lat="48.47806" lon="-2.58185"></trkpt>
      <trkpt lat="48.47735" lon="-2.58145"></trkpt>
      <trkpt lat="48.47702" lon="-2.58126"></trkpt>
      <trkpt lat="48.47693" lon="-2.58122"></trkpt>
      <trkpt lat="48.47682" lon="-2.58114"></trkpt>
      <trkpt lat="48.47663" lon="-2.58096"></trkpt>
      <trkpt lat="48.47659" lon="-2.58104"></trkpt>
      <trkpt lat="48.4765" lon="-2.58109"></trkpt>
      <trkpt lat="48.47644" lon="-2.58108"></trkpt>
      <trkpt lat="48.4764" lon="-2.58106"></trkpt>
      <trkpt lat="48.47637" lon="-2.58101"></trkpt>
      <trkpt lat="48.47634" lon="-2.5809"></trkpt>
      <trkpt lat="48.47633" lon="-2.58082"></trkpt>
      <trkpt lat="48.47634" lon="-2.58074"></trkpt>
      <trkpt lat="48.47636" lon="-2.5807"></trkpt>
      <trkpt lat="48.47638" lon="-2.58067"></trkpt>
      <trkpt lat="48.47644" lon="-2.58062"></trkpt>
      <trkpt lat="48.47638" lon="-2.58023"></trkpt>
      <trkpt lat="48.47632" lon="-2.57963"></trkpt>
      <trkpt lat="48.47627" lon="-2.57883"></trkpt>
      <trkpt lat="48.47616" lon="-2.57609"></trkpt>
      <trkpt lat="48.47613" lon="-2.5755"></trkpt>
      <trkpt lat="48.47611" lon="-2.57527"></trkpt>
      <trkpt lat="48.47605" lon="-2.57488"></trkpt>
      <trkpt lat="48.47598" lon="-2.57472"></trkpt>
      <trkpt lat="48.47594" lon="-2.57463"></trkpt>
      <trkpt lat="48.47582" lon="-2.57444"></trkpt>
      <trkpt lat="48.4756" lon="-2.57418"></trkpt>
      <trkpt lat="48.47568" lon="-2.57404"></trkpt>
      <trkpt lat="48.47582" lon="-2.57368"></trkpt>
      <trkpt lat="48.47583" lon="-2.57356"></trkpt>
      <trkpt lat="48.47586" lon="-2.5733"></trkpt>
      <trkpt lat="48.47586" lon="-2.5732"></trkpt>
      <trkpt lat="48.47572" lon="-2.57166"></trkpt>
      <trkpt lat="48.47564" lon="-2.5708"></trkpt>
      <trkpt lat="48.47552" lon="-2.56967"></trkpt>
      <trkpt lat="48.47538" lon="-2.56879"></trkpt>
      <trkpt lat="48.4753" lon="-2.56841"></trkpt>
      <trkpt lat="48.47507" lon="-2.56782"></trkpt>
      <trkpt lat="48.47506" lon="-2.5678"></trkpt>
      <trkpt lat="48.47488" lon="-2.56746"></trkpt>
      <trkpt lat="48.47479" lon="-2.56733"></trkpt>
      <trkpt lat="48.47472" lon="-2.56719"></trkpt>
      <trkpt lat="48.47461" lon="-2.56679"></trkpt>
      <trkpt lat="48.4746" lon="-2.56641"></trkpt>
      <trkpt lat="48.4746" lon="-2.56622"></trkpt>
      <trkpt lat="48.47467" lon="-2.56603"></trkpt>
      <trkpt lat="48.47473" lon="-2.56579"></trkpt>
      <trkpt lat="48.47478" lon="-2.56565"></trkpt>
      <trkpt lat="48.4749" lon="-2.56528"></trkpt>
      <trkpt lat="48.47498" lon="-2.56508"></trkpt>
      <trkpt lat="48.47504" lon="-2.56497"></trkpt>
      <trkpt lat="48.47518" lon="-2.56474"></trkpt>
      <trkpt lat="48.47578" lon="-2.56401"></trkpt>
      <trkpt lat="48.47582" lon="-2.56396"></trkpt>
      <trkpt lat="48.47594" lon="-2.56378"></trkpt>
      <trkpt lat="48.47597" lon="-2.56376"></trkpt>
      <trkpt lat="48.47598" lon="-2.56373"></trkpt>
      <trkpt lat="48.47603" lon="-2.56365"></trkpt>
      <trkpt lat="48.47623" lon="-2.56323"></trkpt>
      <trkpt lat="48.47648" lon="-2.56261"></trkpt>
      <trkpt lat="48.47657" lon="-2.56223"></trkpt>
      <trkpt lat="48.47663" lon="-2.5619"></trkpt>
      <trkpt lat="48.47666" lon="-2.56154"></trkpt>
      <trkpt lat="48.47666" lon="-2.5611"></trkpt>
      <trkpt lat="48.47664" lon="-2.56075"></trkpt>
      <trkpt lat="48.47659" lon="-2.56044"></trkpt>
      <trkpt lat="48.47645" lon="-2.56005"></trkpt>
      <trkpt lat="48.47644" lon="-2.56002"></trkpt>
      <trkpt lat="48.4763" lon="-2.55954"></trkpt>
      <trkpt lat="48.47607" lon="-2.55905"></trkpt>
      <trkpt lat="48.47561" lon="-2.5582"></trkpt>
      <trkpt lat="48.47554" lon="-2.55808"></trkpt>
      <trkpt lat="48.4754" lon="-2.55785"></trkpt>
      <trkpt lat="48.47501" lon="-2.55717"></trkpt>
      <trkpt lat="48.47445" lon="-2.55618"></trkpt>
      <trkpt lat="48.47409" lon="-2.55557"></trkpt>
      <trkpt lat="48.47322" lon="-2.55398"></trkpt>
      <trkpt lat="48.47297" lon="-2.55357"></trkpt>
      <trkpt lat="48.4728" lon="-2.55329"></trkpt>
      <trkpt lat="48.4726" lon="-2.55298"></trkpt>
      <trkpt lat="48.47215" lon="-2.55219"></trkpt>
      <trkpt lat="48.47194" lon="-2.55177"></trkpt>
      <trkpt lat="48.47168" lon="-2.5512"></trkpt>
      <trkpt lat="48.47165" lon="-2.55114"></trkpt>
      <trkpt lat="48.47153" lon="-2.55078"></trkpt>
      <trkpt lat="48.47148" lon="-2.55061"></trkpt>
      <trkpt lat="48.47143" lon="-2.55049"></trkpt>
      <trkpt lat="48.47133" lon="-2.55027"></trkpt>
      <trkpt lat="48.47127" lon="-2.55013"></trkpt>
      <trkpt lat="48.47103" lon="-2.54947"></trkpt>
      <trkpt lat="48.47099" lon="-2.54934"></trkpt>
      <trkpt lat="48.47092" lon="-2.54912"></trkpt>
      <trkpt lat="48.47088" lon="-2.54907"></trkpt>
      <trkpt lat="48.47082" lon="-2.54883"></trkpt>
      <trkpt lat="48.47072" lon="-2.54846"></trkpt>
      <trkpt lat="48.47064" lon="-2.54808"></trkpt>
      <trkpt lat="48.47053" lon="-2.54756"></trkpt>
      <trkpt lat="48.47043" lon="-2.54723"></trkpt>
      <trkpt lat="48.47027" lon="-2.54669"></trkpt>
      <trkpt lat="48.46994" lon="-2.54568"></trkpt>
      <trkpt lat="48.4698" lon="-2.54528"></trkpt>
      <trkpt lat="48.46975" lon="-2.54515"></trkpt>
      <trkpt lat="48.46969" lon="-2.54505"></trkpt>
      <trkpt lat="48.46963" lon="-2.54498"></trkpt>
      <trkpt lat="48.46948" lon="-2.54488"></trkpt>
      <trkpt lat="48.46943" lon="-2.54486"></trkpt>
      <trkpt lat="48.46939" lon="-2.54483"></trkpt>
      <trkpt lat="48.46927" lon="-2.54489"></trkpt>
      <trkpt lat="48.4692" lon="-2.54489"></trkpt>
      <trkpt lat="48.46916" lon="-2.54489"></trkpt>
      <trkpt lat="48.46911" lon="-2.54486"></trkpt>
      <trkpt lat="48.46908" lon="-2.54484"></trkpt>
      <trkpt lat="48.46901" lon="-2.54476"></trkpt>
      <trkpt lat="48.46895" lon="-2.54465"></trkpt>
      <trkpt lat="48.46892" lon="-2.5445"></trkpt>
      <trkpt lat="48.46892" lon="-2.54436"></trkpt>
      <trkpt lat="48.46895" lon="-2.54423"></trkpt>
      <trkpt lat="48.46903" lon="-2.54408"></trkpt>
      <trkpt lat="48.46911" lon="-2.54401"></trkpt>
      <trkpt lat="48.46918" lon="-2.54398"></trkpt>
      <trkpt lat="48.46925" lon="-2.54398"></trkpt>
      <trkpt lat="48.4694" lon="-2.54404"></trkpt>
      <trkpt lat="48.46974" lon="-2.54372"></trkpt>
      <trkpt lat="48.4698" lon="-2.54343"></trkpt>
      <trkpt lat="48.46995" lon="-2.54236"></trkpt>
      <trkpt lat="48.47017" lon="-2.54146"></trkpt>
      <trkpt lat="48.47037" lon="-2.54065"></trkpt>
      <trkpt lat="48.47056" lon="-2.53993"></trkpt>
      <trkpt lat="48.47085" lon="-2.53887"></trkpt>
      <trkpt lat="48.47168" lon="-2.53593"></trkpt>
      <trkpt lat="48.47181" lon="-2.53547"></trkpt>
      <trkpt lat="48.47189" lon="-2.53519"></trkpt>
      <trkpt lat="48.47211" lon="-2.53425"></trkpt>
      <trkpt lat="48.47229" lon="-2.53342"></trkpt>
      <trkpt lat="48.47258" lon="-2.53209"></trkpt>
      <trkpt lat="48.47289" lon="-2.53063"></trkpt>
      <trkpt lat="48.47372" lon="-2.52686"></trkpt>
      <trkpt lat="48.47375" lon="-2.52673"></trkpt>
      <trkpt lat="48.47398" lon="-2.52582"></trkpt>
      <trkpt lat="48.47415" lon="-2.52526"></trkpt>
      <trkpt lat="48.47427" lon="-2.52495"></trkpt>
      <trkpt lat="48.47436" lon="-2.52476"></trkpt>
      <trkpt lat="48.47446" lon="-2.5246"></trkpt>
      <trkpt lat="48.47463" lon="-2.52436"></trkpt>
      <trkpt lat="48.47488" lon="-2.52397"></trkpt>
      <trkpt lat="48.47542" lon="-2.52317"></trkpt>
      <trkpt lat="48.47566" lon="-2.52283"></trkpt>
      <trkpt lat="48.47589" lon="-2.52251"></trkpt>
      <trkpt lat="48.47594" lon="-2.52245"></trkpt>
      <trkpt lat="48.47618" lon="-2.5221"></trkpt>
      <trkpt lat="48.47638" lon="-2.5218"></trkpt>
      <trkpt lat="48.47654" lon="-2.52159"></trkpt>
      <trkpt lat="48.47709" lon="-2.5208"></trkpt>
      <trkpt lat="48.47732" lon="-2.52046"></trkpt>
      <trkpt lat="48.47803" lon="-2.51948"></trkpt>
      <trkpt lat="48.4797" lon="-2.51702"></trkpt>
      <trkpt lat="48.47993" lon="-2.51658"></trkpt>
      <trkpt lat="48.48008" lon="-2.516"></trkpt>
      <trkpt lat="48.48018" lon="-2.51551"></trkpt>
      <trkpt lat="48.48027" lon="-2.51495"></trkpt>
      <trkpt lat="48.48038" lon="-2.51452"></trkpt>
      <trkpt lat="48.48047" lon="-2.51428"></trkpt>
      <trkpt lat="48.48049" lon="-2.51424"></trkpt>
      <trkpt lat="48.48064" lon="-2.51398"></trkpt>
      <trkpt lat="48.4806" lon="-2.51391"></trkpt>
      <trkpt lat="48.48056" lon="-2.51383"></trkpt>
      <trkpt lat="48.48054" lon="-2.51375"></trkpt>
      <trkpt lat="48.48053" lon="-2.51367"></trkpt>
      <trkpt lat="48.48052" lon="-2.51356"></trkpt>
      <trkpt lat="48.48053" lon="-2.51345"></trkpt>
      <trkpt lat="48.48056" lon="-2.51334"></trkpt>
      <trkpt lat="48.4806" lon="-2.51325"></trkpt>
      <trkpt lat="48.48067" lon="-2.51315"></trkpt>
      <trkpt lat="48.48072" lon="-2.51312"></trkpt>
      <trkpt lat="48.48078" lon="-2.51309"></trkpt>
      <trkpt lat="48.48084" lon="-2.51308"></trkpt>
      <trkpt lat="48.48091" lon="-2.51308"></trkpt>
      <trkpt lat="48.48102" lon="-2.51313"></trkpt>
      <trkpt lat="48.4811" lon="-2.51322"></trkpt>
      <trkpt lat="48.48113" lon="-2.51327"></trkpt>
      <trkpt lat="48.48116" lon="-2.51336"></trkpt>
      <trkpt lat="48.48118" lon="-2.51346"></trkpt>
      <trkpt lat="48.48119" lon="-2.51357"></trkpt>
      <trkpt lat="48.48137" lon="-2.51346"></trkpt>
      <trkpt lat="48.48141" lon="-2.51341"></trkpt>
      <trkpt lat="48.48146" lon="-2.51334"></trkpt>
      <trkpt lat="48.48148" lon="-2.5133"></trkpt>
      <trkpt lat="48.48149" lon="-2.51325"></trkpt>
      <trkpt lat="48.48151" lon="-2.51317"></trkpt>
      <trkpt lat="48.48151" lon="-2.51285"></trkpt>
      <trkpt lat="48.48151" lon="-2.51275"></trkpt>
      <trkpt lat="48.48153" lon="-2.51258"></trkpt>
      <trkpt lat="48.4816" lon="-2.51228"></trkpt>
      <trkpt lat="48.48186" lon="-2.51153"></trkpt>
      <trkpt lat="48.48196" lon="-2.5113"></trkpt>
      <trkpt lat="48.48201" lon="-2.5112"></trkpt>
      <trkpt lat="48.4821" lon="-2.51109"></trkpt>
      <trkpt lat="48.48222" lon="-2.51097"></trkpt>
      <trkpt lat="48.48233" lon="-2.5109"></trkpt>
      <trkpt lat="48.48248" lon="-2.51087"></trkpt>
      <trkpt lat="48.48278" lon="-2.5108"></trkpt>
      <trkpt lat="48.48292" lon="-2.51074"></trkpt>
      <trkpt lat="48.48299" lon="-2.5107"></trkpt>
      <trkpt lat="48.48313" lon="-2.5106"></trkpt>
      <trkpt lat="48.4833" lon="-2.51042"></trkpt>
      <trkpt lat="48.48391" lon="-2.5096"></trkpt>
      <trkpt lat="48.48424" lon="-2.5092"></trkpt>
      <trkpt lat="48.48449" lon="-2.50897"></trkpt>
      <trkpt lat="48.48515" lon="-2.50848"></trkpt>
      <trkpt lat="48.48528" lon="-2.50835"></trkpt>
      <trkpt lat="48.48546" lon="-2.50814"></trkpt>
      <trkpt lat="48.4857" lon="-2.50779"></trkpt>
      <trkpt lat="48.48589" lon="-2.50747"></trkpt>
      <trkpt lat="48.4861" lon="-2.50708"></trkpt>
      <trkpt lat="48.48624" lon="-2.50681"></trkpt>
      <trkpt lat="48.48651" lon="-2.50625"></trkpt>
      <trkpt lat="48.48701" lon="-2.50512"></trkpt>
      <trkpt lat="48.48714" lon="-2.50488"></trkpt>
      <trkpt lat="48.48715" lon="-2.50486"></trkpt>
      <trkpt lat="48.4874" lon="-2.5045"></trkpt>
      <trkpt lat="48.48785" lon="-2.50396"></trkpt>
      <trkpt lat="48.48816" lon="-2.50365"></trkpt>
      <trkpt lat="48.48846" lon="-2.50342"></trkpt>
      <trkpt lat="48.48891" lon="-2.50316"></trkpt>
      <trkpt lat="48.48903" lon="-2.50306"></trkpt>
      <trkpt lat="48.48919" lon="-2.50294"></trkpt>
      <trkpt lat="48.48944" lon="-2.50273"></trkpt>
      <trkpt lat="48.48963" lon="-2.50245"></trkpt>
      <trkpt lat="48.49015" lon="-2.50141"></trkpt>
      <trkpt lat="48.49022" lon="-2.5013"></trkpt>
      <trkpt lat="48.49063" lon="-2.50076"></trkpt>
      <trkpt lat="48.49132" lon="-2.50015"></trkpt>
      <trkpt lat="48.49154" lon="-2.49998"></trkpt>
      <trkpt lat="48.49181" lon="-2.49986"></trkpt>
      <trkpt lat="48.49203" lon="-2.49977"></trkpt>
      <trkpt lat="48.49246" lon="-2.49966"></trkpt>
      <trkpt lat="48.4933" lon="-2.49955"></trkpt>
      <trkpt lat="48.49365" lon="-2.49946"></trkpt>
      <trkpt lat="48.49375" lon="-2.49943"></trkpt>
      <trkpt lat="48.49386" lon="-2.4994"></trkpt>
      <trkpt lat="48.49453" lon="-2.49916"></trkpt>
      <trkpt lat="48.49504" lon="-2.49893"></trkpt>
      <trkpt lat="48.49539" lon="-2.49874"></trkpt>
      <trkpt lat="48.49598" lon="-2.49837"></trkpt>
      <trkpt lat="48.49685" lon="-2.49775"></trkpt>
      <trkpt lat="48.49717" lon="-2.4975"></trkpt>
      <trkpt lat="48.49756" lon="-2.49715"></trkpt>
      <trkpt lat="48.49787" lon="-2.49684"></trkpt>
      <trkpt lat="48.49813" lon="-2.49653"></trkpt>
      <trkpt lat="48.49839" lon="-2.49617"></trkpt>
      <trkpt lat="48.49899" lon="-2.49541"></trkpt>
      <trkpt lat="48.49954" lon="-2.49479"></trkpt>
      <trkpt lat="48.49994" lon="-2.49445"></trkpt>
      <trkpt lat="48.50029" lon="-2.49418"></trkpt>
      <trkpt lat="48.50114" lon="-2.49377"></trkpt>
      <trkpt lat="48.50167" lon="-2.49347"></trkpt>
      <trkpt lat="48.50216" lon="-2.49323"></trkpt>
      <trkpt lat="48.50263" lon="-2.49294"></trkpt>
      <trkpt lat="48.50316" lon="-2.49252"></trkpt>
      <trkpt lat="48.5033" lon="-2.4924"></trkpt>
      <trkpt lat="48.50365" lon="-2.4921"></trkpt>
      <trkpt lat="48.504" lon="-2.49188"></trkpt>
      <trkpt lat="48.50434" lon="-2.49171"></trkpt>
      <trkpt lat="48.5049" lon="-2.49139"></trkpt>
      <trkpt lat="48.50572" lon="-2.49092"></trkpt>
      <trkpt lat="48.50597" lon="-2.49075"></trkpt>
      <trkpt lat="48.50636" lon="-2.49044"></trkpt>
      <trkpt lat="48.50661" lon="-2.49023"></trkpt>
      <trkpt lat="48.50708" lon="-2.48989"></trkpt>
      <trkpt lat="48.50726" lon="-2.4898"></trkpt>
      <trkpt lat="48.50744" lon="-2.48973"></trkpt>
      <trkpt lat="48.50747" lon="-2.48972"></trkpt>
      <trkpt lat="48.50832" lon="-2.48959"></trkpt>
      <trkpt lat="48.50855" lon="-2.48951"></trkpt>
      <trkpt lat="48.509" lon="-2.48927"></trkpt>
      <trkpt lat="48.50914" lon="-2.48918"></trkpt>
      <trkpt lat="48.50942" lon="-2.489"></trkpt>
      <trkpt lat="48.50952" lon="-2.48892"></trkpt>
      <trkpt lat="48.5097" lon="-2.48872"></trkpt>
      <trkpt lat="48.50971" lon="-2.48871"></trkpt>
      <trkpt lat="48.50981" lon="-2.48853"></trkpt>
      <trkpt lat="48.5099" lon="-2.48839"></trkpt>
      <trkpt lat="48.50991" lon="-2.48837"></trkpt>
      <trkpt lat="48.50999" lon="-2.48829"></trkpt>
      <trkpt lat="48.51007" lon="-2.48824"></trkpt>
      <trkpt lat="48.51044" lon="-2.48812"></trkpt>
      <trkpt lat="48.51067" lon="-2.48801"></trkpt>
      <trkpt lat="48.51105" lon="-2.48782"></trkpt>
      <trkpt lat="48.51113" lon="-2.48781"></trkpt>
      <trkpt lat="48.51145" lon="-2.48785"></trkpt>
      <trkpt lat="48.51176" lon="-2.48786"></trkpt>
      <trkpt lat="48.51208" lon="-2.4878"></trkpt>
      <trkpt lat="48.51213" lon="-2.48778"></trkpt>
      <trkpt lat="48.51321" lon="-2.48731"></trkpt>
      <trkpt lat="48.5133" lon="-2.48728"></trkpt>
      <trkpt lat="48.51381" lon="-2.48711"></trkpt>
      <trkpt lat="48.51405" lon="-2.48705"></trkpt>
      <trkpt lat="48.51446" lon="-2.48704"></trkpt>
      <trkpt lat="48.51467" lon="-2.48706"></trkpt>
      <trkpt lat="48.51479" lon="-2.48708"></trkpt>
      <trkpt lat="48.51537" lon="-2.48718"></trkpt>
      <trkpt lat="48.51556" lon="-2.48718"></trkpt>
      <trkpt lat="48.51563" lon="-2.48717"></trkpt>
      <trkpt lat="48.5158" lon="-2.48712"></trkpt>
      <trkpt lat="48.51584" lon="-2.48711"></trkpt>
      <trkpt lat="48.51589" lon="-2.48709"></trkpt>
      <trkpt lat="48.51603" lon="-2.48703"></trkpt>
      <trkpt lat="48.51625" lon="-2.48689"></trkpt>
      <trkpt lat="48.5169" lon="-2.48643"></trkpt>
      <trkpt lat="48.51702" lon="-2.48636"></trkpt>
      <trkpt lat="48.51722" lon="-2.48631"></trkpt>
      <trkpt lat="48.51731" lon="-2.48631"></trkpt>
      <trkpt lat="48.51778" lon="-2.48647"></trkpt>
      <trkpt lat="48.51794" lon="-2.4865"></trkpt>
      <trkpt lat="48.51803" lon="-2.48646"></trkpt>
      <trkpt lat="48.51833" lon="-2.48626"></trkpt>
      <trkpt lat="48.51847" lon="-2.48614"></trkpt>
      <trkpt lat="48.51878" lon="-2.4858"></trkpt>
      <trkpt lat="48.51902" lon="-2.4855"></trkpt>
      <trkpt lat="48.51916" lon="-2.4853"></trkpt>
      <trkpt lat="48.51947" lon="-2.48495"></trkpt>
      <trkpt lat="48.51961" lon="-2.48485"></trkpt>
      <trkpt lat="48.51975" lon="-2.48479"></trkpt>
      <trkpt lat="48.51995" lon="-2.48476"></trkpt>
      <trkpt lat="48.52012" lon="-2.48476"></trkpt>
      <trkpt lat="48.52026" lon="-2.48477"></trkpt>
      <trkpt lat="48.52054" lon="-2.48477"></trkpt>
      <trkpt lat="48.52101" lon="-2.48467"></trkpt>
      <trkpt lat="48.52141" lon="-2.48455"></trkpt>
      <trkpt lat="48.52154" lon="-2.48445"></trkpt>
      <trkpt lat="48.52192" lon="-2.48404"></trkpt>
      <trkpt lat="48.52202" lon="-2.4839"></trkpt>
      <trkpt lat="48.52219" lon="-2.48371"></trkpt>
      <trkpt lat="48.52282" lon="-2.48333"></trkpt>
      <trkpt lat="48.52304" lon="-2.48324"></trkpt>
      <trkpt lat="48.52377" lon="-2.48291"></trkpt>
      <trkpt lat="48.52389" lon="-2.48286"></trkpt>
      <trkpt lat="48.52403" lon="-2.48277"></trkpt>
      <trkpt lat="48.52414" lon="-2.48267"></trkpt>
      <trkpt lat="48.5243" lon="-2.48249"></trkpt>
      <trkpt lat="48.52441" lon="-2.48237"></trkpt>
      <trkpt lat="48.52465" lon="-2.48208"></trkpt>
      <trkpt lat="48.52496" lon="-2.48163"></trkpt>
      <trkpt lat="48.5255" lon="-2.48077"></trkpt>
      <trkpt lat="48.52657" lon="-2.47908"></trkpt>
      <trkpt lat="48.52682" lon="-2.47871"></trkpt>
      <trkpt lat="48.52706" lon="-2.47845"></trkpt>
      <trkpt lat="48.52814" lon="-2.47747"></trkpt>
      <trkpt lat="48.52839" lon="-2.47731"></trkpt>
      <trkpt lat="48.52867" lon="-2.47716"></trkpt>
      <trkpt lat="48.52997" lon="-2.47645"></trkpt>
      <trkpt lat="48.53038" lon="-2.47621"></trkpt>
      <trkpt lat="48.53066" lon="-2.47617"></trkpt>
      <trkpt lat="48.53079" lon="-2.47616"></trkpt>
      <trkpt lat="48.53099" lon="-2.47624"></trkpt>
      <trkpt lat="48.5312" lon="-2.47629"></trkpt>
      <trkpt lat="48.53125" lon="-2.4763"></trkpt>
      <trkpt lat="48.53142" lon="-2.47636"></trkpt>
      <trkpt lat="48.53152" lon="-2.47637"></trkpt>
      <trkpt lat="48.53165" lon="-2.47637"></trkpt>
      <trkpt lat="48.53172" lon="-2.47637"></trkpt>
      <trkpt lat="48.53187" lon="-2.47633"></trkpt>
      <trkpt lat="48.53202" lon="-2.47625"></trkpt>
      <trkpt lat="48.53226" lon="-2.47608"></trkpt>
      <trkpt lat="48.53236" lon="-2.47595"></trkpt>
      <trkpt lat="48.53247" lon="-2.47582"></trkpt>
      <trkpt lat="48.53253" lon="-2.47574"></trkpt>
      <trkpt lat="48.53293" lon="-2.47515"></trkpt>
      <trkpt lat="48.53305" lon="-2.47495"></trkpt>
      <trkpt lat="48.53326" lon="-2.47453"></trkpt>
      <trkpt lat="48.53351" lon="-2.47394"></trkpt>
      <trkpt lat="48.53359" lon="-2.47376"></trkpt>
      <trkpt lat="48.53367" lon="-2.47365"></trkpt>
      <trkpt lat="48.53382" lon="-2.47347"></trkpt>
      <trkpt lat="48.53498" lon="-2.47249"></trkpt>
      <trkpt lat="48.53524" lon="-2.47226"></trkpt>
      <trkpt lat="48.53542" lon="-2.47213"></trkpt>
      <trkpt lat="48.53641" lon="-2.47131"></trkpt>
      <trkpt lat="48.53749" lon="-2.47041"></trkpt>
      <trkpt lat="48.5376" lon="-2.47033"></trkpt>
      <trkpt lat="48.53832" lon="-2.46977"></trkpt>
      <trkpt lat="48.53845" lon="-2.46968"></trkpt>
      <trkpt lat="48.53933" lon="-2.46897"></trkpt>
      <trkpt lat="48.53965" lon="-2.46865"></trkpt>
      <trkpt lat="48.54028" lon="-2.46794"></trkpt>
      <trkpt lat="48.54087" lon="-2.46708"></trkpt>
      <trkpt lat="48.54125" lon="-2.46642"></trkpt>
      <trkpt lat="48.54139" lon="-2.46628"></trkpt>
      <trkpt lat="48.5416" lon="-2.46617"></trkpt>
      <trkpt lat="48.54163" lon="-2.46616"></trkpt>
      <trkpt lat="48.54181" lon="-2.4661"></trkpt>
      <trkpt lat="48.54222" lon="-2.46596"></trkpt>
      <trkpt lat="48.54284" lon="-2.46568"></trkpt>
      <trkpt lat="48.543" lon="-2.46563"></trkpt>
      <trkpt lat="48.54322" lon="-2.4656"></trkpt>
      <trkpt lat="48.54346" lon="-2.4656"></trkpt>
      <trkpt lat="48.5438" lon="-2.46564"></trkpt>
      <trkpt lat="48.54455" lon="-2.46561"></trkpt>
      <trkpt lat="48.5449" lon="-2.46555"></trkpt>
      <trkpt lat="48.54546" lon="-2.46525"></trkpt>
      <trkpt lat="48.54555" lon="-2.4652"></trkpt>
      <trkpt lat="48.54574" lon="-2.465"></trkpt>
      <trkpt lat="48.54616" lon="-2.4644"></trkpt>
      <trkpt lat="48.54648" lon="-2.4639"></trkpt>
      <trkpt lat="48.54628" lon="-2.46338"></trkpt>
      <trkpt lat="48.54565" lon="-2.4614"></trkpt>
      <trkpt lat="48.54554" lon="-2.46094"></trkpt>
      <trkpt lat="48.54536" lon="-2.46021"></trkpt>
      <trkpt lat="48.54505" lon="-2.459"></trkpt>
      <trkpt lat="48.545" lon="-2.45879"></trkpt>
      <trkpt lat="48.54491" lon="-2.4585"></trkpt>
      <trkpt lat="48.54477" lon="-2.45812"></trkpt>
      <trkpt lat="48.54463" lon="-2.45776"></trkpt>
      <trkpt lat="48.54453" lon="-2.4574"></trkpt>
      <trkpt lat="48.54442" lon="-2.45683"></trkpt>
      <trkpt lat="48.54423" lon="-2.45565"></trkpt>
      <trkpt lat="48.5441" lon="-2.45517"></trkpt>
      <trkpt lat="48.54391" lon="-2.45492"></trkpt>
      <trkpt lat="48.54379" lon="-2.45423"></trkpt>
      <trkpt lat="48.54375" lon="-2.45396"></trkpt>
      <trkpt lat="48.54329" lon="-2.45065"></trkpt>
      <trkpt lat="48.54321" lon="-2.45015"></trkpt>
      <trkpt lat="48.54287" lon="-2.44798"></trkpt>
      <trkpt lat="48.54273" lon="-2.44716"></trkpt>
      <trkpt lat="48.54265" lon="-2.44646"></trkpt>
      <trkpt lat="48.54262" lon="-2.44612"></trkpt>
      <trkpt lat="48.5426" lon="-2.44579"></trkpt>
      <trkpt lat="48.54264" lon="-2.44497"></trkpt>
      <trkpt lat="48.54279" lon="-2.44355"></trkpt>
      <trkpt lat="48.54285" lon="-2.44311"></trkpt>
      <trkpt lat="48.54289" lon="-2.44276"></trkpt>
      <trkpt lat="48.5429" lon="-2.44247"></trkpt>
      <trkpt lat="48.54283" lon="-2.44222"></trkpt>
      <trkpt lat="48.54257" lon="-2.44161"></trkpt>
      <trkpt lat="48.54235" lon="-2.44108"></trkpt>
      <trkpt lat="48.54226" lon="-2.44082"></trkpt>
      <trkpt lat="48.54212" lon="-2.44038"></trkpt>
      <trkpt lat="48.54207" lon="-2.44022"></trkpt>
      <trkpt lat="48.54198" lon="-2.43982"></trkpt>
      <trkpt lat="48.54184" lon="-2.43917"></trkpt>
      <trkpt lat="48.5418" lon="-2.43896"></trkpt>
      <trkpt lat="48.54178" lon="-2.43884"></trkpt>
      <trkpt lat="48.54156" lon="-2.43783"></trkpt>
      <trkpt lat="48.54141" lon="-2.43725"></trkpt>
      <trkpt lat="48.54129" lon="-2.43688"></trkpt>
      <trkpt lat="48.54123" lon="-2.43671"></trkpt>
      <trkpt lat="48.54118" lon="-2.43664"></trkpt>
      <trkpt lat="48.54109" lon="-2.43637"></trkpt>
      <trkpt lat="48.54099" lon="-2.43609"></trkpt>
      <trkpt lat="48.54079" lon="-2.43556"></trkpt>
      <trkpt lat="48.5409" lon="-2.43516"></trkpt>
      <trkpt lat="48.54093" lon="-2.43499"></trkpt>
      <trkpt lat="48.54094" lon="-2.43488"></trkpt>
      <trkpt lat="48.54073" lon="-2.43375"></trkpt>
      <trkpt lat="48.54063" lon="-2.43344"></trkpt>
      <trkpt lat="48.54082" lon="-2.43323"></trkpt>
      <trkpt lat="48.54098" lon="-2.43309"></trkpt>
    </trkseg>
  </trk>
</gpx>
