<?xml version="1.0" encoding="UTF-8" standalone="yes"?>
<gpx xmlns="http://www.topografix.com/GPX/1/1" xmlns:tt="TT" version="1.1" creator="TomTom MyDrive">
    <wpt lat="48.540978" lon="-2.433086">
        <type>TT_HARD</type>
    </wpt>
    <wpt lat="48.350607" lon="-2.549814">
        <type>TT_HARD</type>
    </wpt>
    <wpt lat="48.302158" lon="-2.900676">
        <type>TT_HARD</type>
    </wpt>
    <wpt lat="48.2118" lon="-3.0499">
        <type>TT_HARD</type>
    </wpt>
    <rte>
        <name>ROAD TRIP 12 09 - MATIN</name>
        <rtept lat="48.540978" lon="-2.433086">
            <type>TT_HARD</type>
        </rtept>
        <rtept lat="48.350607" lon="-2.549814">
            <type>TT_HARD</type>
        </rtept>
        <rtept lat="48.302158" lon="-2.900676">
            <type>TT_HARD</type>
        </rtept>
        <rtept lat="48.2118" lon="-3.0499">
            <type>TT_HARD</type>
        </rtept>
    </rte>
    <trk>
        <name>ROAD TRIP 12 09 - MATIN</name>
        <trkseg>
            <trkpt lat="48.54098" lon="-2.43309"/>
            <trkpt lat="48.54082" lon="-2.43323"/>
            <trkpt lat="48.54063" lon="-2.43344"/>
            <trkpt lat="48.54046" lon="-2.43355"/>
            <trkpt lat="48.54015" lon="-2.43368"/>
            <trkpt lat="48.53979" lon="-2.43377"/>
            <trkpt lat="48.53914" lon="-2.43394"/>
            <trkpt lat="48.53904" lon="-2.43394"/>
            <trkpt lat="48.53897" lon="-2.43391"/>
            <trkpt lat="48.53891" lon="-2.43387"/>
            <trkpt lat="48.53871" lon="-2.43394"/>
            <trkpt lat="48.53855" lon="-2.43404"/>
            <trkpt lat="48.53826" lon="-2.43426"/>
            <trkpt lat="48.53784" lon="-2.43451"/>
            <trkpt lat="48.53773" lon="-2.43457"/>
            <trkpt lat="48.5376" lon="-2.43463"/>
            <trkpt lat="48.53748" lon="-2.43469"/>
            <trkpt lat="48.53688" lon="-2.43502"/>
            <trkpt lat="48.53663" lon="-2.43513"/>
            <trkpt lat="48.53657" lon="-2.43516"/>
            <trkpt lat="48.53633" lon="-2.43526"/>
            <trkpt lat="48.53597" lon="-2.43539"/>
            <trkpt lat="48.5349" lon="-2.43588"/>
            <trkpt lat="48.53479" lon="-2.43594"/>
            <trkpt lat="48.53439" lon="-2.43616"/>
            <trkpt lat="48.53412" lon="-2.43636"/>
            <trkpt lat="48.53339" lon="-2.437"/>
            <trkpt lat="48.53305" lon="-2.43726"/>
            <trkpt lat="48.5328" lon="-2.43742"/>
            <trkpt lat="48.53246" lon="-2.43768"/>
            <trkpt lat="48.53232" lon="-2.43781"/>
            <trkpt lat="48.53185" lon="-2.43845"/>
            <trkpt lat="48.53167" lon="-2.43865"/>
            <trkpt lat="48.53155" lon="-2.43876"/>
            <trkpt lat="48.53136" lon="-2.43888"/>
            <trkpt lat="48.53123" lon="-2.43896"/>
            <trkpt lat="48.53106" lon="-2.43907"/>
            <trkpt lat="48.53073" lon="-2.43926"/>
            <trkpt lat="48.53053" lon="-2.43938"/>
            <trkpt lat="48.53035" lon="-2.43953"/>
            <trkpt lat="48.52968" lon="-2.44018"/>
            <trkpt lat="48.52935" lon="-2.44043"/>
            <trkpt lat="48.52886" lon="-2.44073"/>
            <trkpt lat="48.52814" lon="-2.4412"/>
            <trkpt lat="48.52758" lon="-2.4415"/>
            <trkpt lat="48.52746" lon="-2.44156"/>
            <trkpt lat="48.52616" lon="-2.44218"/>
            <trkpt lat="48.52574" lon="-2.44241"/>
            <trkpt lat="48.52551" lon="-2.44254"/>
            <trkpt lat="48.52531" lon="-2.44271"/>
            <trkpt lat="48.52496" lon="-2.44308"/>
            <trkpt lat="48.52385" lon="-2.44461"/>
            <trkpt lat="48.5234" lon="-2.44528"/>
            <trkpt lat="48.52315" lon="-2.44555"/>
            <trkpt lat="48.52271" lon="-2.44592"/>
            <trkpt lat="48.52251" lon="-2.44607"/>
            <trkpt lat="48.52204" lon="-2.44631"/>
            <trkpt lat="48.52182" lon="-2.44639"/>
            <trkpt lat="48.52119" lon="-2.44659"/>
            <trkpt lat="48.52076" lon="-2.44676"/>
            <trkpt lat="48.52059" lon="-2.44683"/>
            <trkpt lat="48.52013" lon="-2.44706"/>
            <trkpt lat="48.5191" lon="-2.44762"/>
            <trkpt lat="48.51861" lon="-2.44794"/>
            <trkpt lat="48.51796" lon="-2.44844"/>
            <trkpt lat="48.51766" lon="-2.44863"/>
            <trkpt lat="48.51749" lon="-2.44869"/>
            <trkpt lat="48.51655" lon="-2.44888"/>
            <trkpt lat="48.51646" lon="-2.4489"/>
            <trkpt lat="48.51628" lon="-2.44892"/>
            <trkpt lat="48.51612" lon="-2.44891"/>
            <trkpt lat="48.51563" lon="-2.4488"/>
            <trkpt lat="48.51563" lon="-2.4488"/>
            <trkpt lat="48.51551" lon="-2.44881"/>
            <trkpt lat="48.51542" lon="-2.44882"/>
            <trkpt lat="48.51536" lon="-2.44884"/>
            <trkpt lat="48.51523" lon="-2.4489"/>
            <trkpt lat="48.51509" lon="-2.44899"/>
            <trkpt lat="48.51504" lon="-2.44902"/>
            <trkpt lat="48.51447" lon="-2.4495"/>
            <trkpt lat="48.51401" lon="-2.44979"/>
            <trkpt lat="48.51348" lon="-2.45007"/>
            <trkpt lat="48.51331" lon="-2.45013"/>
            <trkpt lat="48.51325" lon="-2.45013"/>
            <trkpt lat="48.51319" lon="-2.45011"/>
            <trkpt lat="48.51315" lon="-2.45008"/>
            <trkpt lat="48.51313" lon="-2.45005"/>
            <trkpt lat="48.51238" lon="-2.45077"/>
            <trkpt lat="48.51214" lon="-2.451"/>
            <trkpt lat="48.51183" lon="-2.45132"/>
            <trkpt lat="48.51163" lon="-2.45149"/>
            <trkpt lat="48.51095" lon="-2.45209"/>
            <trkpt lat="48.50996" lon="-2.4529"/>
            <trkpt lat="48.50985" lon="-2.45299"/>
            <trkpt lat="48.50791" lon="-2.45467"/>
            <trkpt lat="48.50737" lon="-2.45516"/>
            <trkpt lat="48.50669" lon="-2.4558"/>
            <trkpt lat="48.50644" lon="-2.45608"/>
            <trkpt lat="48.5061" lon="-2.45651"/>
            <trkpt lat="48.50569" lon="-2.45708"/>
            <trkpt lat="48.5053" lon="-2.45771"/>
            <trkpt lat="48.50491" lon="-2.45838"/>
            <trkpt lat="48.50445" lon="-2.45915"/>
            <trkpt lat="48.50429" lon="-2.45941"/>
            <trkpt lat="48.50402" lon="-2.45992"/>
            <trkpt lat="48.50392" lon="-2.46013"/>
            <trkpt lat="48.50383" lon="-2.46028"/>
            <trkpt lat="48.50369" lon="-2.46048"/>
            <trkpt lat="48.50341" lon="-2.46094"/>
            <trkpt lat="48.50329" lon="-2.46113"/>
            <trkpt lat="48.50323" lon="-2.46123"/>
            <trkpt lat="48.50305" lon="-2.46154"/>
            <trkpt lat="48.50287" lon="-2.46196"/>
            <trkpt lat="48.50264" lon="-2.46258"/>
            <trkpt lat="48.50248" lon="-2.46313"/>
            <trkpt lat="48.50237" lon="-2.46353"/>
            <trkpt lat="48.50227" lon="-2.46385"/>
            <trkpt lat="48.50223" lon="-2.46394"/>
            <trkpt lat="48.50211" lon="-2.46422"/>
            <trkpt lat="48.50152" lon="-2.46536"/>
            <trkpt lat="48.50141" lon="-2.46556"/>
            <trkpt lat="48.50113" lon="-2.46616"/>
            <trkpt lat="48.50071" lon="-2.46698"/>
            <trkpt lat="48.5007" lon="-2.46701"/>
            <trkpt lat="48.50048" lon="-2.46737"/>
            <trkpt lat="48.50026" lon="-2.46762"/>
            <trkpt lat="48.49996" lon="-2.46791"/>
            <trkpt lat="48.4997" lon="-2.46816"/>
            <trkpt lat="48.49963" lon="-2.46821"/>
            <trkpt lat="48.49946" lon="-2.46835"/>
            <trkpt lat="48.49928" lon="-2.4685"/>
            <trkpt lat="48.49896" lon="-2.4688"/>
            <trkpt lat="48.49863" lon="-2.46916"/>
            <trkpt lat="48.49842" lon="-2.46937"/>
            <trkpt lat="48.49822" lon="-2.46958"/>
            <trkpt lat="48.49765" lon="-2.47023"/>
            <trkpt lat="48.49739" lon="-2.47059"/>
            <trkpt lat="48.49703" lon="-2.47117"/>
            <trkpt lat="48.49673" lon="-2.47172"/>
            <trkpt lat="48.49612" lon="-2.47296"/>
            <trkpt lat="48.49495" lon="-2.47521"/>
            <trkpt lat="48.49465" lon="-2.47561"/>
            <trkpt lat="48.49365" lon="-2.47723"/>
            <trkpt lat="48.49358" lon="-2.47734"/>
            <trkpt lat="48.4922" lon="-2.47976"/>
            <trkpt lat="48.49197" lon="-2.48013"/>
            <trkpt lat="48.49138" lon="-2.481"/>
            <trkpt lat="48.49039" lon="-2.48224"/>
            <trkpt lat="48.48987" lon="-2.48281"/>
            <trkpt lat="48.48976" lon="-2.48291"/>
            <trkpt lat="48.48912" lon="-2.48349"/>
            <trkpt lat="48.4882" lon="-2.48435"/>
            <trkpt lat="48.48752" lon="-2.48502"/>
            <trkpt lat="48.48731" lon="-2.48529"/>
            <trkpt lat="48.487" lon="-2.48573"/>
            <trkpt lat="48.48668" lon="-2.48625"/>
            <trkpt lat="48.48597" lon="-2.4875"/>
            <trkpt lat="48.48548" lon="-2.4886"/>
            <trkpt lat="48.48531" lon="-2.48889"/>
            <trkpt lat="48.48494" lon="-2.48934"/>
            <trkpt lat="48.48472" lon="-2.48957"/>
            <trkpt lat="48.48393" lon="-2.49041"/>
            <trkpt lat="48.48384" lon="-2.49054"/>
            <trkpt lat="48.4838" lon="-2.4906"/>
            <trkpt lat="48.48373" lon="-2.49073"/>
            <trkpt lat="48.48355" lon="-2.49099"/>
            <trkpt lat="48.48345" lon="-2.49115"/>
            <trkpt lat="48.48319" lon="-2.49164"/>
            <trkpt lat="48.48314" lon="-2.49175"/>
            <trkpt lat="48.48288" lon="-2.49228"/>
            <trkpt lat="48.48256" lon="-2.49312"/>
            <trkpt lat="48.48256" lon="-2.49312"/>
            <trkpt lat="48.48258" lon="-2.49316"/>
            <trkpt lat="48.4826" lon="-2.4932"/>
            <trkpt lat="48.4826" lon="-2.49324"/>
            <trkpt lat="48.4826" lon="-2.49329"/>
            <trkpt lat="48.4826" lon="-2.49334"/>
            <trkpt lat="48.48258" lon="-2.49338"/>
            <trkpt lat="48.48256" lon="-2.49341"/>
            <trkpt lat="48.48253" lon="-2.49344"/>
            <trkpt lat="48.48251" lon="-2.49346"/>
            <trkpt lat="48.48247" lon="-2.49346"/>
            <trkpt lat="48.48243" lon="-2.49345"/>
            <trkpt lat="48.48241" lon="-2.49344"/>
            <trkpt lat="48.4824" lon="-2.49343"/>
            <trkpt lat="48.48235" lon="-2.49352"/>
            <trkpt lat="48.48175" lon="-2.49462"/>
            <trkpt lat="48.48159" lon="-2.49493"/>
            <trkpt lat="48.48134" lon="-2.49548"/>
            <trkpt lat="48.481" lon="-2.49622"/>
            <trkpt lat="48.48089" lon="-2.49643"/>
            <trkpt lat="48.4807" lon="-2.49686"/>
            <trkpt lat="48.48053" lon="-2.49724"/>
            <trkpt lat="48.48045" lon="-2.49738"/>
            <trkpt lat="48.48011" lon="-2.49801"/>
            <trkpt lat="48.48011" lon="-2.49807"/>
            <trkpt lat="48.4801" lon="-2.49816"/>
            <trkpt lat="48.47994" lon="-2.49878"/>
            <trkpt lat="48.47997" lon="-2.49886"/>
            <trkpt lat="48.48001" lon="-2.49904"/>
            <trkpt lat="48.48001" lon="-2.49913"/>
            <trkpt lat="48.48" lon="-2.49923"/>
            <trkpt lat="48.47998" lon="-2.4993"/>
            <trkpt lat="48.47993" lon="-2.49942"/>
            <trkpt lat="48.47988" lon="-2.4995"/>
            <trkpt lat="48.47983" lon="-2.49955"/>
            <trkpt lat="48.47977" lon="-2.49959"/>
            <trkpt lat="48.47968" lon="-2.49961"/>
            <trkpt lat="48.47963" lon="-2.49961"/>
            <trkpt lat="48.47951" lon="-2.49957"/>
            <trkpt lat="48.47941" lon="-2.49977"/>
            <trkpt lat="48.47929" lon="-2.49996"/>
            <trkpt lat="48.47921" lon="-2.50006"/>
            <trkpt lat="48.47913" lon="-2.50019"/>
            <trkpt lat="48.47891" lon="-2.50065"/>
            <trkpt lat="48.47885" lon="-2.50075"/>
            <trkpt lat="48.47873" lon="-2.50092"/>
            <trkpt lat="48.47863" lon="-2.50101"/>
            <trkpt lat="48.47863" lon="-2.50116"/>
            <trkpt lat="48.47861" lon="-2.50133"/>
            <trkpt lat="48.47856" lon="-2.50146"/>
            <trkpt lat="48.47845" lon="-2.50181"/>
            <trkpt lat="48.47842" lon="-2.50203"/>
            <trkpt lat="48.47841" lon="-2.50223"/>
            <trkpt lat="48.47841" lon="-2.50241"/>
            <trkpt lat="48.47843" lon="-2.50264"/>
            <trkpt lat="48.47848" lon="-2.50303"/>
            <trkpt lat="48.47853" lon="-2.50356"/>
            <trkpt lat="48.47852" lon="-2.50395"/>
            <trkpt lat="48.4785" lon="-2.50406"/>
            <trkpt lat="48.47844" lon="-2.5043"/>
            <trkpt lat="48.47838" lon="-2.50449"/>
            <trkpt lat="48.47836" lon="-2.50456"/>
            <trkpt lat="48.47825" lon="-2.5048"/>
            <trkpt lat="48.47819" lon="-2.50488"/>
            <trkpt lat="48.47792" lon="-2.50533"/>
            <trkpt lat="48.47766" lon="-2.50566"/>
            <trkpt lat="48.47766" lon="-2.50567"/>
            <trkpt lat="48.47752" lon="-2.50587"/>
            <trkpt lat="48.47746" lon="-2.50599"/>
            <trkpt lat="48.47741" lon="-2.50611"/>
            <trkpt lat="48.47738" lon="-2.5062"/>
            <trkpt lat="48.47726" lon="-2.50677"/>
            <trkpt lat="48.47717" lon="-2.50707"/>
            <trkpt lat="48.47705" lon="-2.50736"/>
            <trkpt lat="48.47675" lon="-2.5079"/>
            <trkpt lat="48.47666" lon="-2.50807"/>
            <trkpt lat="48.47651" lon="-2.50842"/>
            <trkpt lat="48.47637" lon="-2.50879"/>
            <trkpt lat="48.4763" lon="-2.50899"/>
            <trkpt lat="48.47632" lon="-2.50901"/>
            <trkpt lat="48.47634" lon="-2.50902"/>
            <trkpt lat="48.47634" lon="-2.50904"/>
            <trkpt lat="48.47635" lon="-2.50906"/>
            <trkpt lat="48.47635" lon="-2.50909"/>
            <trkpt lat="48.47634" lon="-2.50914"/>
            <trkpt lat="48.47631" lon="-2.50916"/>
            <trkpt lat="48.47628" lon="-2.50918"/>
            <trkpt lat="48.47626" lon="-2.50917"/>
            <trkpt lat="48.47624" lon="-2.50916"/>
            <trkpt lat="48.47622" lon="-2.50913"/>
            <trkpt lat="48.47612" lon="-2.50925"/>
            <trkpt lat="48.47591" lon="-2.50954"/>
            <trkpt lat="48.47578" lon="-2.5097"/>
            <trkpt lat="48.47549" lon="-2.51019"/>
            <trkpt lat="48.47508" lon="-2.51077"/>
            <trkpt lat="48.4749" lon="-2.51104"/>
            <trkpt lat="48.47473" lon="-2.51129"/>
            <trkpt lat="48.47434" lon="-2.51188"/>
            <trkpt lat="48.47404" lon="-2.51236"/>
            <trkpt lat="48.4739" lon="-2.51265"/>
            <trkpt lat="48.4735" lon="-2.51349"/>
            <trkpt lat="48.47317" lon="-2.51396"/>
            <trkpt lat="48.47307" lon="-2.51408"/>
            <trkpt lat="48.47302" lon="-2.51414"/>
            <trkpt lat="48.47299" lon="-2.51417"/>
            <trkpt lat="48.47282" lon="-2.51431"/>
            <trkpt lat="48.47262" lon="-2.51442"/>
            <trkpt lat="48.47234" lon="-2.51458"/>
            <trkpt lat="48.47218" lon="-2.51469"/>
            <trkpt lat="48.47199" lon="-2.51488"/>
            <trkpt lat="48.47187" lon="-2.51497"/>
            <trkpt lat="48.47168" lon="-2.51527"/>
            <trkpt lat="48.47167" lon="-2.51528"/>
            <trkpt lat="48.47157" lon="-2.51551"/>
            <trkpt lat="48.47156" lon="-2.51552"/>
            <trkpt lat="48.47142" lon="-2.51576"/>
            <trkpt lat="48.47135" lon="-2.51589"/>
            <trkpt lat="48.47123" lon="-2.5161"/>
            <trkpt lat="48.47116" lon="-2.5162"/>
            <trkpt lat="48.47104" lon="-2.51634"/>
            <trkpt lat="48.47088" lon="-2.51647"/>
            <trkpt lat="48.47063" lon="-2.51666"/>
            <trkpt lat="48.47047" lon="-2.51676"/>
            <trkpt lat="48.47032" lon="-2.51681"/>
            <trkpt lat="48.47017" lon="-2.51682"/>
            <trkpt lat="48.47009" lon="-2.51683"/>
            <trkpt lat="48.46979" lon="-2.51684"/>
            <trkpt lat="48.46967" lon="-2.51691"/>
            <trkpt lat="48.46943" lon="-2.51704"/>
            <trkpt lat="48.46924" lon="-2.5172"/>
            <trkpt lat="48.46875" lon="-2.51755"/>
            <trkpt lat="48.46856" lon="-2.5177"/>
            <trkpt lat="48.4684" lon="-2.51777"/>
            <trkpt lat="48.46796" lon="-2.51787"/>
            <trkpt lat="48.46789" lon="-2.51789"/>
            <trkpt lat="48.46754" lon="-2.51803"/>
            <trkpt lat="48.46754" lon="-2.51808"/>
            <trkpt lat="48.46754" lon="-2.51811"/>
            <trkpt lat="48.46753" lon="-2.51812"/>
            <trkpt lat="48.46752" lon="-2.51813"/>
            <trkpt lat="48.4675" lon="-2.51814"/>
            <trkpt lat="48.46748" lon="-2.51814"/>
            <trkpt lat="48.46747" lon="-2.51814"/>
            <trkpt lat="48.46744" lon="-2.51813"/>
            <trkpt lat="48.46743" lon="-2.51811"/>
            <trkpt lat="48.46743" lon="-2.51809"/>
            <trkpt lat="48.46742" lon="-2.51807"/>
            <trkpt lat="48.46742" lon="-2.51804"/>
            <trkpt lat="48.46743" lon="-2.51802"/>
            <trkpt lat="48.46743" lon="-2.518"/>
            <trkpt lat="48.46744" lon="-2.51799"/>
            <trkpt lat="48.46745" lon="-2.51799"/>
            <trkpt lat="48.46745" lon="-2.51782"/>
            <trkpt lat="48.46745" lon="-2.5177"/>
            <trkpt lat="48.46714" lon="-2.51762"/>
            <trkpt lat="48.46705" lon="-2.51762"/>
            <trkpt lat="48.46655" lon="-2.51761"/>
            <trkpt lat="48.46633" lon="-2.51763"/>
            <trkpt lat="48.46603" lon="-2.51771"/>
            <trkpt lat="48.46589" lon="-2.51775"/>
            <trkpt lat="48.46567" lon="-2.51781"/>
            <trkpt lat="48.46558" lon="-2.51785"/>
            <trkpt lat="48.46555" lon="-2.51792"/>
            <trkpt lat="48.46549" lon="-2.518"/>
            <trkpt lat="48.4652" lon="-2.51848"/>
            <trkpt lat="48.46471" lon="-2.51936"/>
            <trkpt lat="48.46464" lon="-2.51952"/>
            <trkpt lat="48.46458" lon="-2.51972"/>
            <trkpt lat="48.46452" lon="-2.52014"/>
            <trkpt lat="48.46444" lon="-2.52074"/>
            <trkpt lat="48.46437" lon="-2.52105"/>
            <trkpt lat="48.46429" lon="-2.52126"/>
            <trkpt lat="48.46403" lon="-2.52158"/>
            <trkpt lat="48.46396" lon="-2.52168"/>
            <trkpt lat="48.46375" lon="-2.52212"/>
            <trkpt lat="48.46353" lon="-2.52259"/>
            <trkpt lat="48.46351" lon="-2.52262"/>
            <trkpt lat="48.4634" lon="-2.52282"/>
            <trkpt lat="48.46327" lon="-2.523"/>
            <trkpt lat="48.46312" lon="-2.52315"/>
            <trkpt lat="48.46302" lon="-2.52323"/>
            <trkpt lat="48.46278" lon="-2.52342"/>
            <trkpt lat="48.46268" lon="-2.52348"/>
            <trkpt lat="48.46263" lon="-2.52353"/>
            <trkpt lat="48.46263" lon="-2.52359"/>
            <trkpt lat="48.46261" lon="-2.5237"/>
            <trkpt lat="48.46258" lon="-2.52373"/>
            <trkpt lat="48.46253" lon="-2.52375"/>
            <trkpt lat="48.4625" lon="-2.52376"/>
            <trkpt lat="48.4624" lon="-2.52389"/>
            <trkpt lat="48.46222" lon="-2.5241"/>
            <trkpt lat="48.4621" lon="-2.52424"/>
            <trkpt lat="48.46202" lon="-2.52433"/>
            <trkpt lat="48.46197" lon="-2.52441"/>
            <trkpt lat="48.4619" lon="-2.52445"/>
            <trkpt lat="48.46178" lon="-2.52459"/>
            <trkpt lat="48.46162" lon="-2.52483"/>
            <trkpt lat="48.46132" lon="-2.52537"/>
            <trkpt lat="48.46105" lon="-2.526"/>
            <trkpt lat="48.46091" lon="-2.52642"/>
            <trkpt lat="48.46082" lon="-2.52672"/>
            <trkpt lat="48.4608" lon="-2.52684"/>
            <trkpt lat="48.46079" lon="-2.52686"/>
            <trkpt lat="48.46073" lon="-2.52713"/>
            <trkpt lat="48.46067" lon="-2.5274"/>
            <trkpt lat="48.46024" lon="-2.52886"/>
            <trkpt lat="48.46011" lon="-2.52926"/>
            <trkpt lat="48.46001" lon="-2.52957"/>
            <trkpt lat="48.45996" lon="-2.52979"/>
            <trkpt lat="48.45987" lon="-2.53033"/>
            <trkpt lat="48.45978" lon="-2.5307"/>
            <trkpt lat="48.45982" lon="-2.53076"/>
            <trkpt lat="48.45984" lon="-2.53083"/>
            <trkpt lat="48.45984" lon="-2.5309"/>
            <trkpt lat="48.45982" lon="-2.53096"/>
            <trkpt lat="48.4598" lon="-2.53101"/>
            <trkpt lat="48.45975" lon="-2.53106"/>
            <trkpt lat="48.4597" lon="-2.53109"/>
            <trkpt lat="48.45965" lon="-2.53109"/>
            <trkpt lat="48.45961" lon="-2.53107"/>
            <trkpt lat="48.45957" lon="-2.53099"/>
            <trkpt lat="48.45953" lon="-2.53105"/>
            <trkpt lat="48.45942" lon="-2.53123"/>
            <trkpt lat="48.45932" lon="-2.53143"/>
            <trkpt lat="48.45924" lon="-2.53156"/>
            <trkpt lat="48.45912" lon="-2.53173"/>
            <trkpt lat="48.45904" lon="-2.53182"/>
            <trkpt lat="48.459" lon="-2.53187"/>
            <trkpt lat="48.45874" lon="-2.53216"/>
            <trkpt lat="48.45814" lon="-2.53269"/>
            <trkpt lat="48.45769" lon="-2.53316"/>
            <trkpt lat="48.45767" lon="-2.53318"/>
            <trkpt lat="48.45746" lon="-2.53344"/>
            <trkpt lat="48.45735" lon="-2.53367"/>
            <trkpt lat="48.45733" lon="-2.53368"/>
            <trkpt lat="48.45726" lon="-2.5338"/>
            <trkpt lat="48.45716" lon="-2.53392"/>
            <trkpt lat="48.45698" lon="-2.53413"/>
            <trkpt lat="48.4564" lon="-2.53468"/>
            <trkpt lat="48.45624" lon="-2.53487"/>
            <trkpt lat="48.45613" lon="-2.53504"/>
            <trkpt lat="48.45581" lon="-2.53557"/>
            <trkpt lat="48.45531" lon="-2.5365"/>
            <trkpt lat="48.45503" lon="-2.53687"/>
            <trkpt lat="48.45499" lon="-2.53696"/>
            <trkpt lat="48.45486" lon="-2.5371"/>
            <trkpt lat="48.45462" lon="-2.53735"/>
            <trkpt lat="48.4539" lon="-2.53811"/>
            <trkpt lat="48.45386" lon="-2.53804"/>
            <trkpt lat="48.45381" lon="-2.53798"/>
            <trkpt lat="48.45375" lon="-2.53793"/>
            <trkpt lat="48.45357" lon="-2.53786"/>
            <trkpt lat="48.45331" lon="-2.53782"/>
            <trkpt lat="48.45318" lon="-2.53784"/>
            <trkpt lat="48.45307" lon="-2.53789"/>
            <trkpt lat="48.45291" lon="-2.53802"/>
            <trkpt lat="48.4526" lon="-2.53838"/>
            <trkpt lat="48.45204" lon="-2.53902"/>
            <trkpt lat="48.45194" lon="-2.53913"/>
            <trkpt lat="48.45182" lon="-2.53923"/>
            <trkpt lat="48.45172" lon="-2.53931"/>
            <trkpt lat="48.45151" lon="-2.53945"/>
            <trkpt lat="48.45136" lon="-2.53953"/>
            <trkpt lat="48.45118" lon="-2.53961"/>
            <trkpt lat="48.45066" lon="-2.53974"/>
            <trkpt lat="48.45043" lon="-2.53979"/>
            <trkpt lat="48.45015" lon="-2.53983"/>
            <trkpt lat="48.44976" lon="-2.53983"/>
            <trkpt lat="48.44971" lon="-2.53982"/>
            <trkpt lat="48.44942" lon="-2.53978"/>
            <trkpt lat="48.44922" lon="-2.53975"/>
            <trkpt lat="48.44817" lon="-2.5396"/>
            <trkpt lat="48.44793" lon="-2.53956"/>
            <trkpt lat="48.44734" lon="-2.53952"/>
            <trkpt lat="48.44706" lon="-2.53952"/>
            <trkpt lat="48.44691" lon="-2.53952"/>
            <trkpt lat="48.44688" lon="-2.53952"/>
            <trkpt lat="48.4467" lon="-2.53954"/>
            <trkpt lat="48.44657" lon="-2.53956"/>
            <trkpt lat="48.44589" lon="-2.53976"/>
            <trkpt lat="48.44557" lon="-2.53985"/>
            <trkpt lat="48.44491" lon="-2.54"/>
            <trkpt lat="48.44433" lon="-2.54008"/>
            <trkpt lat="48.44421" lon="-2.54011"/>
            <trkpt lat="48.44392" lon="-2.54014"/>
            <trkpt lat="48.44377" lon="-2.54015"/>
            <trkpt lat="48.44321" lon="-2.54014"/>
            <trkpt lat="48.44303" lon="-2.54015"/>
            <trkpt lat="48.44268" lon="-2.54029"/>
            <trkpt lat="48.4424" lon="-2.5404"/>
            <trkpt lat="48.44186" lon="-2.54053"/>
            <trkpt lat="48.44167" lon="-2.54058"/>
            <trkpt lat="48.44157" lon="-2.54061"/>
            <trkpt lat="48.44085" lon="-2.54086"/>
            <trkpt lat="48.44007" lon="-2.54105"/>
            <trkpt lat="48.43957" lon="-2.54119"/>
            <trkpt lat="48.43917" lon="-2.54132"/>
            <trkpt lat="48.4389" lon="-2.54139"/>
            <trkpt lat="48.43858" lon="-2.54144"/>
            <trkpt lat="48.43837" lon="-2.54145"/>
            <trkpt lat="48.43829" lon="-2.54145"/>
            <trkpt lat="48.43812" lon="-2.54141"/>
            <trkpt lat="48.43791" lon="-2.54135"/>
            <trkpt lat="48.43774" lon="-2.54128"/>
            <trkpt lat="48.43758" lon="-2.5412"/>
            <trkpt lat="48.43726" lon="-2.54106"/>
            <trkpt lat="48.43719" lon="-2.54103"/>
            <trkpt lat="48.43697" lon="-2.54095"/>
            <trkpt lat="48.43689" lon="-2.54093"/>
            <trkpt lat="48.43652" lon="-2.54089"/>
            <trkpt lat="48.4362" lon="-2.54088"/>
            <trkpt lat="48.4359" lon="-2.54081"/>
            <trkpt lat="48.43557" lon="-2.54069"/>
            <trkpt lat="48.43514" lon="-2.54045"/>
            <trkpt lat="48.43461" lon="-2.54013"/>
            <trkpt lat="48.43449" lon="-2.54005"/>
            <trkpt lat="48.43438" lon="-2.53998"/>
            <trkpt lat="48.43394" lon="-2.53966"/>
            <trkpt lat="48.43392" lon="-2.53969"/>
            <trkpt lat="48.43392" lon="-2.5397"/>
            <trkpt lat="48.4339" lon="-2.5397"/>
            <trkpt lat="48.43388" lon="-2.5397"/>
            <trkpt lat="48.43387" lon="-2.53969"/>
            <trkpt lat="48.43385" lon="-2.53967"/>
            <trkpt lat="48.43384" lon="-2.53963"/>
            <trkpt lat="48.43384" lon="-2.53961"/>
            <trkpt lat="48.43384" lon="-2.5396"/>
            <trkpt lat="48.43363" lon="-2.53948"/>
            <trkpt lat="48.43315" lon="-2.53934"/>
            <trkpt lat="48.43285" lon="-2.53926"/>
            <trkpt lat="48.43185" lon="-2.53898"/>
            <trkpt lat="48.43178" lon="-2.53893"/>
            <trkpt lat="48.43165" lon="-2.5388"/>
            <trkpt lat="48.43157" lon="-2.53885"/>
            <trkpt lat="48.43105" lon="-2.53893"/>
            <trkpt lat="48.43048" lon="-2.53916"/>
            <trkpt lat="48.4303" lon="-2.53922"/>
            <trkpt lat="48.42984" lon="-2.53928"/>
            <trkpt lat="48.42978" lon="-2.53929"/>
            <trkpt lat="48.42965" lon="-2.53933"/>
            <trkpt lat="48.42932" lon="-2.53945"/>
            <trkpt lat="48.42913" lon="-2.53951"/>
            <trkpt lat="48.42883" lon="-2.53964"/>
            <trkpt lat="48.42881" lon="-2.53966"/>
            <trkpt lat="48.42859" lon="-2.53978"/>
            <trkpt lat="48.42853" lon="-2.53979"/>
            <trkpt lat="48.42848" lon="-2.53979"/>
            <trkpt lat="48.42842" lon="-2.53976"/>
            <trkpt lat="48.4281" lon="-2.53947"/>
            <trkpt lat="48.42786" lon="-2.53924"/>
            <trkpt lat="48.42784" lon="-2.53922"/>
            <trkpt lat="48.42773" lon="-2.53913"/>
            <trkpt lat="48.42764" lon="-2.53904"/>
            <trkpt lat="48.42699" lon="-2.5386"/>
            <trkpt lat="48.42681" lon="-2.53842"/>
            <trkpt lat="48.42661" lon="-2.53827"/>
            <trkpt lat="48.42618" lon="-2.53803"/>
            <trkpt lat="48.42599" lon="-2.53795"/>
            <trkpt lat="48.42557" lon="-2.53784"/>
            <trkpt lat="48.42545" lon="-2.5378"/>
            <trkpt lat="48.42535" lon="-2.53776"/>
            <trkpt lat="48.42498" lon="-2.53762"/>
            <trkpt lat="48.42481" lon="-2.53758"/>
            <trkpt lat="48.42407" lon="-2.53748"/>
            <trkpt lat="48.42385" lon="-2.53748"/>
            <trkpt lat="48.42372" lon="-2.53748"/>
            <trkpt lat="48.4233" lon="-2.53744"/>
            <trkpt lat="48.42295" lon="-2.53733"/>
            <trkpt lat="48.42252" lon="-2.53725"/>
            <trkpt lat="48.42221" lon="-2.53721"/>
            <trkpt lat="48.42201" lon="-2.53714"/>
            <trkpt lat="48.42166" lon="-2.53689"/>
            <trkpt lat="48.42145" lon="-2.53669"/>
            <trkpt lat="48.42123" lon="-2.5365"/>
            <trkpt lat="48.42111" lon="-2.53638"/>
            <trkpt lat="48.42097" lon="-2.53623"/>
            <trkpt lat="48.42051" lon="-2.53579"/>
            <trkpt lat="48.42032" lon="-2.53566"/>
            <trkpt lat="48.42011" lon="-2.53556"/>
            <trkpt lat="48.41972" lon="-2.53544"/>
            <trkpt lat="48.41918" lon="-2.53517"/>
            <trkpt lat="48.41877" lon="-2.53501"/>
            <trkpt lat="48.41867" lon="-2.53495"/>
            <trkpt lat="48.41847" lon="-2.53478"/>
            <trkpt lat="48.41812" lon="-2.53442"/>
            <trkpt lat="48.41795" lon="-2.53427"/>
            <trkpt lat="48.4178" lon="-2.53419"/>
            <trkpt lat="48.41764" lon="-2.53416"/>
            <trkpt lat="48.41754" lon="-2.53416"/>
            <trkpt lat="48.41745" lon="-2.53417"/>
            <trkpt lat="48.41701" lon="-2.5343"/>
            <trkpt lat="48.41685" lon="-2.53431"/>
            <trkpt lat="48.41666" lon="-2.53428"/>
            <trkpt lat="48.41646" lon="-2.5342"/>
            <trkpt lat="48.41627" lon="-2.53409"/>
            <trkpt lat="48.41618" lon="-2.53401"/>
            <trkpt lat="48.4159" lon="-2.53369"/>
            <trkpt lat="48.4158" lon="-2.53361"/>
            <trkpt lat="48.41568" lon="-2.53354"/>
            <trkpt lat="48.41537" lon="-2.53342"/>
            <trkpt lat="48.41521" lon="-2.5334"/>
            <trkpt lat="48.41467" lon="-2.53349"/>
            <trkpt lat="48.41459" lon="-2.53349"/>
            <trkpt lat="48.4144" lon="-2.53341"/>
            <trkpt lat="48.41428" lon="-2.53333"/>
            <trkpt lat="48.41415" lon="-2.5333"/>
            <trkpt lat="48.41402" lon="-2.5333"/>
            <trkpt lat="48.41386" lon="-2.53332"/>
            <trkpt lat="48.41374" lon="-2.53339"/>
            <trkpt lat="48.41355" lon="-2.53354"/>
            <trkpt lat="48.41338" lon="-2.53365"/>
            <trkpt lat="48.41314" lon="-2.53372"/>
            <trkpt lat="48.413" lon="-2.53375"/>
            <trkpt lat="48.41287" lon="-2.53375"/>
            <trkpt lat="48.41257" lon="-2.53375"/>
            <trkpt lat="48.41201" lon="-2.53384"/>
            <trkpt lat="48.41163" lon="-2.53386"/>
            <trkpt lat="48.41106" lon="-2.53383"/>
            <trkpt lat="48.41068" lon="-2.53378"/>
            <trkpt lat="48.4105" lon="-2.53372"/>
            <trkpt lat="48.41028" lon="-2.53359"/>
            <trkpt lat="48.41002" lon="-2.53336"/>
            <trkpt lat="48.40979" lon="-2.53317"/>
            <trkpt lat="48.40959" lon="-2.53306"/>
            <trkpt lat="48.40937" lon="-2.53298"/>
            <trkpt lat="48.40888" lon="-2.53287"/>
            <trkpt lat="48.40793" lon="-2.53263"/>
            <trkpt lat="48.40704" lon="-2.53254"/>
            <trkpt lat="48.40654" lon="-2.53244"/>
            <trkpt lat="48.40576" lon="-2.53227"/>
            <trkpt lat="48.40559" lon="-2.53223"/>
            <trkpt lat="48.40463" lon="-2.53186"/>
            <trkpt lat="48.40416" lon="-2.53175"/>
            <trkpt lat="48.40367" lon="-2.53166"/>
            <trkpt lat="48.40334" lon="-2.53158"/>
            <trkpt lat="48.40319" lon="-2.53151"/>
            <trkpt lat="48.403" lon="-2.53141"/>
            <trkpt lat="48.4028" lon="-2.5313"/>
            <trkpt lat="48.40266" lon="-2.53124"/>
            <trkpt lat="48.40248" lon="-2.53125"/>
            <trkpt lat="48.4024" lon="-2.5313"/>
            <trkpt lat="48.40211" lon="-2.5316"/>
            <trkpt lat="48.40133" lon="-2.5326"/>
            <trkpt lat="48.4009" lon="-2.5332"/>
            <trkpt lat="48.40075" lon="-2.53333"/>
            <trkpt lat="48.40053" lon="-2.5335"/>
            <trkpt lat="48.4003" lon="-2.53366"/>
            <trkpt lat="48.40016" lon="-2.53373"/>
            <trkpt lat="48.4001" lon="-2.53374"/>
            <trkpt lat="48.40005" lon="-2.53374"/>
            <trkpt lat="48.39932" lon="-2.53366"/>
            <trkpt lat="48.39921" lon="-2.53366"/>
            <trkpt lat="48.39913" lon="-2.53364"/>
            <trkpt lat="48.39899" lon="-2.53357"/>
            <trkpt lat="48.39854" lon="-2.53335"/>
            <trkpt lat="48.3984" lon="-2.53329"/>
            <trkpt lat="48.3975" lon="-2.53289"/>
            <trkpt lat="48.39724" lon="-2.5328"/>
            <trkpt lat="48.39701" lon="-2.53277"/>
            <trkpt lat="48.3968" lon="-2.53278"/>
            <trkpt lat="48.39623" lon="-2.53289"/>
            <trkpt lat="48.39533" lon="-2.53284"/>
            <trkpt lat="48.3941" lon="-2.53281"/>
            <trkpt lat="48.39323" lon="-2.53267"/>
            <trkpt lat="48.39292" lon="-2.53256"/>
            <trkpt lat="48.39225" lon="-2.53229"/>
            <trkpt lat="48.39209" lon="-2.53297"/>
            <trkpt lat="48.39195" lon="-2.53323"/>
            <trkpt lat="48.39182" lon="-2.5334"/>
            <trkpt lat="48.39157" lon="-2.53367"/>
            <trkpt lat="48.39134" lon="-2.53395"/>
            <trkpt lat="48.39117" lon="-2.53426"/>
            <trkpt lat="48.39106" lon="-2.53453"/>
            <trkpt lat="48.39103" lon="-2.53464"/>
            <trkpt lat="48.39099" lon="-2.53487"/>
            <trkpt lat="48.39098" lon="-2.53503"/>
            <trkpt lat="48.39099" lon="-2.53526"/>
            <trkpt lat="48.39101" lon="-2.53581"/>
            <trkpt lat="48.39101" lon="-2.53605"/>
            <trkpt lat="48.39055" lon="-2.5378"/>
            <trkpt lat="48.39049" lon="-2.53823"/>
            <trkpt lat="48.39041" lon="-2.53864"/>
            <trkpt lat="48.39027" lon="-2.5391"/>
            <trkpt lat="48.39014" lon="-2.53956"/>
            <trkpt lat="48.39001" lon="-2.54019"/>
            <trkpt lat="48.38991" lon="-2.5408"/>
            <trkpt lat="48.38992" lon="-2.54088"/>
            <trkpt lat="48.38992" lon="-2.54094"/>
            <trkpt lat="48.38994" lon="-2.54101"/>
            <trkpt lat="48.39004" lon="-2.54131"/>
            <trkpt lat="48.39009" lon="-2.54159"/>
            <trkpt lat="48.39014" lon="-2.54195"/>
            <trkpt lat="48.39016" lon="-2.54215"/>
            <trkpt lat="48.39021" lon="-2.54271"/>
            <trkpt lat="48.39023" lon="-2.54305"/>
            <trkpt lat="48.39021" lon="-2.54319"/>
            <trkpt lat="48.39021" lon="-2.54321"/>
            <trkpt lat="48.3901" lon="-2.54341"/>
            <trkpt lat="48.38979" lon="-2.54386"/>
            <trkpt lat="48.38968" lon="-2.54411"/>
            <trkpt lat="48.38943" lon="-2.54479"/>
            <trkpt lat="48.38939" lon="-2.54489"/>
            <trkpt lat="48.38936" lon="-2.54495"/>
            <trkpt lat="48.38927" lon="-2.54504"/>
            <trkpt lat="48.3892" lon="-2.54508"/>
            <trkpt lat="48.3887" lon="-2.54519"/>
            <trkpt lat="48.38856" lon="-2.54527"/>
            <trkpt lat="48.38847" lon="-2.54535"/>
            <trkpt lat="48.38823" lon="-2.54567"/>
            <trkpt lat="48.38787" lon="-2.54628"/>
            <trkpt lat="48.38777" lon="-2.54647"/>
            <trkpt lat="48.38757" lon="-2.54687"/>
            <trkpt lat="48.38753" lon="-2.54697"/>
            <trkpt lat="48.38749" lon="-2.54709"/>
            <trkpt lat="48.38724" lon="-2.54776"/>
            <trkpt lat="48.38716" lon="-2.54789"/>
            <trkpt lat="48.38711" lon="-2.54793"/>
            <trkpt lat="48.38704" lon="-2.54797"/>
            <trkpt lat="48.38692" lon="-2.548"/>
            <trkpt lat="48.38647" lon="-2.54804"/>
            <trkpt lat="48.38628" lon="-2.5481"/>
            <trkpt lat="48.38555" lon="-2.54832"/>
            <trkpt lat="48.38545" lon="-2.54833"/>
            <trkpt lat="48.38536" lon="-2.54834"/>
            <trkpt lat="48.38475" lon="-2.54834"/>
            <trkpt lat="48.38454" lon="-2.54835"/>
            <trkpt lat="48.38401" lon="-2.5484"/>
            <trkpt lat="48.38379" lon="-2.54844"/>
            <trkpt lat="48.38355" lon="-2.54847"/>
            <trkpt lat="48.38322" lon="-2.54841"/>
            <trkpt lat="48.38294" lon="-2.54835"/>
            <trkpt lat="48.38262" lon="-2.54832"/>
            <trkpt lat="48.38213" lon="-2.54836"/>
            <trkpt lat="48.38179" lon="-2.54842"/>
            <trkpt lat="48.38132" lon="-2.54848"/>
            <trkpt lat="48.38019" lon="-2.54869"/>
            <trkpt lat="48.38005" lon="-2.54877"/>
            <trkpt lat="48.37998" lon="-2.54883"/>
            <trkpt lat="48.37987" lon="-2.54892"/>
            <trkpt lat="48.37973" lon="-2.54914"/>
            <trkpt lat="48.37923" lon="-2.55005"/>
            <trkpt lat="48.37917" lon="-2.55012"/>
            <trkpt lat="48.37913" lon="-2.55015"/>
            <trkpt lat="48.37906" lon="-2.55017"/>
            <trkpt lat="48.37907" lon="-2.55026"/>
            <trkpt lat="48.37906" lon="-2.55034"/>
            <trkpt lat="48.37904" lon="-2.55046"/>
            <trkpt lat="48.37902" lon="-2.55056"/>
            <trkpt lat="48.3789" lon="-2.5509"/>
            <trkpt lat="48.37878" lon="-2.55129"/>
            <trkpt lat="48.37859" lon="-2.55198"/>
            <trkpt lat="48.3784" lon="-2.55272"/>
            <trkpt lat="48.37838" lon="-2.55282"/>
            <trkpt lat="48.37819" lon="-2.55331"/>
            <trkpt lat="48.37804" lon="-2.55353"/>
            <trkpt lat="48.37767" lon="-2.55402"/>
            <trkpt lat="48.3774" lon="-2.55448"/>
            <trkpt lat="48.37725" lon="-2.55481"/>
            <trkpt lat="48.37706" lon="-2.55541"/>
            <trkpt lat="48.37691" lon="-2.55606"/>
            <trkpt lat="48.37674" lon="-2.55712"/>
            <trkpt lat="48.37662" lon="-2.55738"/>
            <trkpt lat="48.37608" lon="-2.55827"/>
            <trkpt lat="48.3759" lon="-2.5585"/>
            <trkpt lat="48.37574" lon="-2.55873"/>
            <trkpt lat="48.37544" lon="-2.55915"/>
            <trkpt lat="48.37514" lon="-2.55962"/>
            <trkpt lat="48.37498" lon="-2.55991"/>
            <trkpt lat="48.37488" lon="-2.56017"/>
            <trkpt lat="48.37439" lon="-2.56028"/>
            <trkpt lat="48.37386" lon="-2.56036"/>
            <trkpt lat="48.37337" lon="-2.56052"/>
            <trkpt lat="48.37287" lon="-2.5607"/>
            <trkpt lat="48.37234" lon="-2.56082"/>
            <trkpt lat="48.3717" lon="-2.56097"/>
            <trkpt lat="48.37109" lon="-2.56113"/>
            <trkpt lat="48.37083" lon="-2.56118"/>
            <trkpt lat="48.37024" lon="-2.5612"/>
            <trkpt lat="48.36978" lon="-2.5612"/>
            <trkpt lat="48.36957" lon="-2.56111"/>
            <trkpt lat="48.36937" lon="-2.56098"/>
            <trkpt lat="48.36931" lon="-2.56095"/>
            <trkpt lat="48.36898" lon="-2.56055"/>
            <trkpt lat="48.36862" lon="-2.55993"/>
            <trkpt lat="48.36813" lon="-2.55891"/>
            <trkpt lat="48.36788" lon="-2.55844"/>
            <trkpt lat="48.36693" lon="-2.55748"/>
            <trkpt lat="48.36667" lon="-2.55727"/>
            <trkpt lat="48.36607" lon="-2.55649"/>
            <trkpt lat="48.36555" lon="-2.55561"/>
            <trkpt lat="48.36535" lon="-2.55526"/>
            <trkpt lat="48.36518" lon="-2.55502"/>
            <trkpt lat="48.36491" lon="-2.5548"/>
            <trkpt lat="48.3644" lon="-2.55434"/>
            <trkpt lat="48.36398" lon="-2.55387"/>
            <trkpt lat="48.36371" lon="-2.55362"/>
            <trkpt lat="48.36361" lon="-2.55359"/>
            <trkpt lat="48.36347" lon="-2.55359"/>
            <trkpt lat="48.36304" lon="-2.55368"/>
            <trkpt lat="48.363" lon="-2.55369"/>
            <trkpt lat="48.36293" lon="-2.55368"/>
            <trkpt lat="48.36274" lon="-2.55369"/>
            <trkpt lat="48.36262" lon="-2.55369"/>
            <trkpt lat="48.36246" lon="-2.55364"/>
            <trkpt lat="48.36235" lon="-2.55359"/>
            <trkpt lat="48.36215" lon="-2.55345"/>
            <trkpt lat="48.36182" lon="-2.55315"/>
            <trkpt lat="48.36173" lon="-2.55308"/>
            <trkpt lat="48.36146" lon="-2.55289"/>
            <trkpt lat="48.36102" lon="-2.5526"/>
            <trkpt lat="48.36068" lon="-2.55246"/>
            <trkpt lat="48.36067" lon="-2.55246"/>
            <trkpt lat="48.3605" lon="-2.55244"/>
            <trkpt lat="48.36036" lon="-2.55241"/>
            <trkpt lat="48.35818" lon="-2.55243"/>
            <trkpt lat="48.35776" lon="-2.55237"/>
            <trkpt lat="48.35736" lon="-2.55234"/>
            <trkpt lat="48.35731" lon="-2.55234"/>
            <trkpt lat="48.35673" lon="-2.55237"/>
            <trkpt lat="48.35652" lon="-2.55243"/>
            <trkpt lat="48.35616" lon="-2.55256"/>
            <trkpt lat="48.35563" lon="-2.55278"/>
            <trkpt lat="48.35549" lon="-2.55188"/>
            <trkpt lat="48.35545" lon="-2.55161"/>
            <trkpt lat="48.3554" lon="-2.5513"/>
            <trkpt lat="48.35537" lon="-2.55116"/>
            <trkpt lat="48.35537" lon="-2.55113"/>
            <trkpt lat="48.35531" lon="-2.5509"/>
            <trkpt lat="48.35503" lon="-2.55012"/>
            <trkpt lat="48.35494" lon="-2.54977"/>
            <trkpt lat="48.35476" lon="-2.54985"/>
            <trkpt lat="48.35458" lon="-2.54988"/>
            <trkpt lat="48.35435" lon="-2.54987"/>
            <trkpt lat="48.35406" lon="-2.54975"/>
            <trkpt lat="48.35342" lon="-2.54946"/>
            <trkpt lat="48.35299" lon="-2.54936"/>
            <trkpt lat="48.35271" lon="-2.54933"/>
            <trkpt lat="48.35259" lon="-2.54932"/>
            <trkpt lat="48.35218" lon="-2.54936"/>
            <trkpt lat="48.35197" lon="-2.54942"/>
            <trkpt lat="48.35152" lon="-2.54959"/>
            <trkpt lat="48.35091" lon="-2.54973"/>
            <trkpt lat="48.35061" lon="-2.54982"/>
            <trkpt lat="48.35061" lon="-2.54982"/>
            <trkpt lat="48.35028" lon="-2.54991"/>
            <trkpt lat="48.34931" lon="-2.5503"/>
            <trkpt lat="48.34864" lon="-2.55054"/>
            <trkpt lat="48.34931" lon="-2.5503"/>
            <trkpt lat="48.35028" lon="-2.54991"/>
            <trkpt lat="48.35091" lon="-2.54973"/>
            <trkpt lat="48.35152" lon="-2.54959"/>
            <trkpt lat="48.35197" lon="-2.54942"/>
            <trkpt lat="48.35218" lon="-2.54936"/>
            <trkpt lat="48.35259" lon="-2.54932"/>
            <trkpt lat="48.35271" lon="-2.54933"/>
            <trkpt lat="48.35299" lon="-2.54936"/>
            <trkpt lat="48.35342" lon="-2.54946"/>
            <trkpt lat="48.35406" lon="-2.54975"/>
            <trkpt lat="48.35435" lon="-2.54987"/>
            <trkpt lat="48.35458" lon="-2.54988"/>
            <trkpt lat="48.35476" lon="-2.54985"/>
            <trkpt lat="48.35494" lon="-2.54977"/>
            <trkpt lat="48.35503" lon="-2.55012"/>
            <trkpt lat="48.35531" lon="-2.5509"/>
            <trkpt lat="48.35537" lon="-2.55113"/>
            <trkpt lat="48.35537" lon="-2.55116"/>
            <trkpt lat="48.3554" lon="-2.5513"/>
            <trkpt lat="48.35545" lon="-2.55161"/>
            <trkpt lat="48.35549" lon="-2.55188"/>
            <trkpt lat="48.35563" lon="-2.55278"/>
            <trkpt lat="48.35567" lon="-2.55298"/>
            <trkpt lat="48.35577" lon="-2.55365"/>
            <trkpt lat="48.35584" lon="-2.55406"/>
            <trkpt lat="48.35596" lon="-2.55444"/>
            <trkpt lat="48.35623" lon="-2.55488"/>
            <trkpt lat="48.35634" lon="-2.55503"/>
            <trkpt lat="48.35638" lon="-2.55511"/>
            <trkpt lat="48.35646" lon="-2.55527"/>
            <trkpt lat="48.35649" lon="-2.55533"/>
            <trkpt lat="48.35678" lon="-2.55599"/>
            <trkpt lat="48.35692" lon="-2.55635"/>
            <trkpt lat="48.35719" lon="-2.55707"/>
            <trkpt lat="48.35731" lon="-2.55744"/>
            <trkpt lat="48.35737" lon="-2.5577"/>
            <trkpt lat="48.35741" lon="-2.55786"/>
            <trkpt lat="48.35745" lon="-2.55815"/>
            <trkpt lat="48.35744" lon="-2.55897"/>
            <trkpt lat="48.35735" lon="-2.56"/>
            <trkpt lat="48.35732" lon="-2.56034"/>
            <trkpt lat="48.35729" lon="-2.56083"/>
            <trkpt lat="48.35714" lon="-2.56168"/>
            <trkpt lat="48.357" lon="-2.56284"/>
            <trkpt lat="48.35668" lon="-2.56483"/>
            <trkpt lat="48.35656" lon="-2.5656"/>
            <trkpt lat="48.3566" lon="-2.56738"/>
            <trkpt lat="48.35654" lon="-2.56827"/>
            <trkpt lat="48.35651" lon="-2.56892"/>
            <trkpt lat="48.3565" lon="-2.569"/>
            <trkpt lat="48.35644" lon="-2.56935"/>
            <trkpt lat="48.35631" lon="-2.56967"/>
            <trkpt lat="48.35617" lon="-2.56983"/>
            <trkpt lat="48.3559" lon="-2.57007"/>
            <trkpt lat="48.35553" lon="-2.57053"/>
            <trkpt lat="48.35538" lon="-2.5708"/>
            <trkpt lat="48.35504" lon="-2.57141"/>
            <trkpt lat="48.35489" lon="-2.57169"/>
            <trkpt lat="48.35485" lon="-2.5718"/>
            <trkpt lat="48.35476" lon="-2.57207"/>
            <trkpt lat="48.35461" lon="-2.57264"/>
            <trkpt lat="48.35459" lon="-2.57286"/>
            <trkpt lat="48.35454" lon="-2.57348"/>
            <trkpt lat="48.35452" lon="-2.57413"/>
            <trkpt lat="48.35421" lon="-2.57681"/>
            <trkpt lat="48.35424" lon="-2.57725"/>
            <trkpt lat="48.35436" lon="-2.57792"/>
            <trkpt lat="48.35459" lon="-2.57971"/>
            <trkpt lat="48.35463" lon="-2.57999"/>
            <trkpt lat="48.35465" lon="-2.58011"/>
            <trkpt lat="48.35468" lon="-2.58089"/>
            <trkpt lat="48.35475" lon="-2.58135"/>
            <trkpt lat="48.35486" lon="-2.58192"/>
            <trkpt lat="48.3549" lon="-2.58207"/>
            <trkpt lat="48.35492" lon="-2.58214"/>
            <trkpt lat="48.35504" lon="-2.58261"/>
            <trkpt lat="48.35527" lon="-2.58351"/>
            <trkpt lat="48.3555" lon="-2.58428"/>
            <trkpt lat="48.35564" lon="-2.58481"/>
            <trkpt lat="48.35579" lon="-2.58562"/>
            <trkpt lat="48.35599" lon="-2.58644"/>
            <trkpt lat="48.35615" lon="-2.58699"/>
            <trkpt lat="48.35626" lon="-2.58726"/>
            <trkpt lat="48.35631" lon="-2.58739"/>
            <trkpt lat="48.35644" lon="-2.58774"/>
            <trkpt lat="48.35651" lon="-2.58804"/>
            <trkpt lat="48.3566" lon="-2.58857"/>
            <trkpt lat="48.35682" lon="-2.59043"/>
            <trkpt lat="48.35687" lon="-2.59088"/>
            <trkpt lat="48.3569" lon="-2.59177"/>
            <trkpt lat="48.35691" lon="-2.59254"/>
            <trkpt lat="48.35689" lon="-2.59277"/>
            <trkpt lat="48.35687" lon="-2.593"/>
            <trkpt lat="48.35677" lon="-2.59339"/>
            <trkpt lat="48.35669" lon="-2.59364"/>
            <trkpt lat="48.35626" lon="-2.59474"/>
            <trkpt lat="48.35613" lon="-2.5951"/>
            <trkpt lat="48.35604" lon="-2.5955"/>
            <trkpt lat="48.35561" lon="-2.5975"/>
            <trkpt lat="48.35552" lon="-2.59832"/>
            <trkpt lat="48.35541" lon="-2.59912"/>
            <trkpt lat="48.3554" lon="-2.59958"/>
            <trkpt lat="48.35542" lon="-2.6008"/>
            <trkpt lat="48.35554" lon="-2.60136"/>
            <trkpt lat="48.35581" lon="-2.60252"/>
            <trkpt lat="48.35593" lon="-2.60284"/>
            <trkpt lat="48.35616" lon="-2.60318"/>
            <trkpt lat="48.35665" lon="-2.6038"/>
            <trkpt lat="48.35672" lon="-2.60394"/>
            <trkpt lat="48.35676" lon="-2.60417"/>
            <trkpt lat="48.35676" lon="-2.60435"/>
            <trkpt lat="48.35673" lon="-2.60449"/>
            <trkpt lat="48.35673" lon="-2.60465"/>
            <trkpt lat="48.35657" lon="-2.60521"/>
            <trkpt lat="48.35647" lon="-2.60579"/>
            <trkpt lat="48.35644" lon="-2.60628"/>
            <trkpt lat="48.35651" lon="-2.6082"/>
            <trkpt lat="48.35654" lon="-2.60861"/>
            <trkpt lat="48.35668" lon="-2.60938"/>
            <trkpt lat="48.35693" lon="-2.61042"/>
            <trkpt lat="48.35716" lon="-2.61128"/>
            <trkpt lat="48.35752" lon="-2.61248"/>
            <trkpt lat="48.35771" lon="-2.61306"/>
            <trkpt lat="48.35797" lon="-2.61379"/>
            <trkpt lat="48.35812" lon="-2.61435"/>
            <trkpt lat="48.35822" lon="-2.61475"/>
            <trkpt lat="48.35823" lon="-2.61478"/>
            <trkpt lat="48.3584" lon="-2.61557"/>
            <trkpt lat="48.35845" lon="-2.61578"/>
            <trkpt lat="48.35847" lon="-2.61587"/>
            <trkpt lat="48.35851" lon="-2.61603"/>
            <trkpt lat="48.35863" lon="-2.61686"/>
            <trkpt lat="48.35864" lon="-2.61704"/>
            <trkpt lat="48.35863" lon="-2.6173"/>
            <trkpt lat="48.35854" lon="-2.6186"/>
            <trkpt lat="48.35869" lon="-2.61853"/>
            <trkpt lat="48.35887" lon="-2.61842"/>
            <trkpt lat="48.35897" lon="-2.61834"/>
            <trkpt lat="48.35939" lon="-2.61814"/>
            <trkpt lat="48.35957" lon="-2.61808"/>
            <trkpt lat="48.35981" lon="-2.61806"/>
            <trkpt lat="48.35996" lon="-2.61809"/>
            <trkpt lat="48.36005" lon="-2.61809"/>
            <trkpt lat="48.36029" lon="-2.61813"/>
            <trkpt lat="48.36039" lon="-2.61816"/>
            <trkpt lat="48.36061" lon="-2.61822"/>
            <trkpt lat="48.36083" lon="-2.61827"/>
            <trkpt lat="48.36093" lon="-2.61827"/>
            <trkpt lat="48.36106" lon="-2.61899"/>
            <trkpt lat="48.36112" lon="-2.61916"/>
            <trkpt lat="48.36111" lon="-2.61929"/>
            <trkpt lat="48.3612" lon="-2.61952"/>
            <trkpt lat="48.3613" lon="-2.61974"/>
            <trkpt lat="48.36168" lon="-2.62034"/>
            <trkpt lat="48.36182" lon="-2.62053"/>
            <trkpt lat="48.36193" lon="-2.6207"/>
            <trkpt lat="48.36215" lon="-2.621"/>
            <trkpt lat="48.3625" lon="-2.62142"/>
            <trkpt lat="48.36273" lon="-2.62171"/>
            <trkpt lat="48.36331" lon="-2.62222"/>
            <trkpt lat="48.36364" lon="-2.6224"/>
            <trkpt lat="48.36399" lon="-2.62252"/>
            <trkpt lat="48.36462" lon="-2.62281"/>
            <trkpt lat="48.36486" lon="-2.62292"/>
            <trkpt lat="48.36518" lon="-2.62309"/>
            <trkpt lat="48.36545" lon="-2.62333"/>
            <trkpt lat="48.36564" lon="-2.62355"/>
            <trkpt lat="48.36575" lon="-2.62372"/>
            <trkpt lat="48.36598" lon="-2.62422"/>
            <trkpt lat="48.36605" lon="-2.62446"/>
            <trkpt lat="48.36616" lon="-2.62494"/>
            <trkpt lat="48.36626" lon="-2.62549"/>
            <trkpt lat="48.36602" lon="-2.62576"/>
            <trkpt lat="48.36579" lon="-2.62603"/>
            <trkpt lat="48.36532" lon="-2.62651"/>
            <trkpt lat="48.36517" lon="-2.6267"/>
            <trkpt lat="48.36513" lon="-2.62674"/>
            <trkpt lat="48.36504" lon="-2.62686"/>
            <trkpt lat="48.36415" lon="-2.62775"/>
            <trkpt lat="48.36365" lon="-2.62829"/>
            <trkpt lat="48.36345" lon="-2.62846"/>
            <trkpt lat="48.36338" lon="-2.62852"/>
            <trkpt lat="48.3633" lon="-2.6286"/>
            <trkpt lat="48.36295" lon="-2.62898"/>
            <trkpt lat="48.3628" lon="-2.62913"/>
            <trkpt lat="48.36276" lon="-2.62917"/>
            <trkpt lat="48.36241" lon="-2.62958"/>
            <trkpt lat="48.3623" lon="-2.62977"/>
            <trkpt lat="48.36228" lon="-2.62994"/>
            <trkpt lat="48.36228" lon="-2.63035"/>
            <trkpt lat="48.36229" lon="-2.63064"/>
            <trkpt lat="48.36224" lon="-2.63108"/>
            <trkpt lat="48.36221" lon="-2.6316"/>
            <trkpt lat="48.36219" lon="-2.63247"/>
            <trkpt lat="48.36217" lon="-2.63272"/>
            <trkpt lat="48.36201" lon="-2.6332"/>
            <trkpt lat="48.3619" lon="-2.63347"/>
            <trkpt lat="48.36183" lon="-2.63365"/>
            <trkpt lat="48.36182" lon="-2.63369"/>
            <trkpt lat="48.36175" lon="-2.6339"/>
            <trkpt lat="48.36126" lon="-2.63453"/>
            <trkpt lat="48.36016" lon="-2.63597"/>
            <trkpt lat="48.36" lon="-2.63622"/>
            <trkpt lat="48.35992" lon="-2.63638"/>
            <trkpt lat="48.35987" lon="-2.63654"/>
            <trkpt lat="48.35982" lon="-2.63672"/>
            <trkpt lat="48.35978" lon="-2.63683"/>
            <trkpt lat="48.35973" lon="-2.63709"/>
            <trkpt lat="48.3595" lon="-2.63779"/>
            <trkpt lat="48.35943" lon="-2.63799"/>
            <trkpt lat="48.35929" lon="-2.63822"/>
            <trkpt lat="48.35892" lon="-2.6385"/>
            <trkpt lat="48.35853" lon="-2.63884"/>
            <trkpt lat="48.35845" lon="-2.6389"/>
            <trkpt lat="48.35828" lon="-2.63909"/>
            <trkpt lat="48.358" lon="-2.63945"/>
            <trkpt lat="48.35748" lon="-2.64017"/>
            <trkpt lat="48.35714" lon="-2.64053"/>
            <trkpt lat="48.35698" lon="-2.64065"/>
            <trkpt lat="48.35628" lon="-2.64114"/>
            <trkpt lat="48.35554" lon="-2.64164"/>
            <trkpt lat="48.35527" lon="-2.64179"/>
            <trkpt lat="48.3549" lon="-2.64193"/>
            <trkpt lat="48.35479" lon="-2.64196"/>
            <trkpt lat="48.35469" lon="-2.64197"/>
            <trkpt lat="48.35419" lon="-2.64203"/>
            <trkpt lat="48.35407" lon="-2.64204"/>
            <trkpt lat="48.35389" lon="-2.64206"/>
            <trkpt lat="48.3534" lon="-2.64211"/>
            <trkpt lat="48.35306" lon="-2.64218"/>
            <trkpt lat="48.3528" lon="-2.64219"/>
            <trkpt lat="48.35258" lon="-2.64215"/>
            <trkpt lat="48.35243" lon="-2.6421"/>
            <trkpt lat="48.35224" lon="-2.64201"/>
            <trkpt lat="48.35206" lon="-2.64189"/>
            <trkpt lat="48.35192" lon="-2.64182"/>
            <trkpt lat="48.3518" lon="-2.64176"/>
            <trkpt lat="48.35173" lon="-2.64174"/>
            <trkpt lat="48.35164" lon="-2.6417"/>
            <trkpt lat="48.35161" lon="-2.64174"/>
            <trkpt lat="48.35123" lon="-2.64178"/>
            <trkpt lat="48.35083" lon="-2.64179"/>
            <trkpt lat="48.35056" lon="-2.6417"/>
            <trkpt lat="48.35054" lon="-2.64176"/>
            <trkpt lat="48.3505" lon="-2.64183"/>
            <trkpt lat="48.35044" lon="-2.64191"/>
            <trkpt lat="48.35041" lon="-2.64193"/>
            <trkpt lat="48.35028" lon="-2.64202"/>
            <trkpt lat="48.34981" lon="-2.6423"/>
            <trkpt lat="48.34976" lon="-2.64239"/>
            <trkpt lat="48.34966" lon="-2.6425"/>
            <trkpt lat="48.34956" lon="-2.64264"/>
            <trkpt lat="48.34942" lon="-2.64296"/>
            <trkpt lat="48.34936" lon="-2.64317"/>
            <trkpt lat="48.34929" lon="-2.64353"/>
            <trkpt lat="48.34928" lon="-2.64371"/>
            <trkpt lat="48.3493" lon="-2.64427"/>
            <trkpt lat="48.34929" lon="-2.64434"/>
            <trkpt lat="48.34934" lon="-2.64512"/>
            <trkpt lat="48.34935" lon="-2.64544"/>
            <trkpt lat="48.34937" lon="-2.64567"/>
            <trkpt lat="48.34939" lon="-2.64592"/>
            <trkpt lat="48.34947" lon="-2.64643"/>
            <trkpt lat="48.34973" lon="-2.6478"/>
            <trkpt lat="48.35029" lon="-2.65078"/>
            <trkpt lat="48.35063" lon="-2.6526"/>
            <trkpt lat="48.35076" lon="-2.65335"/>
            <trkpt lat="48.35083" lon="-2.65344"/>
            <trkpt lat="48.35096" lon="-2.6541"/>
            <trkpt lat="48.35103" lon="-2.65448"/>
            <trkpt lat="48.3511" lon="-2.65482"/>
            <trkpt lat="48.35099" lon="-2.65479"/>
            <trkpt lat="48.35095" lon="-2.65478"/>
            <trkpt lat="48.35087" lon="-2.65479"/>
            <trkpt lat="48.35081" lon="-2.65481"/>
            <trkpt lat="48.35077" lon="-2.65485"/>
            <trkpt lat="48.35074" lon="-2.65491"/>
            <trkpt lat="48.3507" lon="-2.655"/>
            <trkpt lat="48.35069" lon="-2.65508"/>
            <trkpt lat="48.35068" lon="-2.65516"/>
            <trkpt lat="48.35068" lon="-2.6553"/>
            <trkpt lat="48.3507" lon="-2.65564"/>
            <trkpt lat="48.3507" lon="-2.65569"/>
            <trkpt lat="48.35069" lon="-2.65593"/>
            <trkpt lat="48.35061" lon="-2.65624"/>
            <trkpt lat="48.35052" lon="-2.65652"/>
            <trkpt lat="48.3504" lon="-2.65681"/>
            <trkpt lat="48.34988" lon="-2.65788"/>
            <trkpt lat="48.34965" lon="-2.65842"/>
            <trkpt lat="48.34957" lon="-2.65869"/>
            <trkpt lat="48.34917" lon="-2.66009"/>
            <trkpt lat="48.34878" lon="-2.66136"/>
            <trkpt lat="48.34871" lon="-2.66159"/>
            <trkpt lat="48.34845" lon="-2.66231"/>
            <trkpt lat="48.3482" lon="-2.66274"/>
            <trkpt lat="48.34746" lon="-2.66371"/>
            <trkpt lat="48.34707" lon="-2.66446"/>
            <trkpt lat="48.34669" lon="-2.66547"/>
            <trkpt lat="48.34637" lon="-2.66625"/>
            <trkpt lat="48.34612" lon="-2.66672"/>
            <trkpt lat="48.34577" lon="-2.66727"/>
            <trkpt lat="48.34539" lon="-2.6677"/>
            <trkpt lat="48.34489" lon="-2.66816"/>
            <trkpt lat="48.34418" lon="-2.66875"/>
            <trkpt lat="48.34401" lon="-2.66894"/>
            <trkpt lat="48.34364" lon="-2.6695"/>
            <trkpt lat="48.3431" lon="-2.67033"/>
            <trkpt lat="48.34263" lon="-2.671"/>
            <trkpt lat="48.34206" lon="-2.67176"/>
            <trkpt lat="48.34103" lon="-2.67269"/>
            <trkpt lat="48.34032" lon="-2.67355"/>
            <trkpt lat="48.33984" lon="-2.67422"/>
            <trkpt lat="48.33977" lon="-2.67432"/>
            <trkpt lat="48.33958" lon="-2.67475"/>
            <trkpt lat="48.33932" lon="-2.6754"/>
            <trkpt lat="48.33923" lon="-2.67563"/>
            <trkpt lat="48.339" lon="-2.67625"/>
            <trkpt lat="48.33834" lon="-2.67761"/>
            <trkpt lat="48.3382" lon="-2.67789"/>
            <trkpt lat="48.33801" lon="-2.67847"/>
            <trkpt lat="48.33796" lon="-2.67873"/>
            <trkpt lat="48.33783" lon="-2.67919"/>
            <trkpt lat="48.33754" lon="-2.68004"/>
            <trkpt lat="48.33748" lon="-2.68024"/>
            <trkpt lat="48.33738" lon="-2.68066"/>
            <trkpt lat="48.33733" lon="-2.68088"/>
            <trkpt lat="48.33716" lon="-2.68165"/>
            <trkpt lat="48.33714" lon="-2.68176"/>
            <trkpt lat="48.33706" lon="-2.68233"/>
            <trkpt lat="48.33705" lon="-2.68243"/>
            <trkpt lat="48.33702" lon="-2.68283"/>
            <trkpt lat="48.33698" lon="-2.68343"/>
            <trkpt lat="48.33696" lon="-2.68388"/>
            <trkpt lat="48.33696" lon="-2.684"/>
            <trkpt lat="48.33691" lon="-2.6843"/>
            <trkpt lat="48.33682" lon="-2.68448"/>
            <trkpt lat="48.33672" lon="-2.68457"/>
            <trkpt lat="48.3366" lon="-2.6847"/>
            <trkpt lat="48.33622" lon="-2.68501"/>
            <trkpt lat="48.33614" lon="-2.6851"/>
            <trkpt lat="48.33595" lon="-2.68541"/>
            <trkpt lat="48.33586" lon="-2.68567"/>
            <trkpt lat="48.33583" lon="-2.68583"/>
            <trkpt lat="48.3358" lon="-2.68607"/>
            <trkpt lat="48.3358" lon="-2.68628"/>
            <trkpt lat="48.33579" lon="-2.6878"/>
            <trkpt lat="48.33578" lon="-2.68802"/>
            <trkpt lat="48.33577" lon="-2.68829"/>
            <trkpt lat="48.33574" lon="-2.68864"/>
            <trkpt lat="48.33572" lon="-2.68882"/>
            <trkpt lat="48.33565" lon="-2.68916"/>
            <trkpt lat="48.33554" lon="-2.6896"/>
            <trkpt lat="48.33549" lon="-2.68972"/>
            <trkpt lat="48.3354" lon="-2.69003"/>
            <trkpt lat="48.33531" lon="-2.69026"/>
            <trkpt lat="48.33489" lon="-2.6911"/>
            <trkpt lat="48.33474" lon="-2.69147"/>
            <trkpt lat="48.33435" lon="-2.6925"/>
            <trkpt lat="48.33412" lon="-2.6934"/>
            <trkpt lat="48.33393" lon="-2.6943"/>
            <trkpt lat="48.33384" lon="-2.69456"/>
            <trkpt lat="48.33366" lon="-2.69496"/>
            <trkpt lat="48.33341" lon="-2.69539"/>
            <trkpt lat="48.33328" lon="-2.69557"/>
            <trkpt lat="48.33176" lon="-2.69715"/>
            <trkpt lat="48.33151" lon="-2.69747"/>
            <trkpt lat="48.33132" lon="-2.6977"/>
            <trkpt lat="48.33118" lon="-2.69794"/>
            <trkpt lat="48.3309" lon="-2.69867"/>
            <trkpt lat="48.33076" lon="-2.69897"/>
            <trkpt lat="48.33067" lon="-2.69919"/>
            <trkpt lat="48.33055" lon="-2.69952"/>
            <trkpt lat="48.33031" lon="-2.70026"/>
            <trkpt lat="48.3302" lon="-2.70057"/>
            <trkpt lat="48.33013" lon="-2.7007"/>
            <trkpt lat="48.32997" lon="-2.701"/>
            <trkpt lat="48.32981" lon="-2.70123"/>
            <trkpt lat="48.3296" lon="-2.70151"/>
            <trkpt lat="48.32933" lon="-2.70178"/>
            <trkpt lat="48.32892" lon="-2.70218"/>
            <trkpt lat="48.32862" lon="-2.70255"/>
            <trkpt lat="48.32856" lon="-2.70264"/>
            <trkpt lat="48.32842" lon="-2.70285"/>
            <trkpt lat="48.3284" lon="-2.70289"/>
            <trkpt lat="48.32819" lon="-2.70328"/>
            <trkpt lat="48.32769" lon="-2.70416"/>
            <trkpt lat="48.32744" lon="-2.70465"/>
            <trkpt lat="48.32695" lon="-2.70558"/>
            <trkpt lat="48.32678" lon="-2.70588"/>
            <trkpt lat="48.32663" lon="-2.70617"/>
            <trkpt lat="48.32656" lon="-2.70631"/>
            <trkpt lat="48.32644" lon="-2.70659"/>
            <trkpt lat="48.32629" lon="-2.70693"/>
            <trkpt lat="48.32602" lon="-2.70758"/>
            <trkpt lat="48.3256" lon="-2.7087"/>
            <trkpt lat="48.32547" lon="-2.70902"/>
            <trkpt lat="48.32522" lon="-2.70946"/>
            <trkpt lat="48.32472" lon="-2.71022"/>
            <trkpt lat="48.32426" lon="-2.71073"/>
            <trkpt lat="48.32407" lon="-2.71099"/>
            <trkpt lat="48.32383" lon="-2.71145"/>
            <trkpt lat="48.32358" lon="-2.71207"/>
            <trkpt lat="48.32336" lon="-2.7126"/>
            <trkpt lat="48.32329" lon="-2.71275"/>
            <trkpt lat="48.32302" lon="-2.71334"/>
            <trkpt lat="48.32288" lon="-2.71355"/>
            <trkpt lat="48.32266" lon="-2.71373"/>
            <trkpt lat="48.32228" lon="-2.71399"/>
            <trkpt lat="48.32188" lon="-2.71415"/>
            <trkpt lat="48.32108" lon="-2.71452"/>
            <trkpt lat="48.32094" lon="-2.71462"/>
            <trkpt lat="48.32071" lon="-2.71482"/>
            <trkpt lat="48.32052" lon="-2.71503"/>
            <trkpt lat="48.31997" lon="-2.71579"/>
            <trkpt lat="48.31944" lon="-2.71671"/>
            <trkpt lat="48.31876" lon="-2.71814"/>
            <trkpt lat="48.31843" lon="-2.71904"/>
            <trkpt lat="48.31836" lon="-2.7193"/>
            <trkpt lat="48.31833" lon="-2.71951"/>
            <trkpt lat="48.31833" lon="-2.71976"/>
            <trkpt lat="48.3184" lon="-2.72024"/>
            <trkpt lat="48.31847" lon="-2.72061"/>
            <trkpt lat="48.31864" lon="-2.72126"/>
            <trkpt lat="48.31875" lon="-2.72181"/>
            <trkpt lat="48.31875" lon="-2.72223"/>
            <trkpt lat="48.31874" lon="-2.72227"/>
            <trkpt lat="48.31873" lon="-2.72247"/>
            <trkpt lat="48.31868" lon="-2.72276"/>
            <trkpt lat="48.31859" lon="-2.72296"/>
            <trkpt lat="48.31858" lon="-2.72301"/>
            <trkpt lat="48.31854" lon="-2.72314"/>
            <trkpt lat="48.31831" lon="-2.72355"/>
            <trkpt lat="48.31787" lon="-2.72424"/>
            <trkpt lat="48.31784" lon="-2.72428"/>
            <trkpt lat="48.31763" lon="-2.72461"/>
            <trkpt lat="48.31746" lon="-2.72488"/>
            <trkpt lat="48.31687" lon="-2.72577"/>
            <trkpt lat="48.3167" lon="-2.72611"/>
            <trkpt lat="48.31659" lon="-2.72636"/>
            <trkpt lat="48.31648" lon="-2.72665"/>
            <trkpt lat="48.31637" lon="-2.72698"/>
            <trkpt lat="48.31629" lon="-2.72728"/>
            <trkpt lat="48.3162" lon="-2.72773"/>
            <trkpt lat="48.31604" lon="-2.72865"/>
            <trkpt lat="48.31592" lon="-2.72943"/>
            <trkpt lat="48.31578" lon="-2.7307"/>
            <trkpt lat="48.31559" lon="-2.73177"/>
            <trkpt lat="48.31555" lon="-2.7321"/>
            <trkpt lat="48.31551" lon="-2.73229"/>
            <trkpt lat="48.31545" lon="-2.73246"/>
            <trkpt lat="48.31539" lon="-2.73259"/>
            <trkpt lat="48.31536" lon="-2.73266"/>
            <trkpt lat="48.31526" lon="-2.73281"/>
            <trkpt lat="48.31492" lon="-2.73318"/>
            <trkpt lat="48.31472" lon="-2.73343"/>
            <trkpt lat="48.31457" lon="-2.73366"/>
            <trkpt lat="48.31424" lon="-2.73429"/>
            <trkpt lat="48.31412" lon="-2.73453"/>
            <trkpt lat="48.31394" lon="-2.73482"/>
            <trkpt lat="48.31385" lon="-2.73492"/>
            <trkpt lat="48.31356" lon="-2.73523"/>
            <trkpt lat="48.31337" lon="-2.73545"/>
            <trkpt lat="48.31317" lon="-2.73573"/>
            <trkpt lat="48.31275" lon="-2.73645"/>
            <trkpt lat="48.31247" lon="-2.737"/>
            <trkpt lat="48.31235" lon="-2.73728"/>
            <trkpt lat="48.31222" lon="-2.73761"/>
            <trkpt lat="48.31198" lon="-2.73831"/>
            <trkpt lat="48.31189" lon="-2.73851"/>
            <trkpt lat="48.31176" lon="-2.73881"/>
            <trkpt lat="48.3115" lon="-2.73929"/>
            <trkpt lat="48.31128" lon="-2.73969"/>
            <trkpt lat="48.31096" lon="-2.74028"/>
            <trkpt lat="48.31083" lon="-2.74053"/>
            <trkpt lat="48.31062" lon="-2.74099"/>
            <trkpt lat="48.3103" lon="-2.74186"/>
            <trkpt lat="48.31019" lon="-2.74215"/>
            <trkpt lat="48.31001" lon="-2.74248"/>
            <trkpt lat="48.30985" lon="-2.74267"/>
            <trkpt lat="48.30971" lon="-2.74282"/>
            <trkpt lat="48.30951" lon="-2.74296"/>
            <trkpt lat="48.30838" lon="-2.74339"/>
            <trkpt lat="48.30805" lon="-2.74359"/>
            <trkpt lat="48.30795" lon="-2.74369"/>
            <trkpt lat="48.3078" lon="-2.74389"/>
            <trkpt lat="48.30768" lon="-2.74441"/>
            <trkpt lat="48.30739" lon="-2.74619"/>
            <trkpt lat="48.30736" lon="-2.74637"/>
            <trkpt lat="48.30732" lon="-2.74658"/>
            <trkpt lat="48.30721" lon="-2.74708"/>
            <trkpt lat="48.30705" lon="-2.74792"/>
            <trkpt lat="48.30702" lon="-2.74819"/>
            <trkpt lat="48.30697" lon="-2.74845"/>
            <trkpt lat="48.30664" lon="-2.74989"/>
            <trkpt lat="48.30655" lon="-2.75058"/>
            <trkpt lat="48.30653" lon="-2.75108"/>
            <trkpt lat="48.30653" lon="-2.75158"/>
            <trkpt lat="48.30655" lon="-2.75214"/>
            <trkpt lat="48.30661" lon="-2.75302"/>
            <trkpt lat="48.3066" lon="-2.75348"/>
            <trkpt lat="48.30658" lon="-2.75369"/>
            <trkpt lat="48.30649" lon="-2.75433"/>
            <trkpt lat="48.30637" lon="-2.75506"/>
            <trkpt lat="48.3062" lon="-2.75592"/>
            <trkpt lat="48.30604" lon="-2.75701"/>
            <trkpt lat="48.30596" lon="-2.75731"/>
            <trkpt lat="48.30588" lon="-2.75749"/>
            <trkpt lat="48.30582" lon="-2.75759"/>
            <trkpt lat="48.30562" lon="-2.75789"/>
            <trkpt lat="48.30557" lon="-2.75799"/>
            <trkpt lat="48.30549" lon="-2.75817"/>
            <trkpt lat="48.3054" lon="-2.75842"/>
            <trkpt lat="48.30495" lon="-2.75991"/>
            <trkpt lat="48.30424" lon="-2.76221"/>
            <trkpt lat="48.30404" lon="-2.76291"/>
            <trkpt lat="48.3039" lon="-2.76343"/>
            <trkpt lat="48.30375" lon="-2.76395"/>
            <trkpt lat="48.30372" lon="-2.76408"/>
            <trkpt lat="48.30363" lon="-2.76432"/>
            <trkpt lat="48.30353" lon="-2.76453"/>
            <trkpt lat="48.30352" lon="-2.76455"/>
            <trkpt lat="48.30342" lon="-2.76474"/>
            <trkpt lat="48.30339" lon="-2.76478"/>
            <trkpt lat="48.30322" lon="-2.76501"/>
            <trkpt lat="48.3031" lon="-2.76513"/>
            <trkpt lat="48.30248" lon="-2.76567"/>
            <trkpt lat="48.30234" lon="-2.76583"/>
            <trkpt lat="48.30223" lon="-2.766"/>
            <trkpt lat="48.3022" lon="-2.76613"/>
            <trkpt lat="48.30202" lon="-2.76706"/>
            <trkpt lat="48.30186" lon="-2.7677"/>
            <trkpt lat="48.30177" lon="-2.76794"/>
            <trkpt lat="48.30148" lon="-2.76855"/>
            <trkpt lat="48.3012" lon="-2.76916"/>
            <trkpt lat="48.30103" lon="-2.76964"/>
            <trkpt lat="48.30086" lon="-2.77021"/>
            <trkpt lat="48.30048" lon="-2.77227"/>
            <trkpt lat="48.3002" lon="-2.77337"/>
            <trkpt lat="48.30007" lon="-2.77366"/>
            <trkpt lat="48.29999" lon="-2.77379"/>
            <trkpt lat="48.29969" lon="-2.77447"/>
            <trkpt lat="48.29961" lon="-2.77467"/>
            <trkpt lat="48.29924" lon="-2.77601"/>
            <trkpt lat="48.29905" lon="-2.777"/>
            <trkpt lat="48.29904" lon="-2.77716"/>
            <trkpt lat="48.29906" lon="-2.77755"/>
            <trkpt lat="48.2991" lon="-2.77776"/>
            <trkpt lat="48.29925" lon="-2.77838"/>
            <trkpt lat="48.29956" lon="-2.77946"/>
            <trkpt lat="48.29992" lon="-2.7807"/>
            <trkpt lat="48.29999" lon="-2.78107"/>
            <trkpt lat="48.3" lon="-2.78142"/>
            <trkpt lat="48.29999" lon="-2.78177"/>
            <trkpt lat="48.29995" lon="-2.78216"/>
            <trkpt lat="48.29975" lon="-2.78419"/>
            <trkpt lat="48.29948" lon="-2.78685"/>
            <trkpt lat="48.2994" lon="-2.78747"/>
            <trkpt lat="48.29938" lon="-2.78757"/>
            <trkpt lat="48.29932" lon="-2.78768"/>
            <trkpt lat="48.29887" lon="-2.78847"/>
            <trkpt lat="48.29812" lon="-2.7898"/>
            <trkpt lat="48.29778" lon="-2.79046"/>
            <trkpt lat="48.29775" lon="-2.79053"/>
            <trkpt lat="48.29701" lon="-2.79203"/>
            <trkpt lat="48.29676" lon="-2.79254"/>
            <trkpt lat="48.2959" lon="-2.79427"/>
            <trkpt lat="48.29578" lon="-2.79451"/>
            <trkpt lat="48.29484" lon="-2.79637"/>
            <trkpt lat="48.29471" lon="-2.79662"/>
            <trkpt lat="48.29468" lon="-2.79668"/>
            <trkpt lat="48.29458" lon="-2.79685"/>
            <trkpt lat="48.29441" lon="-2.79708"/>
            <trkpt lat="48.29399" lon="-2.79755"/>
            <trkpt lat="48.2937" lon="-2.79789"/>
            <trkpt lat="48.29354" lon="-2.79805"/>
            <trkpt lat="48.29304" lon="-2.79857"/>
            <trkpt lat="48.29072" lon="-2.80093"/>
            <trkpt lat="48.29034" lon="-2.80128"/>
            <trkpt lat="48.28977" lon="-2.80179"/>
            <trkpt lat="48.28874" lon="-2.80267"/>
            <trkpt lat="48.28849" lon="-2.80289"/>
            <trkpt lat="48.28826" lon="-2.80317"/>
            <trkpt lat="48.28806" lon="-2.80348"/>
            <trkpt lat="48.28801" lon="-2.80355"/>
            <trkpt lat="48.28788" lon="-2.80378"/>
            <trkpt lat="48.28741" lon="-2.80454"/>
            <trkpt lat="48.2873" lon="-2.80468"/>
            <trkpt lat="48.2872" lon="-2.80479"/>
            <trkpt lat="48.28662" lon="-2.80539"/>
            <trkpt lat="48.28633" lon="-2.80573"/>
            <trkpt lat="48.2854" lon="-2.80668"/>
            <trkpt lat="48.28512" lon="-2.80702"/>
            <trkpt lat="48.28476" lon="-2.80748"/>
            <trkpt lat="48.28449" lon="-2.80795"/>
            <trkpt lat="48.28442" lon="-2.80807"/>
            <trkpt lat="48.28419" lon="-2.80849"/>
            <trkpt lat="48.28386" lon="-2.80903"/>
            <trkpt lat="48.28356" lon="-2.80946"/>
            <trkpt lat="48.28346" lon="-2.8096"/>
            <trkpt lat="48.28323" lon="-2.80997"/>
            <trkpt lat="48.28292" lon="-2.81044"/>
            <trkpt lat="48.28266" lon="-2.8108"/>
            <trkpt lat="48.2826" lon="-2.81093"/>
            <trkpt lat="48.28251" lon="-2.81117"/>
            <trkpt lat="48.28241" lon="-2.81164"/>
            <trkpt lat="48.28238" lon="-2.81176"/>
            <trkpt lat="48.28231" lon="-2.81211"/>
            <trkpt lat="48.28226" lon="-2.81224"/>
            <trkpt lat="48.28222" lon="-2.81233"/>
            <trkpt lat="48.28217" lon="-2.81242"/>
            <trkpt lat="48.28208" lon="-2.8125"/>
            <trkpt lat="48.28208" lon="-2.8125"/>
            <trkpt lat="48.28201" lon="-2.81255"/>
            <trkpt lat="48.28195" lon="-2.81258"/>
            <trkpt lat="48.28176" lon="-2.81274"/>
            <trkpt lat="48.28141" lon="-2.81312"/>
            <trkpt lat="48.28121" lon="-2.81335"/>
            <trkpt lat="48.28103" lon="-2.81375"/>
            <trkpt lat="48.28063" lon="-2.81483"/>
            <trkpt lat="48.28042" lon="-2.81544"/>
            <trkpt lat="48.28036" lon="-2.81561"/>
            <trkpt lat="48.28028" lon="-2.81603"/>
            <trkpt lat="48.28028" lon="-2.81623"/>
            <trkpt lat="48.28049" lon="-2.81686"/>
            <trkpt lat="48.28059" lon="-2.81715"/>
            <trkpt lat="48.2807" lon="-2.81756"/>
            <trkpt lat="48.28076" lon="-2.81786"/>
            <trkpt lat="48.28079" lon="-2.81819"/>
            <trkpt lat="48.28085" lon="-2.81868"/>
            <trkpt lat="48.28091" lon="-2.81948"/>
            <trkpt lat="48.28095" lon="-2.82006"/>
            <trkpt lat="48.28097" lon="-2.82039"/>
            <trkpt lat="48.28094" lon="-2.82096"/>
            <trkpt lat="48.28093" lon="-2.82101"/>
            <trkpt lat="48.28087" lon="-2.82147"/>
            <trkpt lat="48.28086" lon="-2.82166"/>
            <trkpt lat="48.28082" lon="-2.82204"/>
            <trkpt lat="48.28084" lon="-2.82247"/>
            <trkpt lat="48.28089" lon="-2.8229"/>
            <trkpt lat="48.28101" lon="-2.82349"/>
            <trkpt lat="48.28104" lon="-2.82371"/>
            <trkpt lat="48.28112" lon="-2.82421"/>
            <trkpt lat="48.28141" lon="-2.82565"/>
            <trkpt lat="48.28145" lon="-2.82587"/>
            <trkpt lat="48.28151" lon="-2.82625"/>
            <trkpt lat="48.28154" lon="-2.82677"/>
            <trkpt lat="48.28155" lon="-2.82732"/>
            <trkpt lat="48.28156" lon="-2.82765"/>
            <trkpt lat="48.28156" lon="-2.82802"/>
            <trkpt lat="48.28154" lon="-2.82842"/>
            <trkpt lat="48.28152" lon="-2.82901"/>
            <trkpt lat="48.28151" lon="-2.82976"/>
            <trkpt lat="48.2815" lon="-2.83039"/>
            <trkpt lat="48.2815" lon="-2.83084"/>
            <trkpt lat="48.2815" lon="-2.83143"/>
            <trkpt lat="48.2815" lon="-2.83152"/>
            <trkpt lat="48.28149" lon="-2.83191"/>
            <trkpt lat="48.28149" lon="-2.83199"/>
            <trkpt lat="48.28144" lon="-2.83253"/>
            <trkpt lat="48.28139" lon="-2.83401"/>
            <trkpt lat="48.28137" lon="-2.83417"/>
            <trkpt lat="48.28133" lon="-2.83433"/>
            <trkpt lat="48.28129" lon="-2.83447"/>
            <trkpt lat="48.28125" lon="-2.83461"/>
            <trkpt lat="48.28084" lon="-2.83594"/>
            <trkpt lat="48.2805" lon="-2.83693"/>
            <trkpt lat="48.28042" lon="-2.83715"/>
            <trkpt lat="48.28031" lon="-2.83757"/>
            <trkpt lat="48.28023" lon="-2.8379"/>
            <trkpt lat="48.28005" lon="-2.83862"/>
            <trkpt lat="48.27983" lon="-2.83951"/>
            <trkpt lat="48.27965" lon="-2.84014"/>
            <trkpt lat="48.27956" lon="-2.8404"/>
            <trkpt lat="48.27958" lon="-2.84047"/>
            <trkpt lat="48.27964" lon="-2.84057"/>
            <trkpt lat="48.27968" lon="-2.84062"/>
            <trkpt lat="48.27974" lon="-2.84068"/>
            <trkpt lat="48.27986" lon="-2.84077"/>
            <trkpt lat="48.27967" lon="-2.8416"/>
            <trkpt lat="48.27956" lon="-2.84197"/>
            <trkpt lat="48.27943" lon="-2.84228"/>
            <trkpt lat="48.27935" lon="-2.8424"/>
            <trkpt lat="48.27944" lon="-2.84268"/>
            <trkpt lat="48.27946" lon="-2.84276"/>
            <trkpt lat="48.27948" lon="-2.84281"/>
            <trkpt lat="48.27948" lon="-2.84289"/>
            <trkpt lat="48.27947" lon="-2.84304"/>
            <trkpt lat="48.27942" lon="-2.84318"/>
            <trkpt lat="48.27932" lon="-2.84332"/>
            <trkpt lat="48.27923" lon="-2.84354"/>
            <trkpt lat="48.27925" lon="-2.84376"/>
            <trkpt lat="48.27932" lon="-2.84416"/>
            <trkpt lat="48.27939" lon="-2.84398"/>
            <trkpt lat="48.27945" lon="-2.84383"/>
            <trkpt lat="48.27954" lon="-2.84371"/>
            <trkpt lat="48.27967" lon="-2.84359"/>
            <trkpt lat="48.27971" lon="-2.84357"/>
            <trkpt lat="48.27985" lon="-2.84351"/>
            <trkpt lat="48.27992" lon="-2.84351"/>
            <trkpt lat="48.27998" lon="-2.84352"/>
            <trkpt lat="48.28008" lon="-2.84356"/>
            <trkpt lat="48.28022" lon="-2.84365"/>
            <trkpt lat="48.28038" lon="-2.84377"/>
            <trkpt lat="48.28052" lon="-2.84386"/>
            <trkpt lat="48.28061" lon="-2.84394"/>
            <trkpt lat="48.28067" lon="-2.844"/>
            <trkpt lat="48.28072" lon="-2.84406"/>
            <trkpt lat="48.281" lon="-2.84451"/>
            <trkpt lat="48.28132" lon="-2.84491"/>
            <trkpt lat="48.28159" lon="-2.8452"/>
            <trkpt lat="48.28183" lon="-2.84542"/>
            <trkpt lat="48.28187" lon="-2.84546"/>
            <trkpt lat="48.28198" lon="-2.84554"/>
            <trkpt lat="48.28208" lon="-2.84559"/>
            <trkpt lat="48.28219" lon="-2.84563"/>
            <trkpt lat="48.28232" lon="-2.84567"/>
            <trkpt lat="48.28239" lon="-2.84568"/>
            <trkpt lat="48.28297" lon="-2.84574"/>
            <trkpt lat="48.28316" lon="-2.84579"/>
            <trkpt lat="48.28335" lon="-2.8459"/>
            <trkpt lat="48.28373" lon="-2.8462"/>
            <trkpt lat="48.28405" lon="-2.84644"/>
            <trkpt lat="48.28438" lon="-2.84673"/>
            <trkpt lat="48.2847" lon="-2.84703"/>
            <trkpt lat="48.28476" lon="-2.84708"/>
            <trkpt lat="48.28498" lon="-2.84727"/>
            <trkpt lat="48.28558" lon="-2.84782"/>
            <trkpt lat="48.28601" lon="-2.84808"/>
            <trkpt lat="48.28681" lon="-2.84867"/>
            <trkpt lat="48.28771" lon="-2.84916"/>
            <trkpt lat="48.28816" lon="-2.84936"/>
            <trkpt lat="48.28832" lon="-2.84945"/>
            <trkpt lat="48.28841" lon="-2.84955"/>
            <trkpt lat="48.28857" lon="-2.84999"/>
            <trkpt lat="48.28891" lon="-2.85121"/>
            <trkpt lat="48.28906" lon="-2.85154"/>
            <trkpt lat="48.28919" lon="-2.8517"/>
            <trkpt lat="48.28938" lon="-2.85178"/>
            <trkpt lat="48.28979" lon="-2.85187"/>
            <trkpt lat="48.28991" lon="-2.85185"/>
            <trkpt lat="48.29008" lon="-2.85178"/>
            <trkpt lat="48.2903" lon="-2.85166"/>
            <trkpt lat="48.29053" lon="-2.85146"/>
            <trkpt lat="48.29089" lon="-2.85102"/>
            <trkpt lat="48.2917" lon="-2.84991"/>
            <trkpt lat="48.29209" lon="-2.84944"/>
            <trkpt lat="48.29234" lon="-2.84922"/>
            <trkpt lat="48.29263" lon="-2.8491"/>
            <trkpt lat="48.29304" lon="-2.84906"/>
            <trkpt lat="48.29357" lon="-2.84907"/>
            <trkpt lat="48.2938" lon="-2.8491"/>
            <trkpt lat="48.29401" lon="-2.84919"/>
            <trkpt lat="48.29455" lon="-2.8496"/>
            <trkpt lat="48.29493" lon="-2.84995"/>
            <trkpt lat="48.29544" lon="-2.85032"/>
            <trkpt lat="48.29581" lon="-2.85055"/>
            <trkpt lat="48.2959" lon="-2.85061"/>
            <trkpt lat="48.29661" lon="-2.8511"/>
            <trkpt lat="48.29696" lon="-2.85131"/>
            <trkpt lat="48.29755" lon="-2.85153"/>
            <trkpt lat="48.2982" lon="-2.85193"/>
            <trkpt lat="48.29854" lon="-2.85224"/>
            <trkpt lat="48.299" lon="-2.85256"/>
            <trkpt lat="48.29967" lon="-2.85282"/>
            <trkpt lat="48.30004" lon="-2.85299"/>
            <trkpt lat="48.30019" lon="-2.8531"/>
            <trkpt lat="48.30042" lon="-2.85339"/>
            <trkpt lat="48.30055" lon="-2.85364"/>
            <trkpt lat="48.30086" lon="-2.85447"/>
            <trkpt lat="48.30099" lon="-2.85472"/>
            <trkpt lat="48.30115" lon="-2.85498"/>
            <trkpt lat="48.30153" lon="-2.85543"/>
            <trkpt lat="48.30223" lon="-2.85624"/>
            <trkpt lat="48.30244" lon="-2.85645"/>
            <trkpt lat="48.30258" lon="-2.85659"/>
            <trkpt lat="48.30301" lon="-2.85692"/>
            <trkpt lat="48.30325" lon="-2.85715"/>
            <trkpt lat="48.30335" lon="-2.85728"/>
            <trkpt lat="48.30342" lon="-2.85742"/>
            <trkpt lat="48.30347" lon="-2.85756"/>
            <trkpt lat="48.30349" lon="-2.85773"/>
            <trkpt lat="48.30349" lon="-2.85807"/>
            <trkpt lat="48.30346" lon="-2.8586"/>
            <trkpt lat="48.30342" lon="-2.85897"/>
            <trkpt lat="48.30341" lon="-2.85941"/>
            <trkpt lat="48.30342" lon="-2.85984"/>
            <trkpt lat="48.30345" lon="-2.86015"/>
            <trkpt lat="48.3036" lon="-2.86101"/>
            <trkpt lat="48.30367" lon="-2.86138"/>
            <trkpt lat="48.30375" lon="-2.8617"/>
            <trkpt lat="48.30387" lon="-2.862"/>
            <trkpt lat="48.30403" lon="-2.86234"/>
            <trkpt lat="48.30404" lon="-2.86237"/>
            <trkpt lat="48.30422" lon="-2.86269"/>
            <trkpt lat="48.3049" lon="-2.86393"/>
            <trkpt lat="48.30518" lon="-2.86451"/>
            <trkpt lat="48.30524" lon="-2.86463"/>
            <trkpt lat="48.3054" lon="-2.8651"/>
            <trkpt lat="48.30555" lon="-2.8656"/>
            <trkpt lat="48.30565" lon="-2.86614"/>
            <trkpt lat="48.3057" lon="-2.86662"/>
            <trkpt lat="48.30571" lon="-2.86692"/>
            <trkpt lat="48.3057" lon="-2.86722"/>
            <trkpt lat="48.30563" lon="-2.86764"/>
            <trkpt lat="48.30548" lon="-2.86826"/>
            <trkpt lat="48.3054" lon="-2.86867"/>
            <trkpt lat="48.30535" lon="-2.86947"/>
            <trkpt lat="48.3053" lon="-2.87163"/>
            <trkpt lat="48.30532" lon="-2.8724"/>
            <trkpt lat="48.30537" lon="-2.87267"/>
            <trkpt lat="48.30541" lon="-2.87281"/>
            <trkpt lat="48.30553" lon="-2.87291"/>
            <trkpt lat="48.30565" lon="-2.87296"/>
            <trkpt lat="48.30591" lon="-2.873"/>
            <trkpt lat="48.30601" lon="-2.87299"/>
            <trkpt lat="48.30627" lon="-2.87295"/>
            <trkpt lat="48.30658" lon="-2.87362"/>
            <trkpt lat="48.30676" lon="-2.87408"/>
            <trkpt lat="48.30681" lon="-2.87442"/>
            <trkpt lat="48.30684" lon="-2.87495"/>
            <trkpt lat="48.3068" lon="-2.87535"/>
            <trkpt lat="48.3067" lon="-2.87597"/>
            <trkpt lat="48.3066" lon="-2.87658"/>
            <trkpt lat="48.30655" lon="-2.87687"/>
            <trkpt lat="48.30654" lon="-2.87714"/>
            <trkpt lat="48.3066" lon="-2.87743"/>
            <trkpt lat="48.30668" lon="-2.8777"/>
            <trkpt lat="48.30671" lon="-2.87787"/>
            <trkpt lat="48.30668" lon="-2.87812"/>
            <trkpt lat="48.3066" lon="-2.87838"/>
            <trkpt lat="48.30658" lon="-2.87842"/>
            <trkpt lat="48.3062" lon="-2.87936"/>
            <trkpt lat="48.30603" lon="-2.87957"/>
            <trkpt lat="48.30581" lon="-2.87981"/>
            <trkpt lat="48.3057" lon="-2.88"/>
            <trkpt lat="48.3056" lon="-2.88025"/>
            <trkpt lat="48.30547" lon="-2.88074"/>
            <trkpt lat="48.30526" lon="-2.88171"/>
            <trkpt lat="48.30492" lon="-2.88359"/>
            <trkpt lat="48.30485" lon="-2.8839"/>
            <trkpt lat="48.30473" lon="-2.88432"/>
            <trkpt lat="48.30472" lon="-2.88438"/>
            <trkpt lat="48.30447" lon="-2.88574"/>
            <trkpt lat="48.30438" lon="-2.88657"/>
            <trkpt lat="48.30438" lon="-2.88714"/>
            <trkpt lat="48.30428" lon="-2.888"/>
            <trkpt lat="48.30423" lon="-2.88853"/>
            <trkpt lat="48.30421" lon="-2.8888"/>
            <trkpt lat="48.3042" lon="-2.8889"/>
            <trkpt lat="48.3042" lon="-2.88926"/>
            <trkpt lat="48.30423" lon="-2.88975"/>
            <trkpt lat="48.30433" lon="-2.89065"/>
            <trkpt lat="48.30453" lon="-2.89183"/>
            <trkpt lat="48.30466" lon="-2.89244"/>
            <trkpt lat="48.30469" lon="-2.89283"/>
            <trkpt lat="48.30469" lon="-2.89319"/>
            <trkpt lat="48.30465" lon="-2.8935"/>
            <trkpt lat="48.30459" lon="-2.8937"/>
            <trkpt lat="48.30435" lon="-2.89451"/>
            <trkpt lat="48.30429" lon="-2.89472"/>
            <trkpt lat="48.30418" lon="-2.89551"/>
            <trkpt lat="48.30417" lon="-2.89554"/>
            <trkpt lat="48.30406" lon="-2.89591"/>
            <trkpt lat="48.30396" lon="-2.89618"/>
            <trkpt lat="48.30393" lon="-2.89626"/>
            <trkpt lat="48.30355" lon="-2.89773"/>
            <trkpt lat="48.30343" lon="-2.89809"/>
            <trkpt lat="48.30315" lon="-2.89865"/>
            <trkpt lat="48.30288" lon="-2.89916"/>
            <trkpt lat="48.30267" lon="-2.89966"/>
            <trkpt lat="48.30246" lon="-2.90011"/>
            <trkpt lat="48.3023" lon="-2.90039"/>
            <trkpt lat="48.30215" lon="-2.90066"/>
            <trkpt lat="48.30215" lon="-2.90066"/>
            <trkpt lat="48.30207" lon="-2.90079"/>
            <trkpt lat="48.30191" lon="-2.9009"/>
            <trkpt lat="48.30165" lon="-2.90093"/>
            <trkpt lat="48.30159" lon="-2.90092"/>
            <trkpt lat="48.30138" lon="-2.9009"/>
            <trkpt lat="48.3012" lon="-2.90076"/>
            <trkpt lat="48.30109" lon="-2.90059"/>
            <trkpt lat="48.30103" lon="-2.90044"/>
            <trkpt lat="48.30103" lon="-2.90039"/>
            <trkpt lat="48.30103" lon="-2.90035"/>
            <trkpt lat="48.30106" lon="-2.90023"/>
            <trkpt lat="48.3012" lon="-2.90006"/>
            <trkpt lat="48.30147" lon="-2.8998"/>
            <trkpt lat="48.30158" lon="-2.8996"/>
            <trkpt lat="48.30169" lon="-2.8993"/>
            <trkpt lat="48.30174" lon="-2.89892"/>
            <trkpt lat="48.30172" lon="-2.89849"/>
            <trkpt lat="48.30164" lon="-2.89807"/>
            <trkpt lat="48.30149" lon="-2.89774"/>
            <trkpt lat="48.30134" lon="-2.89789"/>
            <trkpt lat="48.30108" lon="-2.89814"/>
            <trkpt lat="48.30036" lon="-2.89883"/>
            <trkpt lat="48.3001" lon="-2.89911"/>
            <trkpt lat="48.29958" lon="-2.89963"/>
            <trkpt lat="48.29948" lon="-2.8998"/>
            <trkpt lat="48.29939" lon="-2.90007"/>
            <trkpt lat="48.29935" lon="-2.90031"/>
            <trkpt lat="48.29935" lon="-2.90039"/>
            <trkpt lat="48.29933" lon="-2.90071"/>
            <trkpt lat="48.29934" lon="-2.90157"/>
            <trkpt lat="48.29938" lon="-2.90219"/>
            <trkpt lat="48.29947" lon="-2.9027"/>
            <trkpt lat="48.29949" lon="-2.90291"/>
            <trkpt lat="48.29956" lon="-2.90316"/>
            <trkpt lat="48.29965" lon="-2.90338"/>
            <trkpt lat="48.29973" lon="-2.90356"/>
            <trkpt lat="48.29984" lon="-2.90381"/>
            <trkpt lat="48.29998" lon="-2.90426"/>
            <trkpt lat="48.30029" lon="-2.90533"/>
            <trkpt lat="48.30045" lon="-2.90595"/>
            <trkpt lat="48.30068" lon="-2.9069"/>
            <trkpt lat="48.30078" lon="-2.90723"/>
            <trkpt lat="48.30086" lon="-2.90746"/>
            <trkpt lat="48.30094" lon="-2.90763"/>
            <trkpt lat="48.30099" lon="-2.90773"/>
            <trkpt lat="48.30116" lon="-2.90818"/>
            <trkpt lat="48.30122" lon="-2.90853"/>
            <trkpt lat="48.30123" lon="-2.90885"/>
            <trkpt lat="48.30117" lon="-2.90949"/>
            <trkpt lat="48.30095" lon="-2.90954"/>
            <trkpt lat="48.30059" lon="-2.9098"/>
            <trkpt lat="48.3" lon="-2.91027"/>
            <trkpt lat="48.29993" lon="-2.91033"/>
            <trkpt lat="48.29983" lon="-2.91037"/>
            <trkpt lat="48.29971" lon="-2.91043"/>
            <trkpt lat="48.29953" lon="-2.91044"/>
            <trkpt lat="48.2989" lon="-2.91043"/>
            <trkpt lat="48.29865" lon="-2.91046"/>
            <trkpt lat="48.29843" lon="-2.91056"/>
            <trkpt lat="48.29744" lon="-2.91112"/>
            <trkpt lat="48.29731" lon="-2.91092"/>
            <trkpt lat="48.29703" lon="-2.91055"/>
            <trkpt lat="48.29684" lon="-2.91037"/>
            <trkpt lat="48.2966" lon="-2.9102"/>
            <trkpt lat="48.29645" lon="-2.91006"/>
            <trkpt lat="48.29635" lon="-2.90992"/>
            <trkpt lat="48.29624" lon="-2.9097"/>
            <trkpt lat="48.29615" lon="-2.90937"/>
            <trkpt lat="48.29612" lon="-2.90919"/>
            <trkpt lat="48.29611" lon="-2.90897"/>
            <trkpt lat="48.29616" lon="-2.90842"/>
            <trkpt lat="48.29615" lon="-2.90819"/>
            <trkpt lat="48.29612" lon="-2.90803"/>
            <trkpt lat="48.29606" lon="-2.90791"/>
            <trkpt lat="48.29592" lon="-2.90779"/>
            <trkpt lat="48.2959" lon="-2.90778"/>
            <trkpt lat="48.29539" lon="-2.90742"/>
            <trkpt lat="48.29528" lon="-2.90738"/>
            <trkpt lat="48.29466" lon="-2.90733"/>
            <trkpt lat="48.2945" lon="-2.90736"/>
            <trkpt lat="48.29439" lon="-2.90743"/>
            <trkpt lat="48.29413" lon="-2.90772"/>
            <trkpt lat="48.29408" lon="-2.9079"/>
            <trkpt lat="48.29394" lon="-2.90865"/>
            <trkpt lat="48.29382" lon="-2.90917"/>
            <trkpt lat="48.29382" lon="-2.9093"/>
            <trkpt lat="48.2938" lon="-2.90972"/>
            <trkpt lat="48.2938" lon="-2.90989"/>
            <trkpt lat="48.2938" lon="-2.91008"/>
            <trkpt lat="48.29372" lon="-2.91048"/>
            <trkpt lat="48.29312" lon="-2.91197"/>
            <trkpt lat="48.293" lon="-2.91231"/>
            <trkpt lat="48.29239" lon="-2.91362"/>
            <trkpt lat="48.29216" lon="-2.91422"/>
            <trkpt lat="48.29202" lon="-2.91471"/>
            <trkpt lat="48.29194" lon="-2.91518"/>
            <trkpt lat="48.29175" lon="-2.91634"/>
            <trkpt lat="48.29169" lon="-2.91671"/>
            <trkpt lat="48.29162" lon="-2.91687"/>
            <trkpt lat="48.29158" lon="-2.91693"/>
            <trkpt lat="48.29154" lon="-2.91697"/>
            <trkpt lat="48.29129" lon="-2.91705"/>
            <trkpt lat="48.29121" lon="-2.91711"/>
            <trkpt lat="48.29116" lon="-2.91718"/>
            <trkpt lat="48.29098" lon="-2.91741"/>
            <trkpt lat="48.29087" lon="-2.91758"/>
            <trkpt lat="48.29076" lon="-2.91783"/>
            <trkpt lat="48.29068" lon="-2.918"/>
            <trkpt lat="48.29052" lon="-2.91857"/>
            <trkpt lat="48.29043" lon="-2.91883"/>
            <trkpt lat="48.29038" lon="-2.91892"/>
            <trkpt lat="48.29032" lon="-2.91904"/>
            <trkpt lat="48.29017" lon="-2.91926"/>
            <trkpt lat="48.29" lon="-2.91943"/>
            <trkpt lat="48.28977" lon="-2.9196"/>
            <trkpt lat="48.28949" lon="-2.91972"/>
            <trkpt lat="48.2892" lon="-2.91977"/>
            <trkpt lat="48.2889" lon="-2.91978"/>
            <trkpt lat="48.28861" lon="-2.91975"/>
            <trkpt lat="48.28789" lon="-2.91946"/>
            <trkpt lat="48.28712" lon="-2.91907"/>
            <trkpt lat="48.28716" lon="-2.91922"/>
            <trkpt lat="48.28718" lon="-2.91945"/>
            <trkpt lat="48.28719" lon="-2.91971"/>
            <trkpt lat="48.28718" lon="-2.92059"/>
            <trkpt lat="48.28719" lon="-2.9208"/>
            <trkpt lat="48.28729" lon="-2.92157"/>
            <trkpt lat="48.28734" lon="-2.92236"/>
            <trkpt lat="48.28737" lon="-2.92271"/>
            <trkpt lat="48.28745" lon="-2.92336"/>
            <trkpt lat="48.28749" lon="-2.92361"/>
            <trkpt lat="48.28756" lon="-2.92392"/>
            <trkpt lat="48.28765" lon="-2.92421"/>
            <trkpt lat="48.28788" lon="-2.92489"/>
            <trkpt lat="48.28796" lon="-2.9252"/>
            <trkpt lat="48.28801" lon="-2.92548"/>
            <trkpt lat="48.28806" lon="-2.92608"/>
            <trkpt lat="48.28811" lon="-2.92641"/>
            <trkpt lat="48.28825" lon="-2.92706"/>
            <trkpt lat="48.28845" lon="-2.92794"/>
            <trkpt lat="48.2886" lon="-2.92865"/>
            <trkpt lat="48.28875" lon="-2.92909"/>
            <trkpt lat="48.28883" lon="-2.92944"/>
            <trkpt lat="48.2889" lon="-2.92998"/>
            <trkpt lat="48.28895" lon="-2.93093"/>
            <trkpt lat="48.28898" lon="-2.9312"/>
            <trkpt lat="48.28903" lon="-2.93149"/>
            <trkpt lat="48.28918" lon="-2.93211"/>
            <trkpt lat="48.28927" lon="-2.9326"/>
            <trkpt lat="48.28935" lon="-2.93295"/>
            <trkpt lat="48.28943" lon="-2.93314"/>
            <trkpt lat="48.2896" lon="-2.93352"/>
            <trkpt lat="48.28973" lon="-2.93375"/>
            <trkpt lat="48.28983" lon="-2.93412"/>
            <trkpt lat="48.28989" lon="-2.93441"/>
            <trkpt lat="48.29003" lon="-2.9354"/>
            <trkpt lat="48.29016" lon="-2.93614"/>
            <trkpt lat="48.29032" lon="-2.93682"/>
            <trkpt lat="48.29048" lon="-2.93728"/>
            <trkpt lat="48.29071" lon="-2.93787"/>
            <trkpt lat="48.29112" lon="-2.93922"/>
            <trkpt lat="48.29131" lon="-2.93976"/>
            <trkpt lat="48.29143" lon="-2.94003"/>
            <trkpt lat="48.29153" lon="-2.94027"/>
            <trkpt lat="48.29189" lon="-2.941"/>
            <trkpt lat="48.2921" lon="-2.94151"/>
            <trkpt lat="48.29219" lon="-2.94173"/>
            <trkpt lat="48.29231" lon="-2.94195"/>
            <trkpt lat="48.29267" lon="-2.94254"/>
            <trkpt lat="48.29225" lon="-2.94276"/>
            <trkpt lat="48.29204" lon="-2.94293"/>
            <trkpt lat="48.29188" lon="-2.94299"/>
            <trkpt lat="48.29163" lon="-2.94304"/>
            <trkpt lat="48.29097" lon="-2.94313"/>
            <trkpt lat="48.29002" lon="-2.9433"/>
            <trkpt lat="48.28988" lon="-2.94331"/>
            <trkpt lat="48.28972" lon="-2.9433"/>
            <trkpt lat="48.2892" lon="-2.94311"/>
            <trkpt lat="48.28896" lon="-2.94306"/>
            <trkpt lat="48.28888" lon="-2.94306"/>
            <trkpt lat="48.28873" lon="-2.94309"/>
            <trkpt lat="48.28851" lon="-2.94316"/>
            <trkpt lat="48.28824" lon="-2.94333"/>
            <trkpt lat="48.28779" lon="-2.94368"/>
            <trkpt lat="48.28751" lon="-2.94388"/>
            <trkpt lat="48.28699" lon="-2.94413"/>
            <trkpt lat="48.28681" lon="-2.94426"/>
            <trkpt lat="48.28675" lon="-2.94434"/>
            <trkpt lat="48.28665" lon="-2.94446"/>
            <trkpt lat="48.2866" lon="-2.9446"/>
            <trkpt lat="48.28657" lon="-2.9447"/>
            <trkpt lat="48.28652" lon="-2.94509"/>
            <trkpt lat="48.28641" lon="-2.94656"/>
            <trkpt lat="48.28638" lon="-2.94678"/>
            <trkpt lat="48.28618" lon="-2.9477"/>
            <trkpt lat="48.28613" lon="-2.9481"/>
            <trkpt lat="48.286" lon="-2.95012"/>
            <trkpt lat="48.28598" lon="-2.95036"/>
            <trkpt lat="48.28596" lon="-2.95062"/>
            <trkpt lat="48.28589" lon="-2.95131"/>
            <trkpt lat="48.2858" lon="-2.95169"/>
            <trkpt lat="48.28574" lon="-2.9519"/>
            <trkpt lat="48.28558" lon="-2.95222"/>
            <trkpt lat="48.28549" lon="-2.95245"/>
            <trkpt lat="48.28531" lon="-2.95309"/>
            <trkpt lat="48.28514" lon="-2.95374"/>
            <trkpt lat="48.28496" lon="-2.95424"/>
            <trkpt lat="48.28442" lon="-2.95542"/>
            <trkpt lat="48.28415" lon="-2.95597"/>
            <trkpt lat="48.28395" lon="-2.95635"/>
            <trkpt lat="48.28382" lon="-2.95656"/>
            <trkpt lat="48.28364" lon="-2.9568"/>
            <trkpt lat="48.28353" lon="-2.95697"/>
            <trkpt lat="48.28346" lon="-2.95708"/>
            <trkpt lat="48.28234" lon="-2.95896"/>
            <trkpt lat="48.28085" lon="-2.96156"/>
            <trkpt lat="48.28071" lon="-2.9619"/>
            <trkpt lat="48.28053" lon="-2.96263"/>
            <trkpt lat="48.2804" lon="-2.96302"/>
            <trkpt lat="48.28026" lon="-2.96326"/>
            <trkpt lat="48.28016" lon="-2.96341"/>
            <trkpt lat="48.27995" lon="-2.96361"/>
            <trkpt lat="48.27979" lon="-2.96374"/>
            <trkpt lat="48.27963" lon="-2.96382"/>
            <trkpt lat="48.27942" lon="-2.96388"/>
            <trkpt lat="48.27929" lon="-2.96389"/>
            <trkpt lat="48.27911" lon="-2.9639"/>
            <trkpt lat="48.27865" lon="-2.96381"/>
            <trkpt lat="48.27824" lon="-2.96375"/>
            <trkpt lat="48.27785" lon="-2.96373"/>
            <trkpt lat="48.27773" lon="-2.96375"/>
            <trkpt lat="48.27745" lon="-2.96385"/>
            <trkpt lat="48.27631" lon="-2.96449"/>
            <trkpt lat="48.27526" lon="-2.96514"/>
            <trkpt lat="48.27485" lon="-2.9653"/>
            <trkpt lat="48.27452" lon="-2.9654"/>
            <trkpt lat="48.27423" lon="-2.96548"/>
            <trkpt lat="48.27407" lon="-2.96554"/>
            <trkpt lat="48.27393" lon="-2.96565"/>
            <trkpt lat="48.2739" lon="-2.96566"/>
            <trkpt lat="48.27376" lon="-2.96582"/>
            <trkpt lat="48.27362" lon="-2.96605"/>
            <trkpt lat="48.27351" lon="-2.96627"/>
            <trkpt lat="48.27348" lon="-2.96631"/>
            <trkpt lat="48.27319" lon="-2.9668"/>
            <trkpt lat="48.27301" lon="-2.96699"/>
            <trkpt lat="48.27271" lon="-2.96723"/>
            <trkpt lat="48.27244" lon="-2.96741"/>
            <trkpt lat="48.27228" lon="-2.96748"/>
            <trkpt lat="48.27204" lon="-2.96748"/>
            <trkpt lat="48.27192" lon="-2.96745"/>
            <trkpt lat="48.27177" lon="-2.96739"/>
            <trkpt lat="48.27131" lon="-2.96705"/>
            <trkpt lat="48.27117" lon="-2.96697"/>
            <trkpt lat="48.27092" lon="-2.96673"/>
            <trkpt lat="48.27039" lon="-2.96631"/>
            <trkpt lat="48.27021" lon="-2.96617"/>
            <trkpt lat="48.26981" lon="-2.96583"/>
            <trkpt lat="48.26952" lon="-2.9656"/>
            <trkpt lat="48.26941" lon="-2.96631"/>
            <trkpt lat="48.26938" lon="-2.9665"/>
            <trkpt lat="48.26922" lon="-2.96716"/>
            <trkpt lat="48.26909" lon="-2.96762"/>
            <trkpt lat="48.26903" lon="-2.96791"/>
            <trkpt lat="48.26895" lon="-2.9691"/>
            <trkpt lat="48.26889" lon="-2.96934"/>
            <trkpt lat="48.26862" lon="-2.97031"/>
            <trkpt lat="48.26855" lon="-2.97064"/>
            <trkpt lat="48.26851" lon="-2.97095"/>
            <trkpt lat="48.26846" lon="-2.97193"/>
            <trkpt lat="48.26839" lon="-2.97233"/>
            <trkpt lat="48.26831" lon="-2.97258"/>
            <trkpt lat="48.26821" lon="-2.97287"/>
            <trkpt lat="48.26807" lon="-2.97314"/>
            <trkpt lat="48.26775" lon="-2.97367"/>
            <trkpt lat="48.26561" lon="-2.9775"/>
            <trkpt lat="48.26485" lon="-2.97899"/>
            <trkpt lat="48.26464" lon="-2.97931"/>
            <trkpt lat="48.26433" lon="-2.97964"/>
            <trkpt lat="48.26397" lon="-2.98001"/>
            <trkpt lat="48.2639" lon="-2.98005"/>
            <trkpt lat="48.26385" lon="-2.98007"/>
            <trkpt lat="48.26343" lon="-2.98014"/>
            <trkpt lat="48.26322" lon="-2.98022"/>
            <trkpt lat="48.26315" lon="-2.98034"/>
            <trkpt lat="48.26305" lon="-2.9807"/>
            <trkpt lat="48.26296" lon="-2.98121"/>
            <trkpt lat="48.26283" lon="-2.9818"/>
            <trkpt lat="48.26272" lon="-2.9822"/>
            <trkpt lat="48.26252" lon="-2.9828"/>
            <trkpt lat="48.26195" lon="-2.98427"/>
            <trkpt lat="48.26185" lon="-2.98448"/>
            <trkpt lat="48.26138" lon="-2.9851"/>
            <trkpt lat="48.26124" lon="-2.98536"/>
            <trkpt lat="48.26113" lon="-2.98566"/>
            <trkpt lat="48.26072" lon="-2.98688"/>
            <trkpt lat="48.26058" lon="-2.98738"/>
            <trkpt lat="48.26048" lon="-2.98777"/>
            <trkpt lat="48.26039" lon="-2.98828"/>
            <trkpt lat="48.26019" lon="-2.98937"/>
            <trkpt lat="48.26015" lon="-2.9896"/>
            <trkpt lat="48.26003" lon="-2.99016"/>
            <trkpt lat="48.25988" lon="-2.99071"/>
            <trkpt lat="48.25976" lon="-2.99106"/>
            <trkpt lat="48.25926" lon="-2.99228"/>
            <trkpt lat="48.25902" lon="-2.99276"/>
            <trkpt lat="48.25893" lon="-2.99292"/>
            <trkpt lat="48.25864" lon="-2.99333"/>
            <trkpt lat="48.25855" lon="-2.99352"/>
            <trkpt lat="48.25848" lon="-2.9937"/>
            <trkpt lat="48.25845" lon="-2.99377"/>
            <trkpt lat="48.2584" lon="-2.99394"/>
            <trkpt lat="48.25832" lon="-2.9943"/>
            <trkpt lat="48.25829" lon="-2.9946"/>
            <trkpt lat="48.25826" lon="-2.99509"/>
            <trkpt lat="48.25817" lon="-2.99598"/>
            <trkpt lat="48.25806" lon="-2.99716"/>
            <trkpt lat="48.25799" lon="-2.9977"/>
            <trkpt lat="48.2579" lon="-2.99808"/>
            <trkpt lat="48.25784" lon="-2.99832"/>
            <trkpt lat="48.25755" lon="-2.99936"/>
            <trkpt lat="48.25744" lon="-2.99968"/>
            <trkpt lat="48.25736" lon="-2.99998"/>
            <trkpt lat="48.25712" lon="-3.00077"/>
            <trkpt lat="48.25681" lon="-3.00175"/>
            <trkpt lat="48.25641" lon="-3.00318"/>
            <trkpt lat="48.25626" lon="-3.00366"/>
            <trkpt lat="48.25614" lon="-3.00411"/>
            <trkpt lat="48.25612" lon="-3.00422"/>
            <trkpt lat="48.2561" lon="-3.00434"/>
            <trkpt lat="48.25608" lon="-3.00447"/>
            <trkpt lat="48.25596" lon="-3.00502"/>
            <trkpt lat="48.25584" lon="-3.00565"/>
            <trkpt lat="48.25582" lon="-3.00573"/>
            <trkpt lat="48.2558" lon="-3.00577"/>
            <trkpt lat="48.25576" lon="-3.00585"/>
            <trkpt lat="48.25571" lon="-3.00599"/>
            <trkpt lat="48.2557" lon="-3.00603"/>
            <trkpt lat="48.25562" lon="-3.00637"/>
            <trkpt lat="48.25549" lon="-3.00684"/>
            <trkpt lat="48.25544" lon="-3.00699"/>
            <trkpt lat="48.25509" lon="-3.00795"/>
            <trkpt lat="48.25508" lon="-3.00801"/>
            <trkpt lat="48.25505" lon="-3.00814"/>
            <trkpt lat="48.25504" lon="-3.00833"/>
            <trkpt lat="48.25504" lon="-3.00841"/>
            <trkpt lat="48.25505" lon="-3.00853"/>
            <trkpt lat="48.25509" lon="-3.00876"/>
            <trkpt lat="48.25521" lon="-3.00917"/>
            <trkpt lat="48.25536" lon="-3.00967"/>
            <trkpt lat="48.25544" lon="-3.01006"/>
            <trkpt lat="48.25546" lon="-3.01025"/>
            <trkpt lat="48.25547" lon="-3.01036"/>
            <trkpt lat="48.25548" lon="-3.01073"/>
            <trkpt lat="48.25548" lon="-3.01084"/>
            <trkpt lat="48.25545" lon="-3.01117"/>
            <trkpt lat="48.25514" lon="-3.01404"/>
            <trkpt lat="48.25509" lon="-3.01445"/>
            <trkpt lat="48.25502" lon="-3.01495"/>
            <trkpt lat="48.25449" lon="-3.01467"/>
            <trkpt lat="48.25376" lon="-3.01426"/>
            <trkpt lat="48.25337" lon="-3.01409"/>
            <trkpt lat="48.2531" lon="-3.01398"/>
            <trkpt lat="48.25212" lon="-3.01367"/>
            <trkpt lat="48.25204" lon="-3.01363"/>
            <trkpt lat="48.25195" lon="-3.01359"/>
            <trkpt lat="48.25194" lon="-3.01359"/>
            <trkpt lat="48.25184" lon="-3.01402"/>
            <trkpt lat="48.25151" lon="-3.01508"/>
            <trkpt lat="48.2513" lon="-3.01588"/>
            <trkpt lat="48.25103" lon="-3.01686"/>
            <trkpt lat="48.25098" lon="-3.01699"/>
            <trkpt lat="48.25075" lon="-3.01744"/>
            <trkpt lat="48.24997" lon="-3.01898"/>
            <trkpt lat="48.24973" lon="-3.01951"/>
            <trkpt lat="48.24964" lon="-3.01977"/>
            <trkpt lat="48.24955" lon="-3.02007"/>
            <trkpt lat="48.24947" lon="-3.02031"/>
            <trkpt lat="48.24928" lon="-3.02102"/>
            <trkpt lat="48.24922" lon="-3.02145"/>
            <trkpt lat="48.24912" lon="-3.02241"/>
            <trkpt lat="48.24906" lon="-3.02278"/>
            <trkpt lat="48.24897" lon="-3.02322"/>
            <trkpt lat="48.24889" lon="-3.0235"/>
            <trkpt lat="48.24858" lon="-3.02414"/>
            <trkpt lat="48.24813" lon="-3.02498"/>
            <trkpt lat="48.24736" lon="-3.02645"/>
            <trkpt lat="48.24729" lon="-3.02657"/>
            <trkpt lat="48.24698" lon="-3.02746"/>
            <trkpt lat="48.24687" lon="-3.02768"/>
            <trkpt lat="48.24674" lon="-3.02785"/>
            <trkpt lat="48.24662" lon="-3.02793"/>
            <trkpt lat="48.24651" lon="-3.02799"/>
            <trkpt lat="48.24636" lon="-3.02804"/>
            <trkpt lat="48.24529" lon="-3.02827"/>
            <trkpt lat="48.24516" lon="-3.02833"/>
            <trkpt lat="48.24508" lon="-3.02841"/>
            <trkpt lat="48.24493" lon="-3.02863"/>
            <trkpt lat="48.24472" lon="-3.02906"/>
            <trkpt lat="48.24458" lon="-3.02938"/>
            <trkpt lat="48.2445" lon="-3.02969"/>
            <trkpt lat="48.24443" lon="-3.02987"/>
            <trkpt lat="48.24434" lon="-3.03002"/>
            <trkpt lat="48.24422" lon="-3.03014"/>
            <trkpt lat="48.24413" lon="-3.03022"/>
            <trkpt lat="48.24409" lon="-3.03026"/>
            <trkpt lat="48.24405" lon="-3.03036"/>
            <trkpt lat="48.24394" lon="-3.03086"/>
            <trkpt lat="48.2439" lon="-3.03097"/>
            <trkpt lat="48.24378" lon="-3.03115"/>
            <trkpt lat="48.24357" lon="-3.03126"/>
            <trkpt lat="48.2435" lon="-3.03132"/>
            <trkpt lat="48.24347" lon="-3.03135"/>
            <trkpt lat="48.24337" lon="-3.03153"/>
            <trkpt lat="48.24332" lon="-3.03173"/>
            <trkpt lat="48.24327" lon="-3.03186"/>
            <trkpt lat="48.24322" lon="-3.03192"/>
            <trkpt lat="48.24312" lon="-3.03201"/>
            <trkpt lat="48.24292" lon="-3.03213"/>
            <trkpt lat="48.24265" lon="-3.03223"/>
            <trkpt lat="48.24226" lon="-3.03237"/>
            <trkpt lat="48.24206" lon="-3.03243"/>
            <trkpt lat="48.24191" lon="-3.03244"/>
            <trkpt lat="48.24092" lon="-3.03235"/>
            <trkpt lat="48.24073" lon="-3.03236"/>
            <trkpt lat="48.24059" lon="-3.03243"/>
            <trkpt lat="48.24053" lon="-3.03251"/>
            <trkpt lat="48.24047" lon="-3.03275"/>
            <trkpt lat="48.24043" lon="-3.03292"/>
            <trkpt lat="48.24042" lon="-3.03311"/>
            <trkpt lat="48.24037" lon="-3.0333"/>
            <trkpt lat="48.24029" lon="-3.03354"/>
            <trkpt lat="48.24023" lon="-3.03367"/>
            <trkpt lat="48.24015" lon="-3.03378"/>
            <trkpt lat="48.24007" lon="-3.0339"/>
            <trkpt lat="48.23992" lon="-3.03408"/>
            <trkpt lat="48.2397" lon="-3.03429"/>
            <trkpt lat="48.23938" lon="-3.03464"/>
            <trkpt lat="48.23905" lon="-3.03496"/>
            <trkpt lat="48.23896" lon="-3.03502"/>
            <trkpt lat="48.23886" lon="-3.03506"/>
            <trkpt lat="48.23864" lon="-3.03503"/>
            <trkpt lat="48.23844" lon="-3.03497"/>
            <trkpt lat="48.23812" lon="-3.03491"/>
            <trkpt lat="48.23803" lon="-3.03495"/>
            <trkpt lat="48.23798" lon="-3.035"/>
            <trkpt lat="48.2379" lon="-3.03521"/>
            <trkpt lat="48.23783" lon="-3.03574"/>
            <trkpt lat="48.23777" lon="-3.03637"/>
            <trkpt lat="48.23774" lon="-3.03661"/>
            <trkpt lat="48.23769" lon="-3.03679"/>
            <trkpt lat="48.23763" lon="-3.0369"/>
            <trkpt lat="48.23753" lon="-3.03704"/>
            <trkpt lat="48.23693" lon="-3.03751"/>
            <trkpt lat="48.23685" lon="-3.03759"/>
            <trkpt lat="48.23674" lon="-3.03773"/>
            <trkpt lat="48.23669" lon="-3.03787"/>
            <trkpt lat="48.23663" lon="-3.03811"/>
            <trkpt lat="48.23658" lon="-3.03857"/>
            <trkpt lat="48.23656" lon="-3.03864"/>
            <trkpt lat="48.23651" lon="-3.03871"/>
            <trkpt lat="48.23639" lon="-3.03865"/>
            <trkpt lat="48.23631" lon="-3.03858"/>
            <trkpt lat="48.2361" lon="-3.03838"/>
            <trkpt lat="48.23583" lon="-3.03817"/>
            <trkpt lat="48.23556" lon="-3.03792"/>
            <trkpt lat="48.23535" lon="-3.03778"/>
            <trkpt lat="48.23509" lon="-3.03766"/>
            <trkpt lat="48.23493" lon="-3.0376"/>
            <trkpt lat="48.23472" lon="-3.03757"/>
            <trkpt lat="48.23438" lon="-3.03754"/>
            <trkpt lat="48.23373" lon="-3.03753"/>
            <trkpt lat="48.2327" lon="-3.03749"/>
            <trkpt lat="48.23039" lon="-3.0374"/>
            <trkpt lat="48.22998" lon="-3.0374"/>
            <trkpt lat="48.22971" lon="-3.03739"/>
            <trkpt lat="48.22858" lon="-3.03734"/>
            <trkpt lat="48.22843" lon="-3.03731"/>
            <trkpt lat="48.22834" lon="-3.03728"/>
            <trkpt lat="48.22811" lon="-3.03713"/>
            <trkpt lat="48.22755" lon="-3.03673"/>
            <trkpt lat="48.22657" lon="-3.03582"/>
            <trkpt lat="48.22548" lon="-3.03482"/>
            <trkpt lat="48.22531" lon="-3.03468"/>
            <trkpt lat="48.22526" lon="-3.03466"/>
            <trkpt lat="48.22518" lon="-3.03466"/>
            <trkpt lat="48.22501" lon="-3.03476"/>
            <trkpt lat="48.22466" lon="-3.03504"/>
            <trkpt lat="48.22425" lon="-3.03557"/>
            <trkpt lat="48.22404" lon="-3.03582"/>
            <trkpt lat="48.22362" lon="-3.03622"/>
            <trkpt lat="48.2234" lon="-3.03645"/>
            <trkpt lat="48.22316" lon="-3.03664"/>
            <trkpt lat="48.22298" lon="-3.03684"/>
            <trkpt lat="48.22246" lon="-3.03755"/>
            <trkpt lat="48.22212" lon="-3.03796"/>
            <trkpt lat="48.22174" lon="-3.03832"/>
            <trkpt lat="48.22148" lon="-3.03854"/>
            <trkpt lat="48.22058" lon="-3.03924"/>
            <trkpt lat="48.22054" lon="-3.03928"/>
            <trkpt lat="48.22027" lon="-3.03953"/>
            <trkpt lat="48.22009" lon="-3.03975"/>
            <trkpt lat="48.2199" lon="-3.04002"/>
            <trkpt lat="48.21963" lon="-3.04043"/>
            <trkpt lat="48.21947" lon="-3.04065"/>
            <trkpt lat="48.2192" lon="-3.04089"/>
            <trkpt lat="48.21893" lon="-3.04111"/>
            <trkpt lat="48.21885" lon="-3.04119"/>
            <trkpt lat="48.21789" lon="-3.042"/>
            <trkpt lat="48.21786" lon="-3.04204"/>
            <trkpt lat="48.21782" lon="-3.04208"/>
            <trkpt lat="48.21767" lon="-3.04224"/>
            <trkpt lat="48.21752" lon="-3.04239"/>
            <trkpt lat="48.21734" lon="-3.04258"/>
            <trkpt lat="48.21732" lon="-3.04262"/>
            <trkpt lat="48.21704" lon="-3.04305"/>
            <trkpt lat="48.21634" lon="-3.04413"/>
            <trkpt lat="48.21629" lon="-3.04419"/>
            <trkpt lat="48.21624" lon="-3.0442"/>
            <trkpt lat="48.21621" lon="-3.04419"/>
            <trkpt lat="48.21622" lon="-3.04399"/>
            <trkpt lat="48.21577" lon="-3.04391"/>
            <trkpt lat="48.2157" lon="-3.0439"/>
            <trkpt lat="48.21554" lon="-3.04385"/>
            <trkpt lat="48.2155" lon="-3.04403"/>
            <trkpt lat="48.21538" lon="-3.04428"/>
            <trkpt lat="48.21524" lon="-3.04452"/>
            <trkpt lat="48.21517" lon="-3.04463"/>
            <trkpt lat="48.21511" lon="-3.04469"/>
            <trkpt lat="48.21505" lon="-3.04475"/>
            <trkpt lat="48.21479" lon="-3.0451"/>
            <trkpt lat="48.2147" lon="-3.04531"/>
            <trkpt lat="48.21466" lon="-3.04542"/>
            <trkpt lat="48.21437" lon="-3.04611"/>
            <trkpt lat="48.2143" lon="-3.04624"/>
            <trkpt lat="48.21425" lon="-3.04626"/>
            <trkpt lat="48.2142" lon="-3.04625"/>
            <trkpt lat="48.21408" lon="-3.0462"/>
            <trkpt lat="48.21384" lon="-3.04613"/>
            <trkpt lat="48.21354" lon="-3.04602"/>
            <trkpt lat="48.21321" lon="-3.04597"/>
            <trkpt lat="48.21324" lon="-3.04626"/>
            <trkpt lat="48.21323" lon="-3.04707"/>
            <trkpt lat="48.21322" lon="-3.04748"/>
            <trkpt lat="48.21322" lon="-3.04795"/>
            <trkpt lat="48.21322" lon="-3.04825"/>
            <trkpt lat="48.21324" lon="-3.04904"/>
            <trkpt lat="48.2133" lon="-3.0498"/>
            <trkpt lat="48.21333" lon="-3.05084"/>
            <trkpt lat="48.21329" lon="-3.05127"/>
            <trkpt lat="48.21327" lon="-3.05137"/>
            <trkpt lat="48.21322" lon="-3.05153"/>
            <trkpt lat="48.21315" lon="-3.05169"/>
            <trkpt lat="48.21292" lon="-3.0522"/>
            <trkpt lat="48.21289" lon="-3.05225"/>
            <trkpt lat="48.21285" lon="-3.05232"/>
            <trkpt lat="48.21277" lon="-3.05244"/>
            <trkpt lat="48.21272" lon="-3.05249"/>
            <trkpt lat="48.21263" lon="-3.05253"/>
            <trkpt lat="48.21259" lon="-3.05254"/>
            <trkpt lat="48.21254" lon="-3.05254"/>
            <trkpt lat="48.21237" lon="-3.05246"/>
            <trkpt lat="48.21236" lon="-3.05232"/>
            <trkpt lat="48.21229" lon="-3.05196"/>
            <trkpt lat="48.21224" lon="-3.05177"/>
            <trkpt lat="48.21215" lon="-3.05152"/>
            <trkpt lat="48.21203" lon="-3.05128"/>
            <trkpt lat="48.21195" lon="-3.05114"/>
            <trkpt lat="48.21185" lon="-3.05092"/>
            <trkpt lat="48.21173" lon="-3.05053"/>
            <trkpt lat="48.21167" lon="-3.05039"/>
            <trkpt lat="48.21157" lon="-3.05024"/>
        </trkseg>
    </trk>
</gpx>
